"","X1","X2","X3","X4","X5","X6","X7","X8","X9","X10","X11","X12","X13","X14","X15","X16","X17","X18","X19","X20","X21","X22","X23","X24","X25","X26","X27","X28","X29","X30","X31","X32","X33","X34","X35","X36","X37","X38","X39","X40","X41","X42","X43","X44","X45","X46","X47","X48","X49","X50","X51","X52","X53","X54","X55","X56","X57","X58","X59","X60","X61","X62","X63","X64","X65","X66","X67","X68","X69","X70","X71","X72","X73","X74","X75","X76","X77","X78","X79","X80","X81","X82","X83","X84","X85","X86","X87","X88","X89","X90","X91","X92","X93","X94","X95","X96","X97","X98","X99","X100"
"(Intercept)",-16.364605949204,-27.5398717907933,-10.6498767853925,-8.31682753159693,-5.40025054223298,15.7610599441879,-150.308511419123,-1.97005633348444,-12.0640454522758,-14.4939930221885,-5.69972801224118,-9.1580212537238,1.67508000251532,0.666665065717363,-5.06747151322134,-10.162061409136,5.0819087891166,-0.281891212325932,-14.8361762085078,-9.81345001883701,8.4417368445293,0.556487465728377,7.03631927113048,-37.0048430909142,-11.2933534717621,2.31115197796594,-16.5289879988001,-5.26350773789385,-8.39929265511243,1.10777271046002,-1.71430721388773,-16.0078813435464,-48.9699098017546,-26.1820670053726,-17.6502037437216,-2.68028806805345,13.2853831570778,-2.05666812714944,-5.42060531067106,-7.02091325107287,-8.9608073218556,-7.90572265104488,2.05409279557351,-0.692506197005791,-3.64236752688258,-0.915866543370376,-15.3619057320571,-11.5365570032755,-14.1259811987594,-27.8336911630247,-4.11180658045653,-19.1367186402457,-3.32891189378576,-28.2109757667276,-6.08877390154203,-6.72887196634133,-9.87223089628922,-13.2410908270782,-6.23015511868233,-27.6131898653372,-12.712242129419,-0.646482616980026,-20.2802279356454,45.5221369036077,-19.2770861942224,-5.87768095392479,-5.38824355081169,-11.3740720219801,0.544184607563952,-12.710187666471,-2.07826333128887,-2.28780855057296,-5.66621884526801,-4.15420465168558,6.80413067167671,-30.5982032496015,-0.761162651269015,-48.1354609580287,7.97985975468849,-9.10714851231154,-0.291836458343352,-9.64855387928177,-5.29561299576745,-2.22723919928474,1.66921010317572,-7.57040453504128,-3.67166332086395,-18.0045177706881,-3.2608937529048,-40.2139931574703,-22.7339312046632,-13.6602966843807,-15.215699568438,12.2859232447221,-4.54367587111556,-5.75489489341266,5.4212530233598,19.184956036004,-17.0231732312601,-7.1119403181102
"latgroupNS",12.2035005608123,15.1905171829557,4.63933768332523,2.21508193677068,2.19808786494184,-21.2172507860103,146.332849155401,-8.21454031606684,2.75161718110285,10.5901663741588,-1.01071322940289,1.00400760288028,-8.36487912438481,-6.78710292000953,-0.435293331084805,-2.6050744259418,-14.8126963720715,-5.16752092627799,8.00016051827555,0.687929591192104,-15.4059333835739,-7.85672464303435,-11.5269757408104,28.3356732845823,5.82147792999421,-13.3244587468827,7.06854803268655,-1.98811300890002,-0.545462993570773,-4.29220396661224,-6.90704765472908,3.57407401823887,34.6392002825137,11.2684837502033,9.17966134825752,-6.58015650845043,-20.5965486059718,-1.82192237171475,-2.2037712566293,-3.43572497105036,0.998286542600123,3.69267743153061,-7.79643729760673,-7.95010143843931,-2.78653808783506,-8.03186555017058,10.1705303799153,5.66550742130275,8.52493199500735,22.4567926517733,-2.49341186575882,6.85935051769035,-1.8521150226801,22.8875850446486,-2.93997256970802,-6.6812592413537,0.724790260033358,4.35433089753436,-0.648244402917591,20.7609581996951,4.12949016352897,-3.75729710641683,17.0659014449365,-62.5079516393912,12.1100058158597,-1.23504709105574,2.47002336751385,-0.812810960888693,-9.18390307471788,4.82248388466137,-3.23440425148744,-11.1299408812077,3.06000623836975,-1.23380765520847,-12.1178027881034,24.3590624708564,-5.10838235064112,37.483912378796,-18.3302523009498,3.60610235517859,-10.158524929054,-2.80992401434127,0.47456417297679,-4.18486604158547,-4.96266346425586,3.62712628819456,-6.97237470880321,11.4022224880012,-1.7877064981746,28.0289632366748,12.5559732560903,6.89821130578644,3.75689586389381,-17.0454974598168,-7.63732622275605,-4.07329458459499,-18.0907041532077,-31.4879911010399,9.24130859796646,-5.30550540171111
"s(meantemp.s):latgroupNN.1",-8.04818083656981,1.32272009225588,-3.39809836932461,-19.5225518442949,17.5022030649798,149.098145420714,4.64150577789605,9.04478301417666,17.6363260824994,152.037591211369,5.82088361228078,7.02997686073326,14.579170058724,9.56244400245563,-2.76154978811572,10.2934281170216,92.7332704896076,54.8656065087239,26.2532062997564,48.0655839656042,1.70428731750546,21.6057004920755,-1.38712653472237,36.3892120011925,8.91452017463469e-06,-2.09677456203172e-05,216.335958252131,-3.69535315926228,0.0331378502165887,11.435756102842,-1.6352738812268,18.4206359011048,-40.8433878099778,398.417058375296,-5.96160428953343,19.4057736091967,234.390835658654,-1.37728501796931,-1.45726377767903,4.71478207591204,4.84713225065078,-1.10436160617782,24.3643648796336,61.4346234504733,28.6771516272105,23.3877637357032,62.7975987728949,4.5070577485064,20.4609043563467,32.5231796018489,180.335215207674,54.5694449628353,-0.773154087457254,-4.94613418162176,27.3522140804682,68.9267754303308,1.34884615346559,-4.87145416165984,0.0381252298749871,0,0,63.5627137199051,35.3815650003996,1247.85933671971,-2.80487612413812,66.8959441304646,21.3259296254634,-3.84272519721166,57.4517473966947,47.4462173051121,72.4996054050003,112.500787780486,-13.9265079378282,3.31112795388157,76.8518868258814,14.643545835782,6.32273673078256,478.253162074586,45.251922362404,19.3108534173089,9.6229065865302,1.00114750491364,10.3667858050514,4.46047721185906,51.9200979411447,-4.37078281694471,16.2672393775917,3.51772996354441,15.3606281431117,6.20087351483444,44.623538158662,1.8053951397341,76.9754834840676,2.05567389719141,96.4845420613663,27.2308487988292,145.46976267231,54.1022344734551,23.2258022031835,-3.50077691052883
"s(meantemp.s):latgroupNN.2",-3.18502051225722,-0.513143104637311,-3.15303176382266,-16.5009431434112,8.2658703644587,105.547228266052,-12.3539268504049,10.6688600987109,14.4715477452998,94.8156230661549,4.76568819927547,9.21477757536413,13.31257671186,9.78991402076237,-3.01531131209313,6.05287895867735,60.4086445913916,36.121052899066,16.3816119586899,34.8672321315682,3.66581431787499,17.429769704777,2.65376998554647,35.5193155937681,7.74221238042863e-06,-4.55885046468318e-05,162.753132359394,-1.79735872351529,0.0242828341549326,8.6696203514659,2.36898560302666,10.8866242035644,-30.4580785791725,280.672838896465,-4.14174321481368,11.7722270483328,145.156618848182,1.85884735994795,-1.53779939250674,3.05191374868135,7.19901615855833,0.925643280339446,18.7687313869788,41.0719162267927,22.1406286756118,20.1473693659633,44.6030634534754,3.61381353595916,15.4656933370671,17.3003635989597,132.33863480545,36.8284807898771,-0.54178279418214,-2.92210169196341,13.3461047718345,38.5556401614218,0.995045405855195,-4.04645305350592,0.44469827834658,0,0,47.8272246298008,23.6765285512191,870.456024705288,0.296066714290684,56.9301396196382,14.617798483747,0.851413968902959,37.0460420225901,37.8462561405393,61.0298704357598,82.455077274095,-9.74245918091313,3.46541576900115,55.1064686170744,12.5273651068949,5.09715743480854,371.01857038362,27.154175924479,14.6428614903557,5.85696723728335,-2.44272499926812,13.2107876873255,3.36750184326027,31.0954195757043,-2.91488194535728,12.9243045921293,3.33942044292634,10.0226359785653,6.89615370506638,35.1551889423892,0.79358064026313,40.297737368484,11.825953851143,60.8499358659174,22.1004991469136,116.666688955644,39.9657227193334,20.6262380739019,-0.351260811294591
"s(meantemp.s):latgroupNN.3",-7.49077833858151,-3.79461954257134,-3.46323872483782,29.5667016486715,5.48640311125756,61.7554999073932,-51.6096268143031,-10.3584941816807,-0.657380694013138,40.2655126220939,-9.67788174671418,-28.5213170284599,-25.3275541262275,2.90107475912422,7.88811510071514,21.4395279418672,12.6610232332078,22.54139431646,-20.3826382711142,23.839300310472,-16.2794440549076,5.32720174982947,1.64140076450167,-16.9392996664892,1.31276362039009e-05,-0.000117642982616435,-110.763339728993,-11.8555629492186,0.00124761536006928,-2.27309357414343,-37.0083783872256,-16.1906383051552,31.1107886124263,71.4797897804242,-1.73145532908227,-7.11442981164605,88.6315390896277,-13.5381212756655,22.8108860529096,2.51527520784291,-5.24192285780837,-4.11035430572374,5.2927528287802,3.44917305272165,4.92490745037178,-2.21675263628082,-27.0048320173293,-5.30144912311878,14.1870787105247,19.8200801851698,16.1128910022326,45.7035866081612,-27.3513985530104,0.654692108758582,22.4296382134822,-18.3827198287364,-13.1213130683591,4.63536947566684,-2.09476938590505,0,0,21.9687697862356,-1.73558135666966,508.181351733031,-13.7845192617653,16.2253544179274,5.63585193211722,-38.7706651528955,39.2838882924324,5.12757565182008,7.0528513850997,35.9710440788117,21.4851861530407,53.1356359690161,9.26201145934203,-13.220311140628,-4.59558751243787,235.137017077903,19.6423061735563,-3.74935072891141,-12.3135777704351,128.256151027254,-62.8022519605334,0.83329866954951,19.825165865711,0.582754011961289,7.89368993241781,4.24668542557438,19.670025355496,6.0282471690229,98.5121568262019,-2.81631256694919,59.5592117985326,-31.88309881458,3.87178086069895,-7.83391529342004,4.83297828147424,26.6590972378964,12.1417852045795,-20.5610577811985
"s(meantemp.s):latgroupNS.1",3.01477473702605,5.95996769970972,-3.69469849789905,0.597989229401723,-1.26786944730193,16.6986281033429,-10.2150992579019,-20.4745075655113,23.6106700231168,5.94695487145784,-4.97946770917943,-4.0187017643436,-11.2575261032759,-3.84966177308687,3.86567484699641,41.74530956621,-13.0498151564447,2.71413799011228,-24.719535401892,3.29789697066529,14.8053798955111,16.9423330573593,-2.36140383341395,14.6990140190184,9.83131601302355,-8.54003869801116,21.972060256659,5.77856923265379,3.32132982283161,11.4130603160733,33.4443963963725,19.0234359669452,-13.2280982224564,7.18149146712695,10.3563001577004,1.67600817077216,0.452054109251098,2.58893374833737,-7.71183344743932,42.2636790772015,6.89211509133,12.5087667323927,17.3066328049284,-15.2538484436934,2.15028265364305,20.5925388336328,-7.70555439882071,-5.94486604852082,8.25397628844489,-7.73450657554968,-17.2582214121794,6.40986201696605,0.341012111923616,8.30168599797768,-0.871573805943892,-22.9532242277893,1.19524558063076,11.5644586273587,4.46832672359101,-14.9537939959582,-11.652080061746,-1.87855066299123,-7.61579358968932,11.685323373261,0.383087046236547,6.1366349500123,-0.286479756401622,-10.3949248582562,-4.50797853155118,2.28252030761426,14.1101075460393,5.98624769575361,0.549913180425889,5.8500836216413,-7.91465149237329,-14.6330258192351,6.4810650243408,-2.89333230971803,-0.869129657381617,3.53653648366239,-9.91319651795602,5.79244338578545,-3.88013470118905,11.7921829347524,1.49470005836842,-8.21724942435307,15.3372898121637,-10.7532629152732,4.17148042052411,24.215927975983,-1.14227416367089,-11.6453120871206,9.46900153663385,-1.23046152948518,6.28455878503375,-5.09271478695441,-9.01706110675409,30.1031775837558,-9.58333121421089,-9.63204736660344
"s(meantemp.s):latgroupNS.2",1.44747902803872,3.73034756580638,-2.61125131645593,0.4229507977709,-0.982075680195386,11.5351193995394,-5.2435722077585,-12.583435877936,19.7566892912294,3.78159907219421,-3.3564392792917,-2.05146160997969,-6.63119215078288,-2.38445477498422,2.28443974162021,29.4537032063603,-7.3931924387206,2.81112416099431,-14.8239129283667,1.94273601396407,9.48780848376751,13.7241746303953,-1.9579096635515,11.201543293458,5.26846388408002,-5.67898991841511,15.4183529804756,4.39282395054532,2.10577090542965,6.99827934034072,17.9862801871987,9.91225548735847,-10.2610311101127,4.04037626757846,7.07827181755742,1.29998042765854,0.471040480090703,1.95413996639728,-5.95319436683978,25.9400474967688,5.28009123942196,9.76639449260717,11.1604532455861,-8.88879037409728,2.19716862249531,15.9123784325167,-3.66546391531447,-2.85489907230073,5.31200692441983,-4.12600348447615,-9.66418657799622,6.86346139848802,0.760283297137817,4.6468150227999,0.743540301872417,-11.3236394512624,1.33366679452823,8.7179387425549,3.10392436515001,-8.97028622252537,-7.01737662894703,-1.68393443466193,-5.17202968323923,8.00842460391653,0.805055605255872,4.50291547258338,0.0110605226109446,-7.1863879942912,-2.61215343519625,1.63614570085965,10.2373636644406,6.05991707353616,0.808777878095215,3.94165680873561,-5.15678659297499,-8.9667764825165,3.59363218398143,-1.54232709534728,-0.10254460958174,3.61929476058316,-6.5908777926626,3.24176877513414,-2.51979583822314,6.27507360889082,0.794647147344845,-5.61914133816602,11.7750767256121,-6.48045342830573,3.49549463399371,18.6730442764731,-1.23485693944709,-7.20431854121411,5.61698407375868,-1.36364639741141,2.79408258832835,-2.5917635818832,-6.5764028897484,18.8406880997058,-5.4481758585762,-7.26604370501036
"s(meantemp.s):latgroupNS.3",3.29994770936059,-8.67185910497809,-4.32176681995019,-7.87727485017807,-1.43208162562718,9.89774153961868,-9.7315551970418,-5.1013208953272,-3.20075629104564,-6.65741888661821,1.19928353357956,-3.75487532965402,-1.79387641753774,4.7449628861054,1.30872957370788,-7.44226458011273,-4.77541275038047,-12.235142191353,-10.5448914527554,6.16244750969648,6.35100500593014,-1.15220566920247,-5.20236649437095,0.0742587876442506,-1.7202181572336,-3.84618768245578,7.44426705772547,-0.357419121454622,-0.129865846499015,8.35934385002224,1.37788800480462,2.53388225788126,2.1026324734939,7.30536649470816,0.161912643421946,-12.0555210245276,0.905417977987263,5.42683319495622,4.86993277257473,0.609672305741128,-3.3079667814875,6.75261893114831,1.97812377625293,-6.27097761993623,1.76700787238625,-2.14582390247807,-6.13722583639638,-3.77233640425047,4.96325169648792,-4.47083809183558,-5.05291621803092,-2.40020870342263,-5.82971231585865,-5.21056610921458,0.755392295996463,-6.62657010922138,-7.11474994967778,11.0826261815096,-1.48164121846151,-11.0067514130944,-21.0019553253918,0.618373205735998,-2.59071888763506,-4.12580219968257,-0.923061726513474,1.37004619715446,-2.38257543455946,-19.5687370438889,-1.170025000797,-2.94605230777201,3.31936969358588,6.78104443763764,3.25522586873243,3.74014094254946,-1.38170548744599,-4.85842752057502,-2.05464923528302,-7.86792866745112,-1.00623272442943,-21.8796708961237,-3.00078206200121,-2.48737445387975,2.13260121988473,0.18608951352222,-0.161855506339346,2.25002443506528,2.63679706590516,-4.80632872648784,-3.97554641920624,1.90450553274825,-4.40327478571083,-8.87946700111011,-5.03209538062158,-2.59834216808267,-7.55030904344908,-5.67889207709658,2.0170874054464,21.9054368363987,-20.0638602714926,2.31181113069284
"s(ordinal.s):latgroupNN.1",6.76891699663163,15.7507117080484,10.7061093028218,20.2393035417693,7.76356625128739,2.61682225402699,90.130961912741,11.0795310785033,5.57511173571111,3.92056219351949,2.51558853286421,7.40693443525847,3.59990149216833,-0.189547713540535,7.52803680726031,2.64127263509299,-11.3253402565584,4.92822718752767,28.2683727888884,10.123364019494,-1.88390215994829,-0.441461905893586,-8.72483899695019,19.5180229330229,11.9363847392951,2.77297058294813,12.4602441771901,4.25593798053844,6.14018449924152,1.12151130043671,-2.15030215550216,1.82263740883044,27.6331610215215,-27.7925562611542,5.63699914704512,4.1720541559149,-7.53046021957584,0.331255108918806,2.00510367427816,0.81978897023003,2.01733185436715,3.6728925473245,10.3960629148348,3.64947297547342,-3.34557463511638,2.38005962097362,2.76364010324512,-1.62921661581699,5.45902884859409,15.3663825682951,-5.08304032630147,2.21004697993602,5.82247150179174,6.01258344504091,5.98741860135268,1.18779343825777,4.83790333268746,7.15367585087604,0.686683115468214,6.42005712762094,9.73194125538428,-6.06890050213915,9.4443825375878,-37.26780768233,1.01254805362134,-0.264311481368246,-0.0446398120669553,2.32978487380909,2.30368083444157,-3.86864935880863,-0.90761520827181,20.4382850497687,18.9605206668928,0.577885380933331,-3.68334725192681,12.1639824556742,2.12348516321504,-1.9648195172723,-3.50614347011214,-0.0532288907195519,25.8029213652453,9.82782461548179,0.821473359132416,2.57019832984047,3.6240730252211,8.58257673003709,1.66593640279197,8.60606099484386,4.38915179483005,13.3642205544142,11.004398692565,2.7058946389539,6.59243151752008,8.72433066389638,-2.39692490570508,0.116250598564857,-7.16761309777245,-4.56759424187513,-3.17691315792786,-0.752964657388294
"s(ordinal.s):latgroupNN.2",4.28224056192427,9.19462700186195,4.0794035805107,5.6393418541378,2.81455770275029,27.6180106853644,-64.1399661312094,7.38870765018719,0.867120301642667,4.89577284021762,-0.283460375514393,9.9635198961915,6.1106879940448,-0.582350403139814,2.19848213853215,-1.47781229723779,13.5241251687278,3.16682665531938,13.4740967735834,4.46291601087839,0.703114614106306,6.33066457759833,5.77145053734756,1.24673147986543,2.21426753840011,-1.58353893772669,17.0399119169028,2.61220512496076,0.954786565530156,3.30528604330894,3.05177606487321,2.04280646928572,-3.36698528696369,13.1293288394522,2.20895070353771,2.14771118761609,10.906414512622,2.25520216693691,2.87664434895294,1.29514127513003,5.9099819050936,-2.05440187921995,15.3156996133901,4.65903580184072,2.62345488745534,4.61202268542549,4.52018999113218,0.299043795325749,2.6667240906243,-26.0262913598425,25.9598547815909,0.361477928879472,-0.0662508663692467,1.23424431267903,0.825151857787223,7.86466751341659,-2.90566836514281,2.16634246884972,1.78253790362963,-0.934162969384396,5.63919280268734,11.2241609372612,-5.04570660362596,36.2041768536162,4.20343992797698,2.94199075898761,1.99719681340713,2.99087653857704,1.40480445601631,5.51229979885996,3.14620775532729,23.7030317651509,-0.725676745359064,0.6979080019008,5.81461598794417,-8.59344679726686,4.11587955410564,-4.0437057476244,5.22893014017559,2.82319275983135,12.9258668147711,2.6561319942906,2.26926656782643,4.06573209147395,1.31117369103098,1.98074781131151,3.81284791827313,-4.3259386308466,2.10225210289802,-27.3220676871561,2.31066122475928,-1.42684415792104,-4.9291404194923,6.98010185726147,4.78485606906457,4.83421176446802,32.4805416777126,9.73941576131557,-5.89122350591539,-0.54807257777152
"s(ordinal.s):latgroupNN.3",4.70653807506708,-133.391268663896,49.1935950818746,60.4719777823413,-7.65081259832948,249.335653322085,-970.548801952772,60.6718904681672,-5.37275572036785,77.5926792077717,-26.5303000141572,14.6567613329636,95.1725538002778,-0.987359205071882,-1.33216375010563,-4.1054596423995,131.713819415744,29.9863160952152,137.04839790588,11.4805237901521,36.4707356957753,50.3588027689987,130.801108936392,-29.6976754772596,-61.6324740326746,-6.37414512883753,19.3938611698196,1.49382724558393,-33.0229445336278,8.10974882921999,31.2120955317549,2.18576202233558,-129.000393239534,207.550534367094,0.279417473889038,13.6631685845406,105.886131149881,4.49282780839319,3.06959020005945,1.93614439578144,36.7537726840832,-43.8315401085214,125.768718348565,70.2654459294015,36.8272670016241,9.27370519064767,5.72298303388196,-1.8040230192901,0.946917834297942,-160.976099182619,178.216021851599,-1.6253980573121,13.2912064073638,16.3108995374972,-16.6645223652585,101.877695861267,-49.977770625695,-28.356115143369,3.25942438506806,0.255869499712369,-1.25258473582345,68.9752286666358,-100.325272551198,937.146241587742,53.4504752932483,19.9752386924186,3.19290802075696,3.27970402070355,51.3919746645181,15.5826708158196,32.6871968327226,141.961641884156,3.68129242787282,1.08671878176817,82.3437920024811,-188.390222033348,24.1900765405947,-6.57985964365271,167.836387734173,5.50574123051774,8.69749147919778,-2.63558324554002,3.22974514047589,-8.76729610976496,50.1550142027332,-11.9404898621975,57.8937820818137,-17.0498672318043,15.3021178368763,-243.038065853674,56.0984372176554,-11.1885756928281,-16.1518432744192,261.574586903258,129.452817215959,13.7213307763115,302.810087830092,233.835323298954,-7.80235420421972,19.3760998925923
"s(ordinal.s):latgroupNS.1",0.465253660966224,4.60948263171126,0.849631718066079,2.68083828364581,-0.366633705784735,-0.887072678511095,-1.33977512295037,-1.38408217445777,-2.52996780303036,-0.347552001512073,0.901974250205936,0.31754659315945,-1.36461935407103,-0.44688582173124,-0.444178796501028,2.07805442381443,1.44069743471724,1.21610050318834,2.7201386153589,1.42410545021579,1.30884472891928,-2.12875004567257,-0.0141707762227407,3.09283366458843,1.26223690216628,-2.77853822493902,0.739109302867814,-0.902376401027141,0.14415324684194,-0.578975586402805,-0.868178800035558,1.84620842077608,0.516390010030687,-0.0629665257459511,-1.92502711060721,-2.38081462614149,-0.000359750070373124,-2.0661921414756,0.551792615409711,0.530719465764368,2.29331381614244,-1.13899949534807,-5.69156269140835,-0.50808111740851,2.53659605080353,2.47029949306639,2.91434718392278,1.66825117782646,-0.537990816564641,-0.995058784136123,-1.05141377263696,-2.05992250437476,0.63183103217608,2.85372445298389,2.19255509998904,0.771003819706865,-0.57986404696455,-2.31037762544219,-0.663944529819719,-2.67887190400816,-2.05608061549187,-1.49584149108793,-1.23479396795939,-1.76094478133286,-1.15840703367435,2.29914306786709,0.720507680386066,1.05934168220884,1.49576865952371,-0.0208131679852726,0.85885816866805,-0.946070325271603,0.0568530024281207,-1.76569566612791,1.15046480454552,3.02154698424308,-0.207591531933677,-1.3524627035523,0.276485973298435,0,1.42620911942728,1.07991834551509,0.00694519131959798,0.228295856169273,-0.962767991044964,-1.11328386577748,-0.452876500586622,0.382004722170896,-0.0269985927724808,-1.25972234226367,-0.48516079658456,1.14526823309475,2.29681852881388,-0.359045537647461,2.92831817663647,-1.51107793708946,3.81084053096678,2.64815585588899,-0.049994713825994,1.22371701274371
"s(ordinal.s):latgroupNS.2",-1.05475917991817,-0.582771283457459,-1.35350450187951,-1.3648965998855,-0.911454012218929,-2.5588415031617,0.0722162513041419,0.303378113962951,-1.25427211600002,-0.989252892114131,0.382954992779978,-0.918703193600847,-1.76975992211509,-0.311704805516377,-2.04401948278277,1.39045486739269,-1.95661098094129,-0.891408307758463,-1.08915841608117,-1.35588409670032,-2.55696814812433,-0.301861591836416,-0.544598750505109,0.196201252618381,-0.413462258405796,-0.962118970712145,-0.681207254873004,-0.11605086812839,-5.39259849127172e-05,-0.78956466632128,0.898430458043577,0.906554912955497,-0.247904398137955,-0.458763871616231,-2.33279164323482,-0.0785229445668192,-0.000677397328999844,0.286837918012394,-0.984209969940723,-1.51438793687032,-1.70874557920773,-1.53653118941316,-0.396102019543837,-0.116719288758435,-1.50281754972648,-1.20672451061574,0.103528068015112,-0.282290721728512,-1.17988264847928,-0.34097708588245,-0.537380982397573,-2.68462080842118,-0.495688028315679,-0.351763670106094,-2.24326549917363,-2.37469632947509,-1.58448407308345,-2.4299443665329,-0.742819374298105,0.496770560850535,-2.68941506958923,-0.614461905538338,1.02789822442164,-2.38107585574268,-0.446995863180207,-0.760447715146624,-0.709873719286268,0.675509642432699,-2.19699180511265,-0.478600033423768,-2.70789964157776,-1.16338053603793,-0.264420196834831,-1.16866099036925,-0.534418922917179,-0.178527130647507,-1.45257922242439,-0.75440413115966,-0.77397804151976,0,-0.235165238002199,1.14639321193697,-1.22594609599544,-2.19368451024038,-0.701491785654868,-1.70099175217238,-1.01252382895564,-1.12502468046757,-0.200175023096534,-1.50603158539732,-1.76578188919735,-0.226782094964636,1.56096806223587,-0.0903125971348865,-0.795718416414525,0.573762580229196,1.00385033206636,-3.67610911946648,-0.0196758647829641,-0.655905834099713
"s(ordinal.s):latgroupNS.3",-1.97719358824484,4.31426729176582,1.63707853085821,4.91853132820789,2.76960647820547,-0.0235231775242104,-0.267609025273296,-1.77419312902926,2.45740486547524,0.939761449859252,-1.41700565023358,1.47728350067516,0.0570699186408694,-2.72894336871585,0.480880323081869,-7.44172694930775,3.75801945764619,3.84066634903421,4.08333289080715,1.67943758571114,1.27519142598117,-0.140718694854408,1.19214489004885,3.63341126811654,2.16827653039639,-0.821899373440122,-0.912549644818666,0.825605197423592,1.24364288704651,-3.61593247652035,-1.44295892520839,4.11715948202038,-3.34726703597635,0.930134839102348,1.62072583532734,1.11798984422536,-0.0010068101664713,-2.48228293048823,-0.919279385858792,6.10978088265715,5.46519637680767,-1.30070141683042,-1.14634118590746,-0.793468330723484,-3.74058882598818,2.99455879669193,3.08298226528718,-0.344723396852403,1.02998664216775,-3.28932637281933,-3.64783787505343,1.62761728347107,0.323353796050257,2.98771989961929,0.16644890964537,0.768575847807971,3.95459997452538,-4.43533535975424,0.842877242099115,-5.062150440337,0.455938585657191,-0.0945025824635972,-0.991472479304338,3.88564806835284,-0.486701176337414,-1.03072720910282,0.328612758247965,0.0349787470266851,-2.99869658116126,0.925691607600897,-1.19530287764299,-9.50668406254656,0.327962867247265,-0.0920117936173992,-2.00536397852947,2.63814248636587,2.24060174761563,1.2144919279735,0.265164423716052,0,2.17642365922922,3.10811355359479,2.37141061607449,2.02513176528401,-0.359618988561197,-1.14147743648936,-1.14851868508771,-0.0575953127885611,-0.476054395024492,4.00945774285821,2.02904279821773,-0.138185085956785,1.24856303952361,1.34900152105828,5.55773725974409,-4.63888707897793,2.33276209670076,-9.28784041814661,0.944584456230482,-0.902288438688809
"s(TSSS.s):latgroupNN.1",3.53962220171349,-2.00370581618048,3.15590791834244,1.24979511667817,0.248518499437343,0.205333586168201,-2.91514249845295,-2.88041210675251,-3.00148160126581,2.77908026915662,-1.50947830692712,-1.46264516771916,-0.892615274206324,-5.43758303473733,1.00816205593638,0.68471817712047,-1.34140740405306,-1.97981807648067,4.54596570255759,-0.847472112831692,-4.67979716481732,-1.68057353393755,1.44799736692289,3.15627645011796,2.35481488459414,-6.78277378092741,-7.33804562181854,-1.06169293616641,-2.26906290803026,-2.68363443384985,-1.16516203901086,1.58599436712012,-7.63077861551708,4.79931388041696,3.2701542577634,-1.72273653628349,-8.98476707410911,-0.0380502476742723,-4.50527780910339,-2.16351565096158,0.567504000404381,-1.32144725251886,1.11529704500724,-0.444515530992971,0.446967752729015,-2.17486696314329,2.56773465353789,1.75307487481817,3.3856264957116,-1.14367824981216,-0.996635196406768,2.61137039843655,-0.109838331606594,7.21654237552776,0.107971910351789,-9.07112308505672,-1.41604092466196,0.515876395059214,0.608738279327617,5.44601702498965,-1.06115976167766,-0.615573379985319,-2.14388340470701,-4.61267057767103,10.5345696464715,-0.0485225293515882,-0.456822351901012,-3.17460381975081,-4.28842398072934,2.26456999404612,1.39729011800052,-0.810940968536443,-1.85517811427764,0.420641168417029,-5.00558299639095,-1.46791955016949,-0.195673512486268,3.66249761589819,-2.39739854358884,0.442845002340251,-12.2713325917059,-5.82457751319725,-0.721708062278243,-1.53663581657018,-2.88450224154517,-0.774827048876038,-1.10187633269068,0.256876872852889,-0.339354090912841,-0.589027055999344,6.83914573062879,0.0622515491504139,2.13019056749452,-1.40280381924164,0.424104007403118,-2.4162860915433,-3.49945769336799,-0.755666570051346,0.411206863489606,-1.1022652327727
"s(TSSS.s):latgroupNN.2",-18.8086358428349,0.512054899857922,-16.6697641933421,-8.60204467834689,1.62132340395492,-2.44655665148231,6.26788571740893,0.221771187857223,-3.08301352684349,-16.7348544913221,-1.20721952885301,-1.59018933914765,-8.019219360503,-2.21373296361765,-0.351388775867102,-5.7838984264804,-1.35712456383525,1.23751011491826,-19.2451595045702,2.34243013688912,3.82083373736632,-1.16664054739951,-8.69836652272436,-24.9095560831607,0.678893821516159,6.20570344280755,0.996669257707026,-1.44433990010866,2.06126004692515,3.21155008099402,-1.57263436391367,-17.6355630769264,-10.3895425907384,-18.1897882245476,-14.468789658011,1.87772097798006,-3.90826081901423,-0.0853667869163571,-0.987212166541099,-0.557029508160766,-7.15072839454168,-2.1252289665164,-8.98287125543444,-1.17635150209714,-7.59971385390971,-1.0196575750008,-9.45236622422259,-11.5468859215954,-18.3804594451559,1.57188517522643,-15.643364696237,-11.6414225155842,1.29758039221484,-41.4083228553971,0.185041507280376,4.84856357115304,-0.025470698821071,-8.28166939055252,-3.56228415237794,-40.8560959197588,-7.62935309248463,-5.66809461127436,-6.34285228940987,2.77525394444542,-28.6012006135473,-4.77670148237148,-1.03423451624683,-2.1652328060387,-0.0480901088791761,-10.1614550075597,-3.20205235091932,1.71206517816928,-1.82983775679519,-1.34883522314673,2.61288178920674,-0.860713952469452,-1.79208310996686,-9.33609787947425,-0.850467049862711,-7.69742927589111,-9.8901315025801,5.73851957185741,0.013104609185012,-0.810817947217599,0.722661512677249,-8.46534670085987,-1.92983424846804,-12.0475754001476,-3.44613808535981,-0.881747199926037,-28.4738032125361,-7.12978935030769,1.16071775852226,-4.84889668079308,-5.30630139626565,-0.392601117463645,2.39265665411813,-3.21808502147004,-9.76396469725387,-1.11641810289704
"s(TSSS.s):latgroupNN.3",-42.4053173100007,39.4771424693612,-36.1689464667467,-20.2395363804723,2.81530772612756,14.7175573176623,65.6739654797475,21.9974975454243,-3.04839297755503,-47.4119338068425,22.4365299463826,-0.148399008673049,-14.8725180135532,138.865763992275,7.19940081162461,-15.0561091490566,16.4168247805723,38.1387976704958,-48.9284848809349,9.90868205458774,139.081445542409,12.0893128191451,-23.7647033720036,-53.3652609101319,26.2831434032254,213.174111346977,115.980867271859,-1.44413020506921,56.9988323867231,63.423059533746,10.9121203782645,-38.54985264473,-10.8616427305742,-43.0308643454983,-35.3126837491989,-6.7618522576283,288.556321688219,-0.120133609945741,18.9757895445343,-4.43465132793807,-16.7898416777441,10.7066172055687,-18.0599916175524,-1.70868843064044,-13.6367491839153,60.0149969273579,-23.5071002879948,-24.6981553265875,-38.4241760440912,1.83961134769945,-32.1353435117688,-28.7050289358624,3.18956377016117,-96.8727657150514,0.238493625390668,-45.6242818418489,0.3928495322951,-17.4546174681791,-9.20992829059388,-89.1524650353712,-14.3854927119541,-9.62356351826672,-9.88564476323735,11.8093214035134,-82.9893688919773,2.43851340438151,-1.32502421654543,7.452542807481,52.4472103430572,-24.4107529869071,48.2055713193568,-27.7271804785019,37.8349359910587,40.707784015329,100.968212847993,1.74973402302501,-2.1867602674616,-27.6542343064698,45.0811835463968,-16.7323433089669,250.721179340814,153.421535769354,15.482991812187,20.1437337347306,28.4362776712019,47.7292955251508,8.22600120285332,-25.4508148809184,15.3124028386593,24.1184161895965,-78.2929585570819,-13.8645162230824,35.7245581025047,-7.88556501475933,-12.5234883502731,2.89347106257015,-11.7730791804276,17.8834933744299,-21.9056557169677,17.1584181642308
"s(TSSS.s):latgroupNS.1",-3.03305301461749,-4.60112789518931,-3.38097948131879,-1.87366168906037,-1.36496688778706,-1.79552469760256,-1.26537889858842,-6.03676074958174,-3.87073183142401,-2.1755570902773,-6.88109987154163,-3.17130115779877,-2.1575711922081,-3.9658529116685,-1.80570883807239,-3.0053673956988,-2.22655456290659,-4.16564581765626,-2.00828184621866,-0.360640060198648,-3.78616939189504,-9.29386306243245,-3.80322320103314,-1.10540387081889,-3.37415586197656,-3.56524140560274,-2.02967181132603,-3.05386691273685,-3.0083629894605,-2.93391270161612,-7.34110030390447,-7.21779652493235,-5.23514742045194,-6.81412702760979,-2.92999740972687,-4.30515372676996,-2.86070970374046,-3.49408638430194,-3.02669091923658,-1.65717969046373,-3.08148192674378,-1.11002002046899,-2.53505034463297,-4.11426356999054,-2.1263280442336,-2.37274912934104,-2.92328279499903,-1.89187669636763,-4.01381172761193,-2.66760616783856,-4.6389375371533,-3.99057275583506,-1.96827283317322,-5.55234816320976,-5.58224549167541,-3.58317182054046,-4.97545114101458,-2.09285906953466,-2.77328454349398,-4.87224139838501,-4.17408876384759,-3.21653416893956,-1.3484732459012,-2.31629708382223,-1.64098763809617,-2.49640568925907,-3.00029156518949,-4.6384483861293,-0.624496223947217,-1.39206826710232,-1.48794132282661,-8.64396074308905,-2.29117323321086,-2.67911741496481,-2.00825041055603,-4.08228162228713,-2.66657248199111,-3.19440579139969,-2.15279344085202,-4.12346054322754,-3.41199005763084,-2.45138825413994,-2.95911516134906,-4.8370526573641,-2.90338005190155,-1.93533494640683,-2.16730503736975,-3.52780957610749,-4.16625296875092,-3.27484943144579,-0.911738345666093,-2.65809854221072,-7.64976547784204,-1.92376487381351,-4.76880928938621,-5.24846100372064,-4.74385713282187,0.175389881469296,-1.12221835543416,-1.74806232746163
"s(TSSS.s):latgroupNS.2",-0.565130315785971,0.949329548817617,1.04136527433392,-0.346308236136835,1.02134026285123,0.348409697109273,1.05284720496657,4.41598664324359,1.30453300857766,1.68954054966519,2.50765572395602,2.01710258758802,-0.813911737065751,1.39630758586815,0.757535323655782,1.59294814918435,1.27724026585505,0.670121609445993,0.96222542158247,1.00573692213802,2.45861772407558,1.27510811147215,1.01421872774091,0.965022666884786,1.55385792329965,1.4406315379859,-0.727326030046673,0.568416893910014,0.422677051683672,1.47643471444873,1.02607420415834,5.56070269128693,1.47502179331579,3.53110644085043,0.718280544880328,1.4511917723125,0.962265882635495,1.145511575283,2.28044109760299,0.859055018193433,1.14367913545895,1.93996208397246,0.38110480619095,2.49007923272152,0.537812177589837,0.388710831694257,1.68238400843424,1.56283931052751,1.67668706778533,0.191593739590367,1.17315102334193,0.702198230287189,1.67037355539509,-0.133654552280501,2.05066823893899,-0.023662470387773,-0.0433814147269156,0.857737807587654,-0.102501547388305,1.89867542048188,0.684612790138444,1.03744731840897,0.714473112256779,2.59215288949515,-0.13967036027254,1.92012731813728,0.248630682995277,1.37986227507818,-0.476676624891126,-0.364575788443255,2.01905461947906,0.136246936070348,1.22368859412365,1.69982007661134,0.429514398520291,2.65470690153547,1.28670556946224,0.897426333402381,1.6547474045756,-0.120268759652709,1.92152903281685,1.51604943153951,1.007064724652,1.10412673659894,0.555240413722502,1.533286795042,1.16814615434491,0.191768966044964,1.89163611176771,2.04655352374317,0.87328584143863,-0.024663351372864,2.24177468556724,-0.0306242272003734,1.28174674615513,2.53118267887847,0.379442969001006,1.03366351193877,0.330134152654628,0.432966967309861
"s(TSSS.s):latgroupNS.3",-5.13348727301652,-7.81143254290806,-15.2043343734657,-3.83724819401011,-5.8131995852169,-8.85185490182796,-3.48783769518039,-23.9833471765045,-6.07975480982514,-10.2095765388918,-18.8295013517624,-28.214210364826,3.50046916913675,-4.45831782064149,-6.51216745055101,-15.572484635904,-9.2532898967869,-4.72270698142648,-4.76533012457689,-5.33980838480186,-10.1989117619966,1.70652683431143,-3.02267638259925,1.09675819171009,-11.8855090535737,-5.98074716438935,-4.37206413654311,-18.971453503571,-2.62280222944561,-5.8938461840287,-12.4870581698059,-29.9228333849779,-9.88713949587398,-26.4446042329646,-8.9647578564605,-8.74516723395604,-11.1531968654246,-5.80858798545784,-13.314849520272,-11.4015006464069,-12.5866839204082,-5.72104596626609,-8.13823255399863,-15.3047319502606,-13.5879710391172,-11.677568946033,-7.93833769252828,-12.5149122173585,-16.6313915653336,-4.91630536002993,-13.5524575863513,-7.12151811126079,-9.14301160626983,-1.50657474443199,-13.4283540271459,-18.9551773046419,-7.88232333582434,-19.4558712176274,-1.30487236243443,-13.3948905577032,-14.6477420307093,-7.22508738234099,-5.81066703613272,-9.60862317612271,-2.27765372855126,-17.1085156642969,-3.38678806071621,-13.4724661238302,-6.32222479026598,0.904748225287755,-8.86662584610229,-17.5326393160079,-4.15811114733302,-8.10566716932828,-13.8864769124067,-13.7029720945518,-1.32937049071385,-6.32605093899712,-6.93286357879036,-6.9728651095324,-9.22782351026627,-1.84742364156991,-14.9045112284695,-16.067935460477,-4.14050111735586,-4.99116575334677,-4.41947076622042,-2.57677254220303,-18.7345229374188,-5.96676360616757,-1.58768227863533,-6.12134976829456,-21.6593199761066,-2.51271776011769,-11.1520999975621,-6.88480795262036,-9.07301176292794,-14.930302754681,-13.3292757446989,-10.921172702578
