"","X","X.Error.in.as.ms....data.frame.......n..no.method.or.default.for.coercing..try.error..to..data.frame..n.","samplenum","duration","model","formula","p.as.factor.twilightperiod.ASTRONOMICAL.","SEp.as.factor.twilightperiod.ASTRONOMICAL.","p.as.factor.twilightperiod.BEFORE.","SEp.as.factor.twilightperiod.BEFORE.","p.as.factor.twilightperiod.CIVIL.","SEp.as.factor.twilightperiod.CIVIL.","p.as.factor.twilightperiod.NAUTICAL.","SEp.as.factor.twilightperiod.NAUTICAL.","p.as.factor.twilightperiod.NIGHT.","SEp.as.factor.twilightperiod.NIGHT.","p.Int.","SEp.Int.","psi.Int.","SEpsi.Int.","Converge","CondNum","negLogLike","nPars","n","AIC","delta","AICwt","Rsq","cumltvWt"
"1",1,"Error in as(ms, ""data.frame"") : 
  no method or default for coercing “try-error” to “data.frame”
",1,600,NA,NA,NA,NA,NA,NA,NA,NA,NA,NA,NA,NA,NA,NA,NA,NA,NA,NA,NA,NA,NA,NA,NA,NA,NA,NA
"2",1,"Error in as(ms, ""data.frame"") : 
  no method or default for coercing “try-error” to “data.frame”
",1,660,NA,NA,NA,NA,NA,NA,NA,NA,NA,NA,NA,NA,NA,NA,NA,NA,NA,NA,NA,NA,NA,NA,NA,NA,NA,NA
"3",1,"Error in as(ms, ""data.frame"") : 
  no method or default for coercing “try-error” to “data.frame”
",1,720,NA,NA,NA,NA,NA,NA,NA,NA,NA,NA,NA,NA,NA,NA,NA,NA,NA,NA,NA,NA,NA,NA,NA,NA,NA,NA
"4",1,"Error in as(ms, ""data.frame"") : 
  no method or default for coercing “try-error” to “data.frame”
",1,780,NA,NA,NA,NA,NA,NA,NA,NA,NA,NA,NA,NA,NA,NA,NA,NA,NA,NA,NA,NA,NA,NA,NA,NA,NA,NA
"5",1,"Error in as(ms, ""data.frame"") : 
  no method or default for coercing “try-error” to “data.frame”
",1,840,NA,NA,NA,NA,NA,NA,NA,NA,NA,NA,NA,NA,NA,NA,NA,NA,NA,NA,NA,NA,NA,NA,NA,NA,NA,NA
"6",1,"Error in as(ms, ""data.frame"") : 
  no method or default for coercing “try-error” to “data.frame”
",1,900,NA,NA,NA,NA,NA,NA,NA,NA,NA,NA,NA,NA,NA,NA,NA,NA,NA,NA,NA,NA,NA,NA,NA,NA,NA,NA
"7",1,"Error in as(ms, ""data.frame"") : 
  no method or default for coercing “try-error” to “data.frame”
",1,960,NA,NA,NA,NA,NA,NA,NA,NA,NA,NA,NA,NA,NA,NA,NA,NA,NA,NA,NA,NA,NA,NA,NA,NA,NA,NA
"8",1,"Error in as(ms, ""data.frame"") : 
  no method or default for coercing “try-error” to “data.frame”
",1,1020,NA,NA,NA,NA,NA,NA,NA,NA,NA,NA,NA,NA,NA,NA,NA,NA,NA,NA,NA,NA,NA,NA,NA,NA,NA,NA
"9",1,"Error in as(ms, ""data.frame"") : 
  no method or default for coercing “try-error” to “data.frame”
",1,1080,NA,NA,NA,NA,NA,NA,NA,NA,NA,NA,NA,NA,NA,NA,NA,NA,NA,NA,NA,NA,NA,NA,NA,NA,NA,NA
"10",1,"Error in as(ms, ""data.frame"") : 
  no method or default for coercing “try-error” to “data.frame”
",1,1140,NA,NA,NA,NA,NA,NA,NA,NA,NA,NA,NA,NA,NA,NA,NA,NA,NA,NA,NA,NA,NA,NA,NA,NA,NA,NA
"11",1,"Error in as(ms, ""data.frame"") : 
  no method or default for coercing “try-error” to “data.frame”
",1,3600,NA,NA,NA,NA,NA,NA,NA,NA,NA,NA,NA,NA,NA,NA,NA,NA,NA,NA,NA,NA,NA,NA,NA,NA,NA,NA
"12",1,"Error in as(ms, ""data.frame"") : 
  no method or default for coercing “try-error” to “data.frame”
",1,60,NA,NA,NA,NA,NA,NA,NA,NA,NA,NA,NA,NA,NA,NA,NA,NA,NA,NA,NA,NA,NA,NA,NA,NA,NA,NA
"13",1,"Error in as(ms, ""data.frame"") : 
  no method or default for coercing “try-error” to “data.frame”
",1,1200,NA,NA,NA,NA,NA,NA,NA,NA,NA,NA,NA,NA,NA,NA,NA,NA,NA,NA,NA,NA,NA,NA,NA,NA,NA,NA
"14",1,"Error in as(ms, ""data.frame"") : 
  no method or default for coercing “try-error” to “data.frame”
",1,120,NA,NA,NA,NA,NA,NA,NA,NA,NA,NA,NA,NA,NA,NA,NA,NA,NA,NA,NA,NA,NA,NA,NA,NA,NA,NA
"15",1,"Error in as(ms, ""data.frame"") : 
  no method or default for coercing “try-error” to “data.frame”
",1,180,NA,NA,NA,NA,NA,NA,NA,NA,NA,NA,NA,NA,NA,NA,NA,NA,NA,NA,NA,NA,NA,NA,NA,NA,NA,NA
"16",1,"Error in as(ms, ""data.frame"") : 
  no method or default for coercing “try-error” to “data.frame”
",1,240,NA,NA,NA,NA,NA,NA,NA,NA,NA,NA,NA,NA,NA,NA,NA,NA,NA,NA,NA,NA,NA,NA,NA,NA,NA,NA
"17",1,"Error in as(ms, ""data.frame"") : 
  no method or default for coercing “try-error” to “data.frame”
",1,300,NA,NA,NA,NA,NA,NA,NA,NA,NA,NA,NA,NA,NA,NA,NA,NA,NA,NA,NA,NA,NA,NA,NA,NA,NA,NA
"18",1,"Error in as(ms, ""data.frame"") : 
  no method or default for coercing “try-error” to “data.frame”
",1,360,NA,NA,NA,NA,NA,NA,NA,NA,NA,NA,NA,NA,NA,NA,NA,NA,NA,NA,NA,NA,NA,NA,NA,NA,NA,NA
"19",1,"Error in as(ms, ""data.frame"") : 
  no method or default for coercing “try-error” to “data.frame”
",1,420,NA,NA,NA,NA,NA,NA,NA,NA,NA,NA,NA,NA,NA,NA,NA,NA,NA,NA,NA,NA,NA,NA,NA,NA,NA,NA
"20",1,"Error in as(ms, ""data.frame"") : 
  no method or default for coercing “try-error” to “data.frame”
",1,480,NA,NA,NA,NA,NA,NA,NA,NA,NA,NA,NA,NA,NA,NA,NA,NA,NA,NA,NA,NA,NA,NA,NA,NA,NA,NA
"21",1,"Error in as(ms, ""data.frame"") : 
  no method or default for coercing “try-error” to “data.frame”
",1,540,NA,NA,NA,NA,NA,NA,NA,NA,NA,NA,NA,NA,NA,NA,NA,NA,NA,NA,NA,NA,NA,NA,NA,NA,NA,NA
"22",1,NA,12,600,"Twilight","~as.factor(twilightperiod) ~ 1",-2.01534499135284,1.24760248342591,-0.643968501466036,1.06611966713681,-0.678770734436836,0.894359394050613,-0.554032430383421,0.970603230535494,-0.175164859632912,1.10253175330894,-0.833934808104757,0.712854862704004,-0.410305367917165,0.556386099801197,0,38.6801111087583,46.9609455707315,7,23,107.921891141463,0,1,NA,1
"23",1,NA,12,660,"Twilight","~as.factor(twilightperiod) ~ 1",-2.24689323168526,1.36411907626542,-1.13902121447432,1.23045999882739,-1.85932013428366,1.12273927160148,-1.61542419671921,1.10689956871573,-8.10401316015693,35.2879816543251,-0.151480218934005,0.998687142291033,-0.625424061965641,0.59472237111579,0,11521.7346502913,39.4649438913692,7,23,92.9298877827383,0,1,NA,1
"24",1,NA,12,720,"Twilight","~as.factor(twilightperiod) ~ 1",-0.970272301458715,0.938116366394051,-13.3031216792627,399.34500884319,-1.04923513010307,0.930459405988624,-0.265112218113597,0.90192002977942,-13.2206117650506,397.157106242848,-0.520017023364344,0.777867902843255,-0.415634214961843,0.539387722406678,0,2064023.086054,47.971061034638,7,23,109.942122069276,0,1,NA,1
"25",1,NA,12,780,"Twilight","~as.factor(twilightperiod) ~ 1",-1.35628979574532,0.903874292691331,-1.36239985352275,1.06459104087364,-1.02269578876632,0.884965464247191,-0.640679299287361,0.893058382883174,-1.22453673881182,1.35475737260291,-0.050245366896526,0.709677855600051,-0.410975645167694,0.477410471521553,0,52.0957554721988,55.8795443634502,7,23,125.7590887269,0,1,NA,1
"26",1,NA,12,840,"Twilight","~as.factor(twilightperiod) ~ 1",0.0768597810391766,1.29762671369913,0.269571247183134,1.56446201293385,0.00540320402298924,1.29812413417432,0.814275363304366,1.21433639333247,-9.60566495241151,134.376782783468,-2.3095889018577,1.10794818509058,-0.0459649384277107,0.836480999109605,0,162274.274092818,36.9960217155944,7,23,87.9920434311888,0,1,NA,1
"27",1,NA,12,900,"Twilight","~as.factor(twilightperiod) ~ 1",-0.0986474815523862,1.28771073007689,-0.799173305483281,1.54132046271651,1.19091516456986,1.24256836083861,-0.373021440830789,1.27887290299336,0.113013642340492,1.36770698533023,-1.59560798823685,1.13947994343028,-0.240922839683033,0.534405976596112,0,92.1704980566764,49.009206773279,7,23,112.018413546558,0,1,NA,1
"28",1,NA,12,960,"Twilight","~as.factor(twilightperiod) ~ 1",-1.12005597441979,1.5422153130926,-0.718087394755555,1.56932189379457,-1.00687288799536,1.54358996956815,-1.60954649532636,1.60827771327179,0.472917453565218,1.65333585726101,-0.19739339092029,1.42770309933851,-0.702452229941415,0.476813812051964,0,125.278295959512,43.7968009517345,7,23,101.593601903469,0,1,NA,1
"29",1,NA,12,1020,"Twilight","~as.factor(twilightperiod) ~ 1",11.2843537816023,171.536533324375,10.5738956262693,171.537667964026,10.0976602452404,171.536660297202,10.7729966336409,171.536387970431,9.76424540602514,171.538985350178,-12.013732134108,171.536090567838,-0.134859645672886,0.579316817896487,0,2495621.65162494,52.3226648166542,7,23,118.645329633308,0,1,NA,1
"30",1,NA,12,1080,"Twilight","~as.factor(twilightperiod) ~ 1",6.3003924237528,22.3663050575819,7.03425096196042,22.3674926722421,6.8775274004227,22.3644965609985,7.46799795461446,22.3617419224648,5.89440703927557,22.3819060759874,-8.39311846471819,22.3582811376913,0.161853857336827,0.612000277448507,0,46063.3423827107,56.2369678965003,7,23,126.473935793001,0,1,NA,1
"31",1,NA,12,1140,"Twilight","~as.factor(twilightperiod) ~ 1",0.397264906495032,0.990844193569315,-0.197736146929585,1.0049648557842,-0.391925021320739,1.04134648883728,-0.924135160882212,1.12787765410846,-10.904958561122,133.458011185118,-1.16522517244379,0.859287656627768,-0.412701973995896,0.560606054293081,0,216761.023659364,48.05699086191,7,23,110.11398172382,0,1,NA,1
"32",1,NA,12,3600,"Twilight","~as.factor(twilightperiod) ~ 1",5.13167469108486,35.9080201013228,5.21553970835793,35.9130354797447,4.82924523774881,35.9055023814163,5.18229410614152,35.9080489422206,4.54186901724589,35.9097830708411,-5.83593506670236,35.9062342694069,0.173457765486622,0.473780448205148,0,204169.694552655,82.4331728327113,7,23,178.866345665423,0,1,NA,1
"33",1,NA,12,60,"Twilight","~as.factor(twilightperiod) ~ 1",-6.19951546556246,1926.36547016817,9.52810159605497,114.775749873901,-5.42599319561572,1415.71235356157,9.48573128291436,114.773472058714,-4.85119360198546,1392.0670754152,-12.6637496031852,114.771202471957,11.0078289582975,970.679335796804,0,16852782.248918,12.5542106437402,7,23,39.1084212874803,0,1,NA,1
"34",1,NA,12,1200,"Twilight","~as.factor(twilightperiod) ~ 1",-0.596107519532281,0.941786125934124,-0.865093826388725,1.08867537029376,-1.10950777922268,0.973936603728915,-0.640606425275076,0.85803820811064,-1.25250916793692,1.06376851066583,-0.658561722271174,0.748808800142038,0.0204419723057226,0.550253625281026,0,59.3082041935468,61.5823868238147,7,23,137.164773647629,0,1,NA,1
"35",1,NA,12,120,"Twilight","~as.factor(twilightperiod) ~ 1",-8.63546064214981,45.8819587758342,-0.177624580598369,1.44587073380448,-1.2323779168878,1.33962480755999,-0.442187771980552,1.14134889373648,0.43445696181334,1.58673471647516,-1.28767892370248,0.912495373025092,-1.01053917649582,0.740682161102079,0,11928.9759500279,25.4956367397069,7,23,64.9912734794139,0,1,NA,1
"36",1,NA,12,180,"Twilight","~as.factor(twilightperiod) ~ 1",6.01418458936481,38.7911368209248,8.88319102851545,38.7963623814469,6.84962864459556,38.7914562541715,7.63934751135723,38.7811879506507,-4.19475614502909,620.362693121289,-8.31816733963741,38.7777596209332,-1.62899115055165,0.661024874917583,0,2310637.44352813,22.9010895770466,7,23,59.8021791540931,0,1,NA,1
"37",1,NA,12,240,"Twilight","~as.factor(twilightperiod) ~ 1",6.75458299104511,44.1363261835981,-8.19135675698526,3259.3876134395,8.45356081280672,44.130631327912,7.39869181759286,44.1306817657487,7.43533668458051,44.1376315893132,-9.00445518796614,44.1248377139148,-1.18434861066514,0.635573999842993,0,57702216.8408362,24.6670615151635,7,23,63.3341230303269,0,1,NA,1
"38",1,NA,12,300,"Twilight","~as.factor(twilightperiod) ~ 1",-0.339326043949938,1.14963688727017,-1.18454080628788,1.43324332731525,-0.985202311496703,1.20776303974112,-0.4530583414413,1.08999566889489,-1.0120036470196,1.44911408079236,-0.529771494502831,0.933828747599344,-1.08410980532012,0.538079832075679,0,54.994276044953,39.0194251771161,7,23,92.0388503542321,0,1,NA,1
"39",1,NA,12,360,"Twilight","~as.factor(twilightperiod) ~ 1",6.37202413089521,25.1849708863993,-7.43395359979279,802.499859511919,6.50752370787844,25.1849114020963,6.6985801407288,25.1832813583866,7.9190132731467,25.1906787134654,-8.06684296484881,25.1791003340431,-0.468600760197547,0.549174334486657,0,6383308.90929565,40.7920434160263,7,23,95.5840868320525,0,1,NA,1
"40",1,NA,12,420,"Twilight","~as.factor(twilightperiod) ~ 1",-0.0659807265070401,1.05130120756612,-9.77948598633064,167.883260315352,0.0275339437755599,1.06529516810776,-11.092198471726,137.915013199856,-0.199119593353635,1.08879513059141,-0.90824270878615,0.894482298478767,-0.926986368648324,0.567392405974049,0,272704.89854511,36.7167177470248,7,23,87.4334354940496,0,1,NA,1
"41",1,NA,12,480,"Twilight","~as.factor(twilightperiod) ~ 1",7.20596286682323,31.4501812552585,6.73087810694953,31.4579566465915,7.21355133899646,31.4496341831733,6.6592031825174,31.449235893984,8.1900229664315,31.4459528193597,-9.38553671223113,31.4428921393009,0.287985415849859,0.996185632429356,0,59959.7047125267,38.6868609629179,7,23,91.3737219258358,0,1,NA,1
"42",1,NA,12,540,"Twilight","~as.factor(twilightperiod) ~ 1",0.491883756983965,0.895875746468887,-0.609304381934972,1.02698947706154,-0.362901036849565,0.879726677762166,-1.82581000053825,1.23474163852159,-0.579581097528098,1.30191918412847,-1.10842507305047,0.69458781784267,-0.244848569937907,0.532062130866539,0,38.7510031597429,48.9264919788502,7,23,111.8529839577,0,1,NA,1
"43",1,NA,16,600,"Twilight","~as.factor(twilightperiod) ~ 1",-0.772827154719091,1.07144063175586,-1.0009630065978,1.30775515291935,-0.459868664031971,0.996968966174661,-0.491925074557049,0.986377381343177,0.00182300444399781,1.0992248108827,-1.74851021525853,0.833418449680557,-0.0972768751005093,0.700465031560793,0,46.7520605898183,49.1593787457034,7,23,112.318757491407,0,1,NA,1
"44",1,NA,16,660,"Twilight","~as.factor(twilightperiod) ~ 1",-0.497533693231218,1.3555298374477,-9.66053585426641,73.8681959221255,-0.175865073148125,1.34187519661375,-0.571129779118907,1.33263608732755,-0.42862551435478,1.44779696941269,-1.28232261854491,1.28656722589749,-0.407101258278819,0.558866941816004,0,69635.4828685087,51.0563464707695,7,23,116.112692941539,0,1,NA,1
"45",1,NA,16,720,"Twilight","~as.factor(twilightperiod) ~ 1",-1.31731000399489,1.11371277886069,-0.153814710905339,1.06803941688815,-0.817330268207254,0.964692257820786,-0.368834435283762,0.927325971339636,-0.606437260332633,1.13104467621071,-1.18395471875921,0.861776352417449,0.255020250282406,0.573250108663154,0,84.1827760347781,70.6652446922793,7,23,155.330489384559,0,1,NA,1
"46",1,NA,16,780,"Twilight","~as.factor(twilightperiod) ~ 1",0.148805317838099,0.806011374169522,-1.09472034012028,1.21067341201773,0.321106127113832,0.745549026330191,-0.420462941426844,0.828510545581402,-1.30239767157068,1.20432527098843,-1.76181154651875,0.652879673427914,0.621805453362761,0.676149760055802,0,54.2825110300237,71.1239227319919,7,23,156.247845463984,0,1,NA,1
"47",1,NA,16,840,"Twilight","~as.factor(twilightperiod) ~ 1",-0.795414162966677,0.812075654944331,-2.07956093103648,1.21595962584424,-0.666102700754135,0.780530271732641,-0.999069653041416,0.806753975916834,-1.80924780045343,1.22522737851011,-0.631544414783847,0.633206807188445,-0.101275902210773,0.505016614878464,0,50.344012466252,66.4329516240369,7,23,146.865903248074,0,1,NA,1
"48",1,NA,16,900,"Twilight","~as.factor(twilightperiod) ~ 1",-0.183972248543435,0.95960796688218,-1.29808064735297,1.30074390384825,0.403895302285119,0.907630227045527,-0.0982421839495401,0.931668773964419,0.101904251281072,1.02242458507697,-1.49022203027,0.796520872330261,-0.162278623686253,0.487619162507212,0,72.3275424252934,68.2052795092014,7,23,150.410559018403,0,1,NA,1
"49",1,NA,16,960,"Twilight","~as.factor(twilightperiod) ~ 1",-0.736156393873582,0.771661066692341,-0.692639474330801,0.87711770726544,-0.860826133734394,0.766963443208611,-0.95694135758917,0.763675096684077,-0.47472822273972,0.876142105819984,-1.1037999998038,0.64032093466704,0.709728962087304,0.623613189159274,0,49.7039420933435,79.4894402941944,7,23,172.978880588389,0,1,NA,1
"50",1,NA,16,1020,"Twilight","~as.factor(twilightperiod) ~ 1",1.04207802133636,1.18210370194361,2.34519097545408,1.19057119192945,1.926336830429,1.16801578807026,-0.778898792389209,1.47853921470486,1.48329501884628,1.2315999453533,-2.08812613817593,1.06119647626168,-0.73856764973486,0.464066722918859,0,128.656924489434,60.1648285162472,7,23,134.329657032494,0,1,NA,1
"51",1,NA,16,1080,"Twilight","~as.factor(twilightperiod) ~ 1",0.610167875723123,0.755441442539544,-0.256416672888958,0.883895906224225,-0.068956472135005,0.770233027283871,0.39711232004262,0.76638806969107,-0.370102343765298,0.98088742553499,-1.69426281215574,0.63404994772382,0.513508499393687,0.535058617906617,0,61.2456195916632,85.7765107618262,7,23,185.553021523652,0,1,NA,1
"52",1,NA,16,1140,"Twilight","~as.factor(twilightperiod) ~ 1",-0.527583253604689,0.756430855681232,0.615376367510208,0.745643930877601,-0.380810484578802,0.720134219192944,0.0490015936369396,0.665467667671478,-0.904790829100732,0.916614842207576,-1.11112584046802,0.524142296270737,-0.0370715681503894,0.466096502559763,0,43.0303319474633,82.0102227542137,7,23,178.020445508427,0,1,NA,1
"53",1,NA,16,3600,"Twilight","~as.factor(twilightperiod) ~ 1",7.96794557437487,46.9707581050615,7.58773476696993,46.9726976191831,7.69235136295964,46.970646192028,7.32608724372469,46.9710020695694,7.61147010846077,46.9720499392528,-8.41701124306313,46.9695861885326,0.25622284937424,0.451555166910862,0,519488.946600096,112.595302152309,7,23,239.190604304618,0,1,NA,1
"54",1,NA,16,60,"Twilight","~as.factor(twilightperiod) ~ 1",-0.188923740023367,0.952680108599503,-11.4404812090533,150.610922372822,-11.7983620405515,145.785882590506,-2.27518461725151,1.25983488837454,0.711090086961278,0.947112790253564,-0.62278043955538,0.74612339598957,-1.04311459793169,0.536434830345894,0,207215.032801941,35.448969656865,7,23,84.8979393137299,0,1,NA,1
"55",1,NA,16,1200,"Twilight","~as.factor(twilightperiod) ~ 1",-0.370878498455218,0.749641486232466,-0.372850646252916,0.862140686869753,-0.957659859767554,0.834577199214868,-1.06799351189531,0.885005191755607,-1.36379625497677,0.979433563264952,-0.634061045480748,0.632790240638329,-0.221681890781806,0.47048079530758,0,50.5152568619372,70.9436816208325,7,23,155.887363241665,0,1,NA,1
"56",1,NA,16,120,"Twilight","~as.factor(twilightperiod) ~ 1",-1.68945711546915,1.32454180747268,-0.635231257476751,1.37290549243033,0.0768937807886498,1.01986970973901,-0.44462355267917,1.00060150380982,-10.3330543635927,115.941040457942,-1.11739136398369,0.862083602695049,-0.777934946653606,0.527864067589643,0,127140.516854495,40.9821647310374,7,23,95.9643294620749,0,1,NA,1
"57",1,NA,16,180,"Twilight","~as.factor(twilightperiod) ~ 1",0.28594572754369,1.03777750730677,-0.578728386712282,1.32251425530208,-0.839135408399569,1.31553606932581,-0.457320111786734,1.10103570340502,-7.55806470949554,42.2852729434365,-1.57673385286207,0.825687113894827,-0.877828270090356,0.608811301899432,0,12704.6884626626,33.9599479050975,7,23,81.9198958101949,0,1,NA,1
"58",1,NA,16,240,"Twilight","~as.factor(twilightperiod) ~ 1",1.7409652863879,1.25077733308782,0.489955632920446,1.60747275354853,-0.925373283556939,1.49336624783487,0.232137250381812,1.25253771443506,-0.0905986586276264,1.53132096633972,-1.86825503752946,1.08932325816035,-1.08275169473555,0.538453379175708,0,67.3474676864097,37.9170420329214,7,23,89.8340840658428,0,1,NA,1
"59",1,NA,16,300,"Twilight","~as.factor(twilightperiod) ~ 1",-5.25767241410467,2129.89788090117,13.1754475563459,225.251695552115,11.3725472912619,225.249149622701,11.7609407126645,225.249222654747,-3.94425757686475,2129.89788069641,-12.9300447329508,225.248305546805,-1.05206976783347,0.550790110465952,0,29263409.8019354,27.3203386765899,7,23,68.6406773531798,0,1,NA,1
"60",1,NA,16,360,"Twilight","~as.factor(twilightperiod) ~ 1",0.135380356635666,0.848978277409004,0.282963410459335,1.03088697797974,-0.370564037242514,0.876219182409512,-0.368380360643204,1.00263532931867,-0.476587658374965,1.24348413162954,-1.85121636019534,0.637620846301061,-0.0987407536868829,0.600882450323506,0,35.6280286091453,54.0132342713493,7,23,122.026468542699,0,1,NA,1
"61",1,NA,16,420,"Twilight","~as.factor(twilightperiod) ~ 1",7.54594813392458,24.187368903233,7.02825474682705,24.2121381897949,6.54872138946983,24.1904520137528,6.73696043381689,24.1906682819409,7.13924199300183,24.1955749632944,-8.79507234826024,24.1844750495171,-0.14403206793987,0.590168575760742,0,43385.1171527879,51.2555668016138,7,23,116.511133603228,0,1,NA,1
"62",1,NA,16,480,"Twilight","~as.factor(twilightperiod) ~ 1",10.6700263118032,119.864506023479,11.3120415339279,119.86515613459,10.690685251118,119.864503550471,10.9407167295483,119.864611485256,10.1949752510423,119.868143156605,-12.3299615396216,119.863278696563,-0.472314369815622,0.532053091477212,0,1103498.5752143,51.7492461513061,7,23,117.498492302612,0,1,NA,1
"63",1,NA,16,540,"Twilight","~as.factor(twilightperiod) ~ 1",-1.00556984624263,0.816988911651865,-1.70744415392909,1.20915988934888,-0.650553316224082,0.789065609517142,-0.578621862877034,0.761951488099237,-1.06390403250791,0.978825337049079,-0.851976166871594,0.621450312112595,-0.0708689022781892,0.516481315648846,0,46.700538844945,68.2676502445331,7,23,150.535300489066,0,1,NA,1
"64",1,"Error in as(ms, ""data.frame"") : 
  no method or default for coercing “try-error” to “data.frame”
",2,600,NA,NA,NA,NA,NA,NA,NA,NA,NA,NA,NA,NA,NA,NA,NA,NA,NA,NA,NA,NA,NA,NA,NA,NA,NA,NA
"65",1,NA,2,660,"Twilight","~as.factor(twilightperiod) ~ 1",-5.97899305371043,9692.73229032726,-4.44876759688738,4527.39810314247,-3.65529538458519,3054.35975394602,21.5959501400011,489.591332410295,-3.65529538458519,3054.35975394602,-10.9940338649127,345.044167640847,-1.09859930022876,1.15473635338783,0,70461650.4921136,2.24935754544993,7,9,18.4987150908999,0,1,NA,1
"66",1,NA,2,720,"Twilight","~as.factor(twilightperiod) ~ 1",-1.14657282815479,118196.234523371,-1.1874622530187,148366.07443824,-2.19828579943119,173706.987386558,-1.14278295937671,117416.052853764,-1.77922656545958,100549.100495752,-10.9993988611364,75731.0785263084,-11.3132588558213,73514.0772126926,0,63.6325754029977,7.37043093277542e-10,7,8,14.0000000014741,0,1,NA,1
"67",1,NA,2,780,"Twilight","~as.factor(twilightperiod) ~ 1",-1.00613400163739,268435.455375,-1.95085105797278,8796093317.09781,-1.95085105797245,8796093298.6658,-1.94820458883681,536870.909015624,-1.96193959628115,558792.958742268,-11.5286947441998,379625.060530365,-11.7251768527575,189812.530143649,0,-2.03920543684962,3.23843729619031e-10,7,13,14.0000000006477,0,1,NA,1
"68",1,NA,2,840,"Twilight","~as.factor(twilightperiod) ~ 1",-5.94171465579501,9420.67758547509,-1.75074112702877,14158.3238974982,16.3286651636468,NA,-5.94171465595496,9420.91344784867,-4.78945475629945,7464.49066527231,-11.6652622359267,678.47067485906,-1.08606146341537,NA,0,-7183452.0213621,2.24934279123519,7,10,18.4986855824704,0,1,NA,1
"69",1,NA,2,900,"Twilight","~as.factor(twilightperiod) ~ 1",16.1685678493238,3110.24222369967,-2.78045947676452,2186.76561591066,-5.03569664816427,4720.51570559239,-2.78045947676452,2186.76561591066,-3.54524773098978,3165.12736597743,-11.4900828373856,312.53155108689,-0.67925073275191,43.3576767262736,0,14726743.8181583,1.90955340355399,7,11,17.819106807108,0,1,NA,1
"70",1,"Error in as(ms, ""data.frame"") : 
  no method or default for coercing “try-error” to “data.frame”
",2,960,NA,NA,NA,NA,NA,NA,NA,NA,NA,NA,NA,NA,NA,NA,NA,NA,NA,NA,NA,NA,NA,NA,NA,NA,NA,NA
"71",1,"Error in as(ms, ""data.frame"") : 
  no method or default for coercing “try-error” to “data.frame”
",2,1020,NA,NA,NA,NA,NA,NA,NA,NA,NA,NA,NA,NA,NA,NA,NA,NA,NA,NA,NA,NA,NA,NA,NA,NA,NA,NA
"72",1,NA,2,1080,"Twilight","~as.factor(twilightperiod) ~ 1",-2.28058553210533,120341.860997582,-2.28058553211061,120341.860977308,-1.21274698133623,154981.282613246,-1.21274698133623,154981.282613246,-2.26849394619457,NA,-11.0191125970363,92072.6018039717,-11.2486373780978,46036.3008215959,0,-181.711213667305,5.37492494994083e-10,7,10,14.000000001075,0,1,NA,1
"73",1,NA,2,1140,"Twilight","~as.factor(twilightperiod) ~ 1",-5.18103024011849,2004.63450604531,-2.83313331296337,900.061577489041,13.3818119374221,1788.02479087393,-6.95657910216482,3444.6423866134,-1.36180019216514,3647.21942269449,-9.11920200001201,213.674522407237,-1.36880211643961,31.3894244826013,0,11311142.1549415,2.50203607469848,7,12,19.004072149397,0,1,NA,1
"74",1,"Error in as(ms, ""data.frame"") : 
  no method or default for coercing “try-error” to “data.frame”
",2,3600,NA,NA,NA,NA,NA,NA,NA,NA,NA,NA,NA,NA,NA,NA,NA,NA,NA,NA,NA,NA,NA,NA,NA,NA,NA,NA
"75",1,NA,2,60,"Twilight","~as.factor(twilightperiod) ~ 1",-1.54614852677983,NA,-1.54614852677985,NA,-2.92335257332903,NA,-2.22598210550549,NA,-2.63250216046025,NA,-10.874133892854,NA,-10.6748634916935,0.00119457953417616,0,-11.260674278485,4.69766781044036e-10,7,11,14.0000000009395,0,1,NA,1
"76",1,NA,2,1200,"Twilight","~as.factor(twilightperiod) ~ 1",11.7048254063759,306.716868719629,-2.73739859056744,344.880726624216,-6.40761578927961,1050.58805468126,-4.32121004042856,528.606966191793,-2.47106996205683,304.672492408868,-8.52129935857986,85.9340804187212,0.820120265777493,39.9626665514108,0,640079.833145228,1.90970599844556,7,11,17.8194119968911,0,1,NA,1
"77",1,"Error in as(ms, ""data.frame"") : 
  no method or default for coercing “try-error” to “data.frame”
",2,120,NA,NA,NA,NA,NA,NA,NA,NA,NA,NA,NA,NA,NA,NA,NA,NA,NA,NA,NA,NA,NA,NA,NA,NA,NA,NA
"78",1,"Error in as(ms, ""data.frame"") : 
  no method or default for coercing “try-error” to “data.frame”
",2,180,NA,NA,NA,NA,NA,NA,NA,NA,NA,NA,NA,NA,NA,NA,NA,NA,NA,NA,NA,NA,NA,NA,NA,NA,NA,NA
"79",1,NA,2,240,"Twilight","~as.factor(twilightperiod) ~ 1",-5.19899974234116,1980.62857123209,-3.52419333611188,1219.84719454336,-2.02786693471312,825.991102125137,-1.67640986154728,698.979158425058,9.97612041601772,169.344222473235,-11.362431344877,169.340531633722,11.9379642656158,782.169246440695,0,6278709.71660041,2.50205327018726,7,13,19.0041065403745,0,1,NA,1
"80",1,NA,2,300,"Twilight","~as.factor(twilightperiod) ~ 1",-1.95379570076939,46131.016642171,NA,NA,-2.64440687464464,49796.6587455686,-2.45557856961194,46245.767849011,-1.55351257422349,47705.7242818987,-9.98557470709373,63580.9683914724,-10.4086259583594,62441.1721564273,0,62.8612537091668,3.75686426540027e-09,6,13,12.0000000075137,0,1,NA,1
"81",1,"Error in as(ms, ""data.frame"") : 
  no method or default for coercing “try-error” to “data.frame”
",2,360,NA,NA,NA,NA,NA,NA,NA,NA,NA,NA,NA,NA,NA,NA,NA,NA,NA,NA,NA,NA,NA,NA,NA,NA,NA,NA
"82",1,"Error in as(ms, ""data.frame"") : 
  no method or default for coercing “try-error” to “data.frame”
",2,420,NA,NA,NA,NA,NA,NA,NA,NA,NA,NA,NA,NA,NA,NA,NA,NA,NA,NA,NA,NA,NA,NA,NA,NA,NA,NA
"83",1,"Error in as(ms, ""data.frame"") : 
  no method or default for coercing “try-error” to “data.frame”
",2,480,NA,NA,NA,NA,NA,NA,NA,NA,NA,NA,NA,NA,NA,NA,NA,NA,NA,NA,NA,NA,NA,NA,NA,NA,NA,NA
"84",1,NA,2,540,"Twilight","~as.factor(twilightperiod) ~ 1",-3.47850350094648,NA,-2.38128802563562,NA,-3.98972950989386,0,-3.07298808863083,NA,NA,NA,-12.9225091251065,NA,-12.720068277521,NA,0,-1.4464930233251e-13,2.70350408726518e-12,6,11,12.0000000000054,0,1,NA,1
"85",1,NA,20,600,"Twilight","~as.factor(twilightperiod) ~ 1",-1.35686171111904,0.782519238731771,-1.90301525438417,0.935687542487899,-2.0465717738911,0.828630865362534,-1.15053439455198,0.705692694500128,-1.33232192283458,0.850173841003125,-0.284544327892249,0.579183898678122,-0.281925407078678,0.457921496756085,0,44.4700363255296,75.9436623647885,7,23,165.887324729577,0,1,NA,1
"86",1,NA,20,660,"Twilight","~as.factor(twilightperiod) ~ 1",-0.00958397332740818,0.818435567328732,-0.627312482977619,1.21532719940009,0.444995067873509,0.746917702948188,0.332564753932034,0.764571916405676,-0.760553141245665,1.2060300341583,-2.00647235462274,0.625633222255929,-0.0513944412979245,0.525707700187134,0,53.1475258472569,74.4605234875906,7,23,162.921046975181,0,1,NA,1
"87",1,NA,20,720,"Twilight","~as.factor(twilightperiod) ~ 1",-0.86093589535358,0.704778863946529,-1.04789902451068,0.955831466465561,-0.375355606622142,0.626449559426214,-1.33544314007095,0.717190515796483,-0.988567737579098,0.83406722531,-0.420805277975914,0.528893524447026,-0.322576170488832,0.446739515608139,0,56.2775160108179,91.025466024079,7,23,196.050932048158,0,1,NA,1
"88",1,NA,20,780,"Twilight","~as.factor(twilightperiod) ~ 1",-0.244971615790161,0.761132420590966,0.751390281180362,0.805361302760973,-0.229881869697122,0.674978771957143,0.655033519828646,0.638298701092257,0.488437399061876,0.787208266066917,-1.79033066927714,0.543942607457567,0.354444933448262,0.484163648420797,0,57.5949194013854,103.115914565952,7,23,220.231829131904,0,1,NA,1
"89",1,NA,20,840,"Twilight","~as.factor(twilightperiod) ~ 1",0.810444147586866,0.840916723238002,-0.763704875958198,1.06349745169527,0.45273840990209,0.864201356156506,-0.15774128351751,0.86833269161853,0.432642963552482,0.953059884435262,-1.78695897843061,0.774013408494248,0.331791164112905,0.478281276082191,0,110.97975850507,101.298966926341,7,23,216.597933852683,0,1,NA,1
"90",1,NA,20,900,"Twilight","~as.factor(twilightperiod) ~ 1",0.0333580615003365,0.666078620991667,-0.234663386942063,0.753051890091599,-0.659061976017264,0.741949881011159,0.420910978735917,0.626247112748993,-0.319120555982068,0.814852927216991,-1.26409322350506,0.512375467866834,-0.117036652602015,0.447547538960508,0,49.7125161351181,94.7245561626368,7,23,203.449112325274,0,1,NA,1
"91",1,NA,20,960,"Twilight","~as.factor(twilightperiod) ~ 1",0.215017067221864,0.892483346213749,-1.13586259660059,1.2759200997968,0.296847721846701,0.844405226811623,0.447882860720317,0.856929336270352,0.694873238398236,0.948900772695218,-2.14953685910529,0.782957299425631,0.777551987299322,0.600126357762144,0,96.5053328915207,93.6083848962254,7,23,201.216769792451,0,1,NA,1
"92",1,NA,20,1020,"Twilight","~as.factor(twilightperiod) ~ 1",0.84932833409262,1.13229898603121,1.3098623689716,1.21181555398195,2.04075591653997,1.0774364191455,0.573402609164552,1.12907575626985,1.79623161096842,1.11618544846329,-2.90757114792049,1.0279687595216,0.567895566490012,0.50124849094508,0,188.398316919857,100.346044863491,7,23,214.692089726981,0,1,NA,1
"93",1,NA,20,1080,"Twilight","~as.factor(twilightperiod) ~ 1",-1.13957447477357,0.679950877862313,-1.56452803242435,0.792732516702195,-1.46527637448122,0.671345645552094,-1.1702670327165,0.666714600895895,-2.22571526183132,0.933520895715892,0.114865138208961,0.560673135823829,-0.140828522502369,0.441695727888695,0,69.1864350614171,103.592849253609,7,23,221.185698507218,0,1,NA,1
"94",1,NA,20,1140,"Twilight","~as.factor(twilightperiod) ~ 1",-0.754917570449125,0.812330874556556,-0.442971551029961,0.855815455290142,-1.39491904391223,0.883545041297809,-0.0619956909720246,0.75078772025843,-0.288571277725094,0.857298609303837,-1.41964135724388,0.664378619840113,0.614191089451533,0.586882215585336,0,65.6274256088784,90.5942058058404,7,23,195.188411611681,0,1,NA,1
"95",1,NA,20,3600,"Twilight","~as.factor(twilightperiod) ~ 1",5.22408942142471,8.52528257630474,4.94490190464182,8.52796583508568,5.52100696438118,8.52249696793459,4.7045336370679,8.5252999242366,4.96209320389977,8.52919156615218,-5.88876572897525,8.51889339358551,0.846146780186798,0.459561546556942,0,24784.6164325957,150.031307509591,7,23,314.062615019183,0,1,NA,1
"96",1,NA,20,60,"Twilight","~as.factor(twilightperiod) ~ 1",-12.3974675495835,181.836724308172,-1.24881120406267,1.25400564604889,-1.10745805155944,0.918314788761725,-2.25984812422011,1.21940780990001,-1.39738088792489,1.26090373430009,-1.4460475278266,0.846978227341706,-0.0556980075988546,0.910265249033546,0,272626.506712992,36.4956388996598,7,23,86.9912777993196,0,1,NA,1
"97",1,NA,20,1200,"Twilight","~as.factor(twilightperiod) ~ 1",-0.372664867148064,0.71513190614405,-0.155656436628008,0.785339881633258,0.588217098718468,0.639657663633265,0.283629883318258,0.638862522320202,0.67098741470414,0.75207682810706,-1.39973226431983,0.560306385616067,0.611446708672493,0.464716651703851,0,84.1649531799962,124.148131901403,7,23,262.296263802805,0,1,NA,1
"98",1,NA,20,120,"Twilight","~as.factor(twilightperiod) ~ 1",-1.75462879700811,1.31032303913399,-1.23928707191988,1.31939740270123,-0.175438268038501,0.976347978204229,-1.74167600887243,1.30186267376648,-0.147855822138305,1.11022169108736,-1.49169055861957,0.851548163293742,-0.569688470458608,0.590805060675451,0,41.900000053675,42.7228403231724,7,23,99.4456806463447,0,1,NA,1
"99",1,NA,20,180,"Twilight","~as.factor(twilightperiod) ~ 1",-1.06356542450483,1.49184465893336,1.03653619215168,1.29990410067265,0.387519179181751,1.17137131215134,-0.0524296142059546,1.24709154194278,1.52346572298692,1.2658840492788,-1.86040290574257,1.08720396530759,-0.697082981946534,0.475193486545081,0,108.365658855867,56.1760795359182,7,23,126.352159071836,0,1,NA,1
"100",1,NA,20,240,"Twilight","~as.factor(twilightperiod) ~ 1",1.50392623836489,1.17572377492432,0.312126715785091,1.4641456182568,1.86268948337878,1.12198072414382,1.56613202628519,1.17864125370926,0.394001817309455,1.46591640438199,-2.87126517547378,1.0308033530048,-0.667818256132316,0.480444883200703,0,103.590155167257,57.8696110257423,7,23,129.739222051485,0,1,NA,1
"101",1,NA,20,300,"Twilight","~as.factor(twilightperiod) ~ 1",-0.00342391344149691,1.04284168250957,1.20704854465771,0.87311263793712,0.45574329759582,0.912371937141797,-0.256305886367333,0.950819357108721,0.373899361905443,1.0507479980173,-2.58144283646618,0.762784734965575,0.297267013114654,0.694026803884174,0,59.2400369489152,67.7040746112504,7,23,149.408149222501,0,1,NA,1
"102",1,NA,20,360,"Twilight","~as.factor(twilightperiod) ~ 1",-1.29666038198585,0.98866211393322,-11.0197081083673,133.774832747321,-0.0900240032743775,0.78511565494257,-0.337443042044233,0.853153389787446,-1.34893357848978,1.22755884986734,-1.36445750765605,0.679295343607373,-0.428027763608118,0.535429827686785,0,262975.298117183,57.4963276412276,7,23,128.992655282455,0,1,NA,1
"103",1,NA,20,420,"Twilight","~as.factor(twilightperiod) ~ 1",-1.23624967074469,0.719983448560391,-0.910127596521492,0.734206601088682,-1.00350067781104,0.664899285202297,-1.36616999815768,0.716772557493576,-0.135813571332826,0.901790622011733,-0.459000149764624,0.539705794340816,-0.119391188632371,0.445201302440366,0,51.2138413125268,90.8566468093,7,23,195.7132936186,0,1,NA,1
"104",1,NA,20,480,"Twilight","~as.factor(twilightperiod) ~ 1",1.36288495970041,1.13975748901973,-0.0707464723126576,1.46771133592797,1.51982546153149,1.12895162376239,0.717626690955565,1.14700622876711,-0.405603436997802,1.46002817568602,-2.58513837265312,1.04302823236811,-0.411101658707291,0.479376513175657,0,122.256328546805,67.5722104185756,7,23,149.144420837151,0,1,NA,1
"105",1,NA,20,540,"Twilight","~as.factor(twilightperiod) ~ 1",0.85583872301731,1.13456734086351,1.43302632758365,1.18617456964153,-1.01296586247619,1.45176703999136,0.236641292611492,1.20254145676931,1.31315798354697,1.18034674216417,-2.8161791868292,1.07283185219971,0.380082068760897,0.65899924765607,0,111.560017547435,66.2526237984252,7,23,146.50524759685,0,1,NA,1
"106",1,NA,24,600,"Twilight","~as.factor(twilightperiod) ~ 1",-0.0400187184452021,0.664040341876562,-0.767477736500148,0.902951829872638,0.122829486578058,0.652123274697439,0.0204978647798296,0.641959189397068,-1.23604990682649,1.14896713343097,-2.11059894932757,0.545342423874204,1.53992202728751,0.918702854910256,0,59.9819136684057,105.609736147687,7,23,225.219472295374,0,1,NA,1
"107",1,NA,24,660,"Twilight","~as.factor(twilightperiod) ~ 1",1.12123512926083,1.13937462243606,1.51052796987713,1.11846680322819,1.28906440640694,1.09403142801901,1.2554313874455,1.09310384467009,0.531601721948955,1.19501417742179,-2.86679278102615,1.03393378993711,0.184798697189161,0.479546115132747,0,194.471530328373,105.767259127171,7,23,225.534518254343,0,1,NA,1
"108",1,NA,24,720,"Twilight","~as.factor(twilightperiod) ~ 1",0.104178776965009,0.76935845942256,-0.0793081459744757,0.820751968841955,-0.0318344473223345,0.741238946478324,-0.481216522329817,0.755308586253548,0.234366965914797,0.802879458696652,-1.38753858279589,0.660507382187341,0.0844853467466873,0.451429825211766,0,94.4579075272101,115.518675335899,7,23,245.037350671798,0,1,NA,1
"109",1,NA,24,780,"Twilight","~as.factor(twilightperiod) ~ 1",1.34657952165189,1.13261793199235,0.809963078683563,1.15754413855481,0.84994790233365,1.15631506849278,0.671889037494155,1.13927946319459,0.625201494500754,1.23860770769837,-2.17665687373427,1.06534385949061,-0.326699795674067,0.444178364754449,0,192.071923694955,91.025703208147,7,23,196.051406416294,0,1,NA,1
"110",1,NA,24,840,"Twilight","~as.factor(twilightperiod) ~ 1",0.296174434452462,0.593974746344443,-0.343866141093219,0.702412090137854,-0.527943774295726,0.648389734191819,-0.390266204361032,0.621614873403651,-1.7868930287976,1.13910505975376,-1.34400182563106,0.505688045740404,0.367526491119606,0.482037980771038,0,67.9952942396642,119.025833362158,7,23,252.051666724316,0,1,NA,1
"111",1,NA,24,900,"Twilight","~as.factor(twilightperiod) ~ 1",0.978830970544715,0.826569015454439,1.15431667521584,0.895387257956699,0.566132500220355,0.82797659124679,0.63506272655346,0.841452914509776,1.48866334514907,0.859353336739382,-2.49208438531506,0.738521220522196,0.358219316058807,0.482723238153897,0,110.961540856157,114.399006449493,7,23,242.798012898987,0,1,NA,1
"112",1,NA,24,960,"Twilight","~as.factor(twilightperiod) ~ 1",-0.599218384095222,0.691056637908999,0.339189254793461,0.667126596393744,-0.379124070560798,0.630496101497416,0.153024206484566,0.591111873041593,-0.85625151408336,0.896122995113904,-1.46362483428092,0.507488004922001,0.374972966627002,0.484546514831074,0,60.6534548237981,117.857835322824,7,23,249.715670645649,0,1,NA,1
"113",1,NA,24,1020,"Twilight","~as.factor(twilightperiod) ~ 1",0.491635138134218,0.86707107269566,0.658790916524432,0.905906818552962,0.384034033974779,0.878215168817677,-0.274443769389277,0.903964063865742,0.746338817567965,0.904772441920996,-1.74950528879295,0.771750215419222,-0.297735986241707,0.450689460047672,0,107.260137203695,97.3294124207682,7,23,208.658824841536,0,1,NA,1
"114",1,NA,24,1080,"Twilight","~as.factor(twilightperiod) ~ 1",2.03352606897302,1.07959460487038,0.948270615684591,1.15676057081357,1.40131366498708,1.10561003883394,1.60082842014026,1.08099578088443,-0.0819147346097131,1.44867166106182,-3.02831529060483,1.03096889463757,0.319807782781135,0.473995617485316,0,208.803595488461,105.850970770872,7,23,225.701941541744,0,1,NA,1
"115",1,NA,24,1140,"Twilight","~as.factor(twilightperiod) ~ 1",0.507902243740172,0.855310555964719,0.68478237441276,0.884361655503463,0.321967032995862,0.863631429511792,0.393891425228197,0.827945914707386,1.27804044320961,0.923570958959602,-1.83423772019441,0.770957344206107,0.0445307264610067,0.441227663222933,0,145.442624644972,122.635016871513,7,23,259.270033743026,0,1,NA,1
"116",1,NA,24,3600,"Twilight","~as.factor(twilightperiod) ~ 1",7.98520690830652,52.5962958935183,8.38279229881594,52.5969124717074,8.23204927500901,52.5960078404327,8.1504500143012,52.596149130596,7.88373845429259,52.5975267167025,-9.05398588991704,52.5954835224611,0.570236469675717,0.455479661881247,0,1056584.03948095,169.536556277715,7,23,353.073112555431,0,1,NA,1
"117",1,NA,24,60,"Twilight","~as.factor(twilightperiod) ~ 1",0.629856447652087,1.20983712872028,-8.17486807195012,97.040385531634,1.00443135262032,1.17826108993222,0.230104835019623,1.27973786635917,1.48886304527051,1.33272350062454,-2.59303369856128,1.05129470773116,-1.02915773356055,0.550300932568181,0,96057.5695241516,44.3663149517633,7,23,102.732629903527,0,1,NA,1
"118",1,NA,24,1200,"Twilight","~as.factor(twilightperiod) ~ 1",1.07390214285297,1.12976672443336,1.51929597495334,1.13812751880668,1.90507310331932,1.06805939119106,0.868655563997327,1.12739872241648,1.78959923542499,1.09870438195277,-3.07657535831826,1.02412316190627,0.394991599507194,0.490342850273887,0,214.275326733632,112.236542137267,7,23,238.473084274534,0,1,NA,1
"119",1,NA,24,120,"Twilight","~as.factor(twilightperiod) ~ 1",1.17707762578195,1.16469611115606,-9.22965341616233,106.490937512002,-0.4104837271219,1.44643069892286,0.226965663814149,1.26553175412492,1.40637224894903,1.22485729029174,-3.01091756978019,1.04142967817239,-0.510959189693586,0.627721447245298,0,109337.393257068,44.0678701873695,7,23,102.135740374739,0,1,NA,1
"120",1,NA,24,180,"Twilight","~as.factor(twilightperiod) ~ 1",0.455104327527161,0.950589733404321,-12.0436002686155,408.593857132251,-0.00582083207788572,0.992058997494937,-0.25443549464927,1.07695852786899,-11.732630087144,234.412751184548,-1.82350730486784,0.782045280460672,-1.29174725114214,0.591155818960872,0,1581912.77500399,39.2531536562236,7,23,92.5063073124471,0,1,NA,1
"121",1,NA,24,240,"Twilight","~as.factor(twilightperiod) ~ 1",-1.02322727304259,1.07008788936999,-10.4597168407321,153.992596183667,0.321252762452111,0.902411464760064,-0.283376759549327,0.993058384692292,0.46822632616639,1.02004554488956,-1.67593524491543,0.780830464145421,-0.838185773537586,0.507291129841443,0,324828.647978167,54.8505509633018,7,23,123.701101926604,0,1,NA,1
"122",1,NA,24,300,"Twilight","~as.factor(twilightperiod) ~ 1",-0.936141855291558,0.821698377289647,-1.33509695892891,1.17298089201873,-0.397266325334269,0.780194269298132,-0.607940358074958,0.7335021526457,0.00594660447009437,0.746041158354329,-1.51810685283858,0.572622830479476,-0.113192473917577,0.501884621316118,0,42.0470529048306,76.8330993619881,7,23,167.666198723976,0,1,NA,1
"123",1,NA,24,360,"Twilight","~as.factor(twilightperiod) ~ 1",0.920648439231103,0.83494603191109,0.957066710211682,0.951379836219836,-0.390714844396687,0.957695219441936,-0.1275893715773,0.914202100218393,-0.592167055628875,1.26978930038963,-2.30250272881902,0.761613434425699,-0.0700522879172542,0.516137435719895,0,75.0580341229344,78.5833951613137,7,23,171.166790322627,0,1,NA,1
"124",1,NA,24,420,"Twilight","~as.factor(twilightperiod) ~ 1",0.595896540285613,1.13929029622353,1.58813908412246,1.19207368220247,0.923019511138344,1.12675796040307,1.01076153760774,1.12538224687207,1.52330231694196,1.18182586996115,-2.73648286188239,1.04014729445112,-0.24104205434937,0.465818398083463,0,148.669911951993,84.9818431719098,7,23,183.96368634382,0,1,NA,1
"125",1,NA,24,480,"Twilight","~as.factor(twilightperiod) ~ 1",-0.206588716726146,0.670329100184725,-0.189007206761981,0.697683369884756,-0.0747153900124949,0.673367149055844,-1.60236568856072,0.878469370974433,-0.516512294302253,0.793789072678616,-1.47234344296954,0.506156357739047,0.0222789706112073,0.481813507315943,0,38.7364236040562,88.2049054888159,7,23,190.409810977632,0,1,NA,1
"126",1,NA,24,540,"Twilight","~as.factor(twilightperiod) ~ 1",1.60616105864817,1.08166141677095,0.619484037905535,1.27121337345392,1.21543949619112,1.10682974715138,1.24390837084712,1.08931224284622,0.989345933540189,1.27463665502902,-2.9908000592067,1.03197476656291,0.220921483476588,0.489571906409221,0,189.465513817316,101.385897000068,7,23,216.771794000136,0,1,NA,1
"127",1,NA,28,600,"Twilight","~as.factor(twilightperiod) ~ 1",0.249106796659132,0.652258743444761,0.226630669204295,0.700384316820167,0.0491230329329505,0.674122129894172,-0.277593533064776,0.689240982938012,-0.185066907848938,0.817237448943539,-1.89661844749719,0.542007013490778,0.145217437569218,0.471510213389286,0,58.8640954154171,114.51108904522,7,23,243.022178090441,0,1,NA,1
"128",1,NA,28,660,"Twilight","~as.factor(twilightperiod) ~ 1",0.383956579651057,0.727837693450162,0.646753496198044,0.779923730195242,0.0395033766968542,0.767323878208764,0.104180734839653,0.740363524432984,1.09789700738915,0.769060687448991,-2.41905606889073,0.610166227158032,0.246018940075382,0.506866491194749,0,65.6125408286143,109.207705023651,7,23,232.415410047303,0,1,NA,1
"129",1,NA,28,720,"Twilight","~as.factor(twilightperiod) ~ 1",-0.189407812894981,0.804194416212034,0.0865199785456304,0.969566309161444,0.720297443130746,0.696190822035148,0.793820476639287,0.690135670187459,0.332646837972561,0.813267479019636,-2.25690473739223,0.613246387254024,0.149530554071046,0.468644244502434,0,81.8747447844934,114.471968729887,7,23,242.943937459774,0,1,NA,1
"130",1,NA,28,780,"Twilight","~as.factor(twilightperiod) ~ 1",0.627532334158638,0.651444728020134,0.269895278629177,0.726036512372775,0.690654229558756,0.625290942245605,0.0317394868785203,0.654428866384741,1.03527792654505,0.696790207721168,-2.00485833868268,0.535095078944925,0.218232858042203,0.444916746187594,0,73.7471406122941,131.05058276551,7,23,276.101165531019,0,1,NA,1
"131",1,NA,28,840,"Twilight","~as.factor(twilightperiod) ~ 1",0.0144643012842493,0.751651789159607,0.559187737268872,0.855828801819747,-0.0817679113103203,0.794098881145709,0.134965155532471,0.727793578540524,0.638898469854167,0.787643486689602,-1.70695114009436,0.631532717130223,-0.380712696326321,0.438645562391822,0,77.2144427403591,102.802760347558,7,23,219.605520695115,0,1,NA,1
"132",1,NA,28,900,"Twilight","~as.factor(twilightperiod) ~ 1",0.553922642722297,0.653999594700704,-0.417682369568774,0.82141104349027,0.538111129913117,0.635912295570878,-0.608107167178925,0.756106607937029,0.8610512016601,0.706115749691005,-1.74380102412361,0.545746163701296,-0.164045703156987,0.438851487420598,0,68.9701721672125,114.397522985101,7,23,242.795045970201,0,1,NA,1
"133",1,NA,28,960,"Twilight","~as.factor(twilightperiod) ~ 1",-0.162025526782178,0.682244866930114,0.267938847806816,0.673751055853786,-0.013871998464999,0.645740143469715,0.512511122156946,0.638371540033939,-0.802273391414131,0.916123280778203,-1.68258610581942,0.546572455513932,0.243002751801213,0.449938399038314,0,76.3494406720299,127.751756971613,7,23,269.503513943225,0,1,NA,1
"134",1,NA,28,1020,"Twilight","~as.factor(twilightperiod) ~ 1",-0.158029205882132,0.653084095910659,-0.634735432167814,0.7471727982604,0.0274304428191294,0.644297719804678,-0.151548431084416,0.647910336758387,-0.0833348233074039,0.757445207372559,-1.28510853271789,0.571215363155558,0.338916851481258,0.439996460601037,0,99.1617035019183,148.269022266578,7,23,310.538044533156,0,1,NA,1
"135",1,NA,28,1080,"Twilight","~as.factor(twilightperiod) ~ 1",-0.577326747479269,0.619679716408211,-0.180297743666318,0.672524816113132,-0.931365404929015,0.673384874675553,-0.251405736445099,0.608501908671115,0.0075292316805386,0.657200698369192,-1.13327695344625,0.518646058488849,0.332725261084206,0.4383315386716,0,73.1468844550182,137.545814244327,7,23,289.091628488654,0,1,NA,1
"136",1,NA,28,1140,"Twilight","~as.factor(twilightperiod) ~ 1",1.26085377416984,0.786784381159873,1.29506940068534,0.826778432803977,1.07879172343275,0.797481442396792,1.07888397591063,0.805810730504368,1.16380913649953,0.863748643520589,-2.66031808056883,0.740063639767453,0.812360890136832,0.497025605615546,0,171.48729932715,161.44006917923,7,23,336.88013835846,0,1,NA,1
"137",1,NA,28,3600,"Twilight","~as.factor(twilightperiod) ~ 1",8.34701852239971,44.2788213692513,8.69761794469826,44.2791467671427,7.62257468071298,44.2788676574915,8.04934985741843,44.2788363084557,8.17771175330345,44.2794091670143,-9.19094870837601,44.2780050880366,0.858963693755722,0.46351553068321,0,811762.376161013,189.779545812839,7,23,393.559091625678,0,1,NA,1
"138",1,NA,28,60,"Twilight","~as.factor(twilightperiod) ~ 1",0.138418708966669,1.2783674814582,0.0641798397177384,1.47074373195502,1.00682345479163,1.15238899022172,-0.0223169052749081,1.2719263616338,0.299511975055535,1.4757319934457,-2.81432242621097,1.07492031238244,-0.884558149045233,0.597603386353934,0,79.2211381671863,49.1636671515027,7,23,112.327334303005,0,1,NA,1
"139",1,NA,28,1200,"Twilight","~as.factor(twilightperiod) ~ 1",-0.168149485090073,0.653484948194786,-0.542179792975497,0.821485927089732,-0.451511191356353,0.696594246248975,0.289002801685688,0.622516823943829,0.615570596563521,0.684253979023037,-1.68693531623276,0.546812301979077,0.411595671324057,0.460307102667593,0,76.9056196009069,132.390538740696,7,23,278.781077481392,0,1,NA,1
"140",1,NA,28,120,"Twilight","~as.factor(twilightperiod) ~ 1",0.0434010748620627,0.797545484107532,-0.76879226307257,1.18814676462435,0.208836787468175,0.772502604303963,-0.136826176980021,0.797568700676462,-10.0895454879852,99.3657125988784,-2.51567286253396,0.635956168687011,0.372418186629128,0.682174507419724,0,146214.24607626,68.6420119656545,7,23,151.284023931309,0,1,NA,1
"141",1,NA,28,180,"Twilight","~as.factor(twilightperiod) ~ 1",-0.204676085048322,1.27259671352051,0.123536020099457,1.48429945055969,0.581645233350885,1.16928533956742,0.665064982174199,1.14544076178222,1.17985265456251,1.2329335835422,-2.6396010059518,1.05839785404811,-0.614315406778781,0.50074614823052,0,95.6860624835314,61.5238271411744,7,23,137.047654282349,0,1,NA,1
"142",1,NA,28,240,"Twilight","~as.factor(twilightperiod) ~ 1",-0.00634424204663569,0.683537585525044,0.415324075947291,0.745066217847889,-0.483988116678862,0.692968720034517,-0.594879349968413,0.717288798136052,-0.300893988522851,0.818138617331294,-1.76783984703579,0.546888095358753,0.163007565923182,0.477032163436617,0,50.216647444219,102.004824208935,7,23,218.00964841787,0,1,NA,1
"143",1,NA,28,300,"Twilight","~as.factor(twilightperiod) ~ 1",6.92715822428986,36.9662189746144,8.33795958195247,36.9643739595564,8.28716423470062,36.9616626154036,8.95082337385364,36.9605286542716,8.93683077041858,36.9612927280978,-10.1774590514695,36.9593231670466,-0.0303587202820502,0.466291654985385,0,225806.078518247,94.7393764331307,7,23,203.478752866261,0,1,NA,1
"144",1,NA,28,360,"Twilight","~as.factor(twilightperiod) ~ 1",-0.303185782050464,0.684353288195388,-10.1760176651337,79.6890477469804,0.00504616666075824,0.622691879856607,0.0780777644251915,0.667975194948668,-0.0730086020109783,0.731419195696462,-1.69553619431224,0.492071835955419,-0.251720257671384,0.463625247611946,0,155291.59882032,91.6432186680911,7,23,197.286437336182,0,1,NA,1
"145",1,NA,28,420,"Twilight","~as.factor(twilightperiod) ~ 1",-0.0598465632205405,0.719269649528696,-1.69981132601416,1.16379732482155,-0.560831655188582,0.687968217547849,-0.839161728314068,0.764366956908272,-0.275135724293782,0.781345362960588,-1.58435979847256,0.577794075078986,-0.0404031793421073,0.479554484613434,0,50.7758506816554,91.4156839307515,7,23,196.831367861503,0,1,NA,1
"146",1,NA,28,480,"Twilight","~as.factor(twilightperiod) ~ 1",0.817652491782462,1.12247336273927,0.745768641371689,1.18764530720861,1.44372076608381,1.08278967992382,1.42781058901935,1.09132626645367,1.63658582690824,1.13289001032499,-3.27309439372298,1.02672425999693,0.314103064669567,0.521817520812366,0,178.894601413654,106.020389872689,7,23,226.040779745379,0,1,NA,1
"147",1,NA,28,540,"Twilight","~as.factor(twilightperiod) ~ 1",0.501986875177835,0.74842652786808,0.416577866535015,0.888880877439301,-0.162308671208965,0.81612024994689,-0.484556416048874,0.811480386043779,0.449577771548856,0.833839114032224,-2.06181093682573,0.628778987388636,-0.237609973445416,0.468154827425616,0,55.3211424177992,86.7814928851882,7,23,187.562985770376,0,1,NA,1
"148",1,NA,3,600,"Twilight","~as.factor(twilightperiod) ~ 1",-4.14899374952663,1034.11528396748,-2.47290619549623,643.423864821704,-5.6254037205311,1754.25774984979,12.1378460078258,379.446537841266,-3.41629857002301,832.66221190579,-9.95312714745284,153.590305787075,-0.763662158375455,57.6006362978624,0,4187147.10932164,4.18793780976219,7,17,22.3758756195244,0,1,NA,1
"149",1,NA,3,660,"Twilight","~as.factor(twilightperiod) ~ 1",-4.79641658051726,499.8718561487,-2.66252079331065,313.809053582069,-3.84479403632655,396.0294774038,10.7829353399056,143.211608819083,-2.58461819075784,302.563400715788,-8.66270170958536,83.7878690237445,-0.20888326601683,31.4252302225912,0,274234.467671603,3.365274126091,7,15,20.730548252182,0,1,NA,1
"150",1,NA,3,720,"Twilight","~as.factor(twilightperiod) ~ 1",-2.9920290049392,1395.52183410445,-2.35588022442799,1249.4478455606,10.9424127262304,265.800273157821,-4.68925651660824,1772.10280021064,-2.31770672885257,1226.93640970753,-12.5518543582074,265.79801522597,12.2333027720592,1013.50064547073,0,5260063.00445818,2.70338460560046,7,17,19.4067692112009,0,1,NA,1
"151",1,NA,3,780,"Twilight","~as.factor(twilightperiod) ~ 1",16.5503583471871,125.505776089831,-3.17290157318669,380.76262833549,-7.73985000982652,1437.36870095743,-7.005575898027,1136.34923854088,-2.80295996385152,319.312522242597,-7.75413191614719,76.3932537743554,-0.405373202421496,0.913110175233881,0,2479046.90903303,3.3653495836065,7,14,20.730699167213,0,1,NA,1
"152",1,NA,3,840,"Twilight","~as.factor(twilightperiod) ~ 1",7.03961883728376,58.5311829318383,-9.23803924004671,2963.54117716189,-11.129007871182,7698.23879715241,6.05866044103065,58.5293886027135,7.44532796939969,58.5326340970997,-8.13742276535422,58.5198735594723,7.23689241277579,149.06168934467,0,182966272.853772,7.2987092017794,7,16,28.5974184035588,0,1,NA,1
"153",1,"Error in as(ms, ""data.frame"") : 
  no method or default for coercing “try-error” to “data.frame”
",3,900,NA,NA,NA,NA,NA,NA,NA,NA,NA,NA,NA,NA,NA,NA,NA,NA,NA,NA,NA,NA,NA,NA,NA,NA,NA,NA
"154",1,NA,3,960,"Twilight","~as.factor(twilightperiod) ~ 1",-2.89936882138325,303.330941207459,-4.07432613618371,378.571321427541,10.10165614475,157.368788652513,-4.13764045256924,389.979835263582,-4.78143985347277,436.52997706209,-8.63278531061689,99.8002116494572,0.468457013306674,74.7815779033499,0,86802.4153658242,1.38643596485753,7,13,16.7728719297151,0,1,NA,1
"155",1,NA,3,1020,"Twilight","~as.factor(twilightperiod) ~ 1",-12.0847079948502,98.0838275024884,-18.4400049783356,1803.58485892437,-21.1973173204399,4211.84182348329,15.2125364172517,25393.3446016606,16.3784615601599,47499.9181778959,4.50947137203145,61.6333243589592,-0.689034303657923,0.661383527748348,0,6000773832.57101,7.63840891100525,7,16,29.2768178220105,0,1,NA,1
"156",1,NA,3,1080,"Twilight","~as.factor(twilightperiod) ~ 1",8.98690224779714,109.53763351714,-8.6219760086334,6613.30512241103,-4.87465834988715,1258.10742336645,8.29367898427141,109.539916257537,-6.36248465653552,2155.30883819399,-10.085544792266,109.534590659968,11.2439947089957,1084.43370609776,0,160093041.480337,7.36958046868784,7,16,28.7391609373757,0,1,NA,1
"157",1,NA,3,1140,"Twilight","~as.factor(twilightperiod) ~ 1",-4.20149343628265,663.362114061469,-2.09931650947412,423.729152578074,-3.97401610427006,606.983491644536,10.605733453002,278.989713032831,-3.97401610517578,606.973046097195,-8.38343516580937,145.545886079041,-1.25602909150715,38.3647594053697,0,356295.520413987,2.5020832718933,7,14,19.0041665437866,0,1,NA,1
"158",1,"Error in as(ms, ""data.frame"") : 
  no method or default for coercing “try-error” to “data.frame”
",3,3600,NA,NA,NA,NA,NA,NA,NA,NA,NA,NA,NA,NA,NA,NA,NA,NA,NA,NA,NA,NA,NA,NA,NA,NA,NA,NA
"159",1,NA,3,60,"Twilight","~as.factor(twilightperiod) ~ 1",-1.92513224364961,232471.924037143,-1.7293200133491,NA,-1.94174535762603,134217.727953125,-2.11065112677939,NA,-0.637159127502721,NA,-11.7243497145107,NA,-13.0468723367245,NA,0,-104.365060268073,1.29395827387187e-10,7,15,14.0000000002588,0,1,NA,1
"160",1,"Error in as(ms, ""data.frame"") : 
  no method or default for coercing “try-error” to “data.frame”
",3,1200,NA,NA,NA,NA,NA,NA,NA,NA,NA,NA,NA,NA,NA,NA,NA,NA,NA,NA,NA,NA,NA,NA,NA,NA,NA,NA
"161",1,NA,3,120,"Twilight","~as.factor(twilightperiod) ~ 1",-5.94429724087296,1364.80766960328,-3.79021658888052,746.47789726295,18.3708679007852,267.36719381026,-5.97204836155651,1383.1938793628,-3.71730983386446,720.948966553063,-8.70318185432201,155.247845171184,-1.0986188471684,1.1548066028561,0,1444071.5914991,2.24940815493426,7,14,18.4988163098685,0,1,NA,1
"162",1,NA,3,180,"Twilight","~as.factor(twilightperiod) ~ 1",-3.04776319341324,175959.374399899,-1.78993591936296,87131.5501507616,-2.48077212436948,81484.0016618415,-2.19377315288078,104626.353187496,-1.17830497460913,101532.845134862,-10.6905493023567,36440.7533299576,-11.5705229800736,62281.2094330921,0,-14.395007947239,3.53039153475304e-10,7,11,14.0000000007061,0,1,NA,1
"163",1,NA,3,240,"Twilight","~as.factor(twilightperiod) ~ 1",-4.05812793805852,1054.41339585115,-1.92687708707313,798.469397039759,-4.91800318067424,1321.47902798671,-2.88678977728991,906.332913456594,11.7411390504448,251.218986385095,-11.1153398366123,259.871589215722,1.19369357717566,542.785615834118,0,1041660.5070387,1.3863296098906,7,14,16.7726592197812,0,1,NA,1
"164",1,NA,3,300,"Twilight","~as.factor(twilightperiod) ~ 1",-4.42279505877994,543.841225619075,10.5453057423694,211.147473065262,-4.81470074442707,597.443678027582,-3.94570759153041,486.968425721072,-1.43696259166421,258.098055876453,-8.02853230449761,86.277533441043,-1.28851042309877,20.9853451865762,0,280507.24925043,2.50218696809996,7,13,19.0043739361999,0,1,NA,1
"165",1,"Error in as(ms, ""data.frame"") : 
  no method or default for coercing “try-error” to “data.frame”
",3,360,NA,NA,NA,NA,NA,NA,NA,NA,NA,NA,NA,NA,NA,NA,NA,NA,NA,NA,NA,NA,NA,NA,NA,NA,NA,NA
"166",1,NA,3,420,"Twilight","~as.factor(twilightperiod) ~ 1",-2.23470320085764,1186.25963314307,-4.69253956824124,2003.87930584887,-4.73695982889779,2048.98751680363,-4.15954545291943,1775.77337049788,14.9060153620247,1317.04405754444,-11.2189891288435,222.563919169993,0.050079045076906,66.7315292237911,0,2014662.15063961,1.38631654155787,7,11,16.7726330831157,0,1,NA,1
"167",1,NA,3,480,"Twilight","~as.factor(twilightperiod) ~ 1",11.2030452779239,730.12165619808,-2.44308838963429,560.504090444026,-4.0030372846744,844.285570692859,-6.68288504102137,1999.15044498902,-1.01402932665338,1396.23415645346,-8.09535778611909,161.735187424513,-1.89581456019377,36.6629136231027,0,3470436.66055419,3.0142069735111,7,14,20.0284139470222,0,1,NA,1
"168",1,NA,3,540,"Twilight","~as.factor(twilightperiod) ~ 1",-11.836221952971,209.525972283457,-10.2094834448144,159.67139705825,-12.4750060190953,268.345638515572,-14.1469469056314,1669.39584075592,0.000153840432916069,1.81417503221217,-0.560370331921032,37.5142368405298,2.4022693200064,287.552540311246,0,4488490.96396025,3.81916250484223,7,13,21.6383250096845,0,1,NA,1
"169",1,NA,32,600,"Twilight","~as.factor(twilightperiod) ~ 1",0.471036123149163,0.730706285321362,0.224480621514854,0.824150376033705,0.111557428991751,0.77508680976774,-0.130001065762153,0.769593993405624,-0.459283214169194,0.896219696317362,-1.397184238175,0.647640877703168,-0.612561273047961,0.440357898518818,0,89.6033953482968,102.86448619082,7,23,219.72897238164,0,1,NA,1
"170",1,NA,32,660,"Twilight","~as.factor(twilightperiod) ~ 1",-0.477119228424492,0.628936209129656,-0.316116291439969,0.742987707047687,-0.273902288439521,0.632242127506607,-0.223492465160981,0.592079065461598,-1.7245679451444,1.13831464106054,-1.42318543981059,0.504145587048393,-0.112626451738956,0.446824707794707,0,67.7462752013781,120.466477436211,7,23,254.932954872423,0,1,NA,1
"171",1,NA,32,720,"Twilight","~as.factor(twilightperiod) ~ 1",0.0224963999547188,0.561381678327618,-0.748483396382165,0.768902430496336,-0.13418784065692,0.580973218393552,-0.905291568105134,0.594305152654017,-0.380478453695508,0.619603347971972,-1.28136704223162,0.46480005836821,0.0465999422207327,0.44253019680426,0,61.3510533477095,139.00915267285,7,23,292.018305345701,0,1,NA,1
"172",1,NA,32,780,"Twilight","~as.factor(twilightperiod) ~ 1",0.21429186875625,0.588890198217057,0.330930318279112,0.637983832871275,-1.18358414800585,0.77405638976598,0.0483677849874065,0.603522182079377,-0.299180326649583,0.792074555995824,-1.58513286049689,0.493136862119901,-0.0180245336756583,0.432438614144228,0,61.2994723924158,123.381719286185,7,23,260.763438572369,0,1,NA,1
"173",1,NA,32,840,"Twilight","~as.factor(twilightperiod) ~ 1",-0.7312881765244,0.60578342564125,-0.503881292663673,0.612479677643941,-0.558797109664631,0.569129615353179,-0.310406291135691,0.537166026289646,-0.820366361590806,0.676516500002321,-1.39151030254582,0.428172142805082,0.302486075100353,0.464716197674141,0,46.6421969956581,134.893646757117,7,23,283.787293514233,0,1,NA,1
"174",1,NA,32,900,"Twilight","~as.factor(twilightperiod) ~ 1",-1.09547261782421,0.597797118685862,-1.74969063790508,0.854856733899234,-0.581190189603346,0.531212298613851,-1.31792683539053,0.594486989122817,-0.136199518974185,0.618853240236894,-1.04658879984988,0.449003141065187,0.534122639760673,0.453433118079589,0,55.7506458431807,137.116307477085,7,23,288.23261495417,0,1,NA,1
"175",1,NA,32,960,"Twilight","~as.factor(twilightperiod) ~ 1",-0.415713910209178,0.62775099674494,0.372411374307573,0.649244369320698,-0.222278103660973,0.597154679399584,0.41403506161304,0.595121084243672,-0.420280738015936,0.69237975888616,-1.45237754523056,0.500496191504607,0.126201535122236,0.426410952561915,0,72.8936088146063,142.82000264079,7,23,299.640005281579,0,1,NA,1
"176",1,NA,32,1020,"Twilight","~as.factor(twilightperiod) ~ 1",-0.00307257030379424,0.662388398710337,-0.0374802677239056,0.724934239599996,0.131463209963091,0.641390346194609,0.83189881849258,0.604473107548321,-0.104935360052246,0.761867610768286,-1.80095671651669,0.540711203833794,0.0264638172156592,0.436520572634145,0,88.3321453058631,143.457016650208,7,23,300.914033300417,0,1,NA,1
"177",1,NA,32,1080,"Twilight","~as.factor(twilightperiod) ~ 1",-0.288927156582572,0.736044689006688,0.150012545254695,0.742911973138301,0.267350293408299,0.709907956418435,0.55235823801534,0.679765141565802,0.256338918669387,0.78846772361979,-1.93058242575966,0.621209422047123,0.263691952272883,0.454081814040135,0,108.89283225,146.319986765025,7,23,306.63997353005,0,1,NA,1
"178",1,NA,32,1140,"Twilight","~as.factor(twilightperiod) ~ 1",-0.144773050403876,0.564186259909457,-0.761267544893152,0.67277492413208,-0.586798450058297,0.580832900292857,-0.631972431114905,0.580644368181431,-0.356163912691,0.650367340702726,-1.16676652525147,0.469983143281533,0.21840224780379,0.441765706521072,0,66.1511319065848,147.285691108102,7,23,308.571382216204,0,1,NA,1
"179",1,NA,32,3600,"Twilight","~as.factor(twilightperiod) ~ 1",8.55037933211958,45.4999893146344,8.14442357205051,45.5006352775538,8.07119719045128,45.4998555715003,8.61884909428643,45.4998658542396,8.5855130312037,45.5004952958995,-9.24453059637276,45.4993021165866,0.83160158060737,0.454652069385861,0,1103598.5571318,226.777373693497,7,23,467.554747386994,0,1,NA,1
"180",1,NA,32,60,"Twilight","~as.factor(twilightperiod) ~ 1",1.0069853575231,1.16192015143182,0.464305292244688,1.47597379640314,0.533057356486466,1.19582443784677,0.948755015699914,1.13491766461168,-0.139162656239315,1.45076997494618,-2.92849740400177,1.03556576866578,-0.820695692745382,0.515964334865347,0,92.6761310394447,59.6496552664882,7,23,133.299310532976,0,1,NA,1
"181",1,NA,32,1200,"Twilight","~as.factor(twilightperiod) ~ 1",0.0651118751836349,0.636288209985416,0.611179051444906,0.672299257493884,0.00755727580964809,0.635242722576563,0.302128899648788,0.640111052556929,0.260226782698624,0.703412112345313,-1.45756110945392,0.556346677838867,0.105635657303253,0.42159242368914,0,104.712388001329,158.09057215898,7,23,330.181144317961,0,1,NA,1
"182",1,NA,32,120,"Twilight","~as.factor(twilightperiod) ~ 1",1.28316765816796,1.19045529398708,0.449958558704465,1.31508143512974,-0.17919450018147,1.29578285321376,0.561032728668331,1.17012921624794,-0.140912739657827,1.49633259503059,-2.10132545548695,1.06414344350604,-1.48779826850203,0.556565457022043,0,106.786397814905,51.8689901511289,7,23,117.737980302258,0,1,NA,1
"183",1,NA,32,180,"Twilight","~as.factor(twilightperiod) ~ 1",1.29319062935952,1.09109219750464,0.0284888774673307,1.43936755058427,1.12051837898407,1.10129364280022,1.733686468063,1.07799069066181,0.771042487086995,1.24989799876527,-3.60769091090608,1.02236383866552,0.458959046603072,0.589265969552668,0,158.243438702642,97.1241222772498,7,23,208.2482445545,0,1,NA,1
"184",1,NA,32,240,"Twilight","~as.factor(twilightperiod) ~ 1",1.64514788975835,1.09791189591374,0.608873553241508,1.25482577076071,1.05463867052922,1.12064687067938,1.23561713002012,1.1056757224281,0.399031501492101,1.44646725406556,-3.43584850923363,1.02679707386009,-0.0850704693801581,0.514850249319892,0,131.525775720466,83.5518321722945,7,23,181.103664344589,0,1,NA,1
"185",1,NA,32,300,"Twilight","~as.factor(twilightperiod) ~ 1",-0.38968101480728,0.804630689693917,0.370658844681757,0.784122526359765,0.00898317357564556,0.71985848028851,0.525634385935718,0.713486208543436,0.251684212354511,0.77975424859844,-2.15991296177859,0.620782894423288,-0.0241557517127792,0.470083396803335,0,74.8379924755514,115.577785691883,7,23,245.155571383766,0,1,NA,1
"186",1,NA,32,360,"Twilight","~as.factor(twilightperiod) ~ 1",-0.497068195973275,0.638704636491014,0.0481953474231691,0.70359022269426,-0.51218230384952,0.688169403874968,-0.555303922547259,0.686806875537046,-0.206289709166641,0.799176263556625,-1.54193356470521,0.50116913131897,-0.30224928755249,0.451402871146896,0,45.116786280658,100.981250304199,7,23,215.962500608398,0,1,NA,1
"187",1,NA,32,420,"Twilight","~as.factor(twilightperiod) ~ 1",-0.0232076331118664,0.744217669512578,0.570549979226537,0.755831118777872,0.376384496516998,0.716362411219093,0.382600940809265,0.706833580853642,-8.08485518994589,32.2776861621848,-2.39642879420495,0.620245510147814,0.481886508921438,0.523403655473253,0,30319.5764805298,111.343928660471,7,23,236.687857320943,0,1,NA,1
"188",1,NA,32,480,"Twilight","~as.factor(twilightperiod) ~ 1",0.149154538647306,0.54427281132962,-0.617887528558072,0.759461774017271,-0.483803689004145,0.600634815333546,-0.340896865622005,0.585780745987179,-0.410577839682808,0.760036016070607,-1.64462847934794,0.450205775688985,0.116804996893542,0.461438214325793,0,51.7224614923841,128.876319018108,7,23,271.752638036216,0,1,NA,1
"189",1,NA,32,540,"Twilight","~as.factor(twilightperiod) ~ 1",0.325727203613484,0.854084848212893,0.289801557535302,0.955679533353514,1.18096213346602,0.795692966708555,0.0698376076887138,0.872087056792641,0.481992115387809,0.877111528021609,-2.55103231250954,0.741322060391522,0.307015179920614,0.46805626836175,0,111.340735458604,117.333476935772,7,23,248.666953871543,0,1,NA,1
"190",1,NA,4,600,"Twilight","~as.factor(twilightperiod) ~ 1",7.71213591455497,47.2943806492711,8.91612257541767,47.2897986976456,8.40533186679462,47.2890935954564,7.18151200401284,47.2939452170362,8.40527628572521,47.2954377711993,-10.0147647118973,47.2827500584942,10.6103810938114,269.475038990502,0,518883.632197612,19.8223058889756,7,22,53.6446117779513,0,1,NA,1
"191",1,NA,4,660,"Twilight","~as.factor(twilightperiod) ~ 1",11.5829298745325,267.396386013018,-5.28757680754187,3480.20539649159,10.3301667894247,267.397610809449,-9.35239577769033,21064.1227713805,-5.18268445068313,4373.15938446297,-12.9692268311034,267.395607081367,24.5981845672856,NA,0,-4020431591.90028,11.1800008792496,7,22,36.3600017584991,0,1,NA,1
"192",1,NA,4,720,"Twilight","~as.factor(twilightperiod) ~ 1",11.0375621969785,125.141352915959,-7.60203095492712,5594.04826740099,8.96859154409956,125.143736557759,9.86044752678807,125.142466683007,9.85462135701123,125.145371891395,-11.1523638435685,125.139245489616,0.50426501282343,1.55095508055257,0,201483702.141319,20.0123738547527,7,22,54.0247477095055,0,1,NA,1
"193",1,NA,4,780,"Twilight","~as.factor(twilightperiod) ~ 1",-0.120674297864491,1.1998182149588,-8.56807726597463,52.1418309358595,-0.627142139131288,1.17313341228382,-1.58451934475583,1.36457753317284,0.265961634317182,1.25760322605235,-1.00966562155127,1.15142619974964,1.54564014638955,3.48738438026817,0,20768.8017760099,23.6072917559553,7,22,61.2145835119105,0,1,NA,1
"194",1,NA,4,840,"Twilight","~as.factor(twilightperiod) ~ 1",-0.876626431285391,1.51100173362143,0.104537154801455,1.34560360742521,0.627758948851577,1.28755943040173,-10.499529067615,109.963852718599,0.915495938168169,1.30363732734736,-1.6086195853811,1.09521501815817,9.52402655903565,158.370781302265,0,232059.11748219,23.618590730565,7,22,61.23718146113,0,1,NA,1
"195",1,NA,4,900,"Twilight","~as.factor(twilightperiod) ~ 1",0.458744607988321,1.45170340150808,-8.10098728519515,70.378683272516,1.62775344745953,1.6036514976566,0.0272720253592794,1.55501933345051,-8.06397355466411,69.5557435299165,-1.08083297689769,1.30753028249954,-0.28484551915904,0.733959274453364,0,29588.0840759068,22.4306663014396,7,22,58.8613326028792,0,1,NA,1
"196",1,NA,4,960,"Twilight","~as.factor(twilightperiod) ~ 1",-0.636368209963481,1.55330994734486,1.1971350850914,1.40500709678018,0.060265604127948,1.30763996835001,-9.12940043078135,55.701514408606,1.4385138781875,1.44986990687803,-1.50263637369794,1.16653032177037,2.05779316919646,3.64086646950824,0,25604.389785597,24.1989714701173,7,22,62.3979429402346,0,1,NA,1
"197",1,NA,4,1020,"Twilight","~as.factor(twilightperiod) ~ 1",1.27299796146522,1.24214285931301,-14.8090159868989,1499.101905339,-12.2400832757992,282.116615164057,-12.4787903833898,256.277480749234,-12.0659838891202,329.640819504729,-1.60947885613801,1.0954762209629,11.4638682115674,217.373639776046,0,14112055.1137048,10.8537450454899,7,22,35.7074900909798,0,1,NA,1
"198",1,NA,4,1080,"Twilight","~as.factor(twilightperiod) ~ 1",9.03414797966421,54.6761066831697,8.40060302448622,54.6760538565265,9.12391010750912,54.6747773533202,-13.24294660938,23726.5821613318,8.77820104116932,54.6778059179705,-9.29144882640324,54.6711261531065,0.228674095437175,0.854110689700229,0,3993877495.59984,24.2580148815344,7,22,62.5160297630687,0,1,NA,1
"199",1,NA,4,1140,"Twilight","~as.factor(twilightperiod) ~ 1",-2.56533950381018,1.44123747581992,-11.524170313245,91.8011353196563,-1.20401345438011,1.19721740151376,-1.3863324903387,1.19023044226741,-11.2685699204576,105.776283537626,0.000153938630020015,1.00000009052444,10.9404222254758,145.601823035337,0,181087.472737304,20.9039951951084,7,22,55.8079903902168,0,1,NA,1
"200",1,"Error in as(ms, ""data.frame"") : 
  no method or default for coercing “try-error” to “data.frame”
",4,3600,NA,NA,NA,NA,NA,NA,NA,NA,NA,NA,NA,NA,NA,NA,NA,NA,NA,NA,NA,NA,NA,NA,NA,NA,NA,NA
"201",1,NA,4,60,"Twilight","~as.factor(twilightperiod) ~ 1",-5.14269659982452,1671.18877898023,10.5154016790295,187.49456073574,-5.89529926692532,1865.09497913321,-5.89052348610349,1778.39224502536,11.4724492049126,187.182318371388,-11.9772501308556,187.129552393679,2.04794604295525,NA,0,-43871.8508698078,4.61293918162286,7,22,23.2258783632457,0,1,NA,1
"202",1,NA,4,1200,"Twilight","~as.factor(twilightperiod) ~ 1",6.82667461039081,51.1933978260549,7.59451413790862,51.1988470463499,7.91245120394365,51.1852663098808,7.57363780516091,51.1887615400602,8.24857070458045,51.2147159060356,-8.73393947839202,51.1805746777547,0.318866715525684,1.32108187083618,0,117292.419976717,24.8346884652522,7,22,63.6693769305045,0,1,NA,1
"203",1,NA,4,120,"Twilight","~as.factor(twilightperiod) ~ 1",8.68112455072618,88.6365621193078,-7.63489598847049,4546.04194247507,-13.735160375848,33554.6323801782,8.39343962112319,88.6364443171621,9.22010382988961,88.6368978336709,-11.1656512542915,88.63045675772,7.64049949125859,68.4110954035141,0,4112725073.77085,10.343171397103,7,22,34.686342794206,0,1,NA,1
"204",1,NA,4,180,"Twilight","~as.factor(twilightperiod) ~ 1",17.6336765624526,159.55424621097,-1.9166388659317,391.862565790338,-4.52906449499961,583.973795106669,-3.49818142796861,494.979624196971,-1.30946551252809,408.379470988966,-8.97237711906778,78.707684268028,-2.30242262202652,1.04896142000801,0,311133.670941712,3.35123066187982,7,22,20.7024613237596,0,1,NA,1
"205",1,NA,4,240,"Twilight","~as.factor(twilightperiod) ~ 1",-8.35334100240195,77.5781113519365,-27.9766290257514,12682.5723349991,-18.4066258058729,103.747588687249,-9.92408402220062,77.5747142084715,-26.1004674124748,5117.59083688109,8.36399389979942,77.5777628636886,-0.704343282722015,0.676215894047559,0,505505551.89106,12.2193942678824,7,22,38.4387885357649,0,1,NA,1
"206",1,NA,4,300,"Twilight","~as.factor(twilightperiod) ~ 1",9.93747984776949,52.5857538194564,17.7314111854004,91.0664719642742,-7.06136265143272,2083.61098016517,-7.62091672422086,2242.56311908644,8.54593375647552,52.3450787449581,-8.95399594552177,52.3292797360469,-1.32946625644081,0.942042268853481,0,12383017.0172809,9.15203751772373,7,22,32.3040750354475,0,1,NA,1
"207",1,NA,4,360,"Twilight","~as.factor(twilightperiod) ~ 1",10.9103303328984,151.181978310599,10.0868840313735,151.184406780155,9.56309756185229,151.182747389034,-8.29272712887818,8526.51741773585,-7.19836362023469,5889.33409157656,-11.1907148398464,151.182379513799,-0.490558564778668,1.3726531982668,0,260589508.021672,11.7729027350782,7,22,37.5458054701564,0,1,NA,1
"208",1,NA,4,420,"Twilight","~as.factor(twilightperiod) ~ 1",10.1555342169992,168.246224090452,-6.61523415395383,4612.29286574269,-7.44078599875941,5843.444817453,10.761542637658,168.244715979695,-5.01940275545336,2936.63488382149,-12.5533347403412,168.242983822853,10.5469283771035,532.352837302892,0,140567244.285473,9.18369930992187,7,22,32.3673986198437,0,1,NA,1
"209",1,NA,4,480,"Twilight","~as.factor(twilightperiod) ~ 1",5.3248016000375,22.731527303317,6.17250115056071,22.7549137904753,6.07889394126319,22.7219080313706,5.06412000241942,22.730412522884,7.58293456245735,22.7321047977326,-7.61574012934589,22.7157509309675,1.15694704397518,3.36840463301186,0,18675.6041249582,19.6850719466907,7,22,53.3701438933813,0,1,NA,1
"210",1,NA,4,540,"Twilight","~as.factor(twilightperiod) ~ 1",-10.3088452928284,12256.6255364114,-5.07426297443143,1521.37282561892,8.58946078209625,146.628229909812,9.41608413701958,146.626555456402,-7.26653572549341,4197.98643790816,-11.3620154857607,146.624605453173,11.7195302521982,737.370277513684,0,632211875.663754,9.8315787279373,7,22,33.6631574558746,0,1,NA,1
"211",1,NA,8,600,"Twilight","~as.factor(twilightperiod) ~ 1",0.665483412556175,1.6637256888265,-8.79305351396642,93.4491500466113,10.3566624052687,93.4846564976138,1.26317940473507,1.85553296709482,1.32740001222988,1.81630126053981,-1.38757237963155,1.11803840228521,-1.82237767130808,0.624541085322404,0,24116.2079881821,15.8910504868004,7,22,45.7821009736008,0,1,NA,1
"212",1,NA,8,660,"Twilight","~as.factor(twilightperiod) ~ 1",9.48939537165678,111.329838937354,10.6770023478959,111.327960048804,10.4012443839656,111.326357783186,10.77426723754,111.325479935128,8.88955611060037,111.328739895908,-10.9145496259407,111.323682798667,-0.775750774086698,0.525697593992253,0,551364.323114919,31.8872701756682,7,22,77.7745403513364,0,1,NA,1
"213",1,NA,8,720,"Twilight","~as.factor(twilightperiod) ~ 1",-0.250538346699545,1.45862194806154,-9.67171417409439,108.155627259066,0.337209728429036,1.19947457025622,0.0371507485408458,1.26849571803774,-0.0682202561690059,1.46242576517714,-2.63972078684507,1.03543802488893,10.2216529593301,218.353771173923,0,440303.328379503,28.6630531423214,7,22,71.3261062846428,0,1,NA,1
"214",1,NA,8,780,"Twilight","~as.factor(twilightperiod) ~ 1",-0.990185293832981,1.05802350735399,-0.625952982103337,1.20486920570372,-1.18767778784419,0.970522089604814,-1.68676011435459,1.09570031752171,-1.92679262426375,1.34117054539023,-0.286842367078167,0.846177493806058,0.258141393357561,0.708277274721516,0,47.462830297355,43.6772786984098,7,22,101.35455739682,0,1,NA,1
"215",1,NA,8,840,"Twilight","~as.factor(twilightperiod) ~ 1",-23.3003408461696,378.546776928348,-23.0879475450523,359.254206699898,-11.424777454796,207.815767644269,-10.7618638186756,207.813627652857,-11.7704174950003,207.815439961085,10.5542001661142,207.812248061063,-1.69010818135583,0.647900545881619,0,1124532.31490887,16.7239535909759,7,22,47.4479071819518,0,1,NA,1
"216",1,NA,8,900,"Twilight","~as.factor(twilightperiod) ~ 1",0.541057734015216,1.06914011208886,0.657734850779691,1.19752792781195,-0.770970959213451,0.946072956189038,-0.115992182585032,1.13432821542811,-8.22810521962925,39.5405503884934,-0.939838262265448,0.700014271753061,-0.370697142791422,0.56527579789456,0,13458.9433261722,36.8419418800675,7,22,87.683883760135,0,1,NA,1
"217",1,NA,8,960,"Twilight","~as.factor(twilightperiod) ~ 1",0.400477733127011,1.33487926732515,-10.0587700979529,130.981939461222,-1.1036637914547,1.53643160494316,0.369928799300213,1.28380897845519,-9.72994676220164,171.28006494985,-1.59171375734181,1.18711414844438,-0.108310934360363,0.876626590812654,0,236348.148788446,28.814890242475,7,22,71.62978048495,0,1,NA,1
"218",1,NA,8,1020,"Twilight","~as.factor(twilightperiod) ~ 1",-0.025845433170266,1.05576798442914,0.308480921268329,1.08905420829611,0.0650930377499066,1.00661208995571,-0.626129171070334,1.13413563386344,-0.409662990089977,1.36629260700125,-1.23978103739266,0.857630811996549,0.0402442690471146,0.666001104234017,0,51.2476703328398,43.9558040984442,7,22,101.911608196888,0,1,NA,1
"219",1,NA,8,1080,"Twilight","~as.factor(twilightperiod) ~ 1",-9.86849447487958,85.7298802364427,0.372035166246783,1.00561823196191,-0.449870769714338,1.31063329001966,0.0179742775290644,0.947442061644914,-0.08729320410476,1.08909708113596,-1.81169962660821,0.915656905338548,1.21165388465236,1.78371997310296,0,80595.7735005766,37.44745973916,7,22,88.8949194783201,0,1,NA,1
"220",1,NA,8,1140,"Twilight","~as.factor(twilightperiod) ~ 1",7.77028184546536,31.8782107446345,6.57266492308805,31.8885903707012,7.12939553729056,31.876354718153,-6.83148934527543,626.168951942819,7.33308790981173,31.8803691416959,-8.4198079527065,31.871182977275,-0.202942384729026,0.687050635790127,0,2968373.6546273,30.2665023788462,7,22,74.5330047576924,0,1,NA,1
"221",1,NA,8,3600,"Twilight","~as.factor(twilightperiod) ~ 1",-7.95043829521655,34.5061315273502,-7.43239651157054,34.5079260902142,-6.95088266241483,34.504632028261,-6.80009688098381,34.5127749338132,-7.52338333151127,34.5113340554718,7.08016819745626,34.4991912570891,-0.922295151797691,0.488552529914667,0,71957.2076936939,37.8545561836905,7,22,89.7091123673811,0,1,NA,1
"222",1,NA,8,60,"Twilight","~as.factor(twilightperiod) ~ 1",-4.13329987191658,330.704465837063,-3.57759467386204,310.894938643293,8.65794531944993,70.8199050088408,-4.3738438084883,356.731949360551,-2.51012013580073,240.04547456209,-9.22325904327008,70.8364771841273,-1.21827052720554,1.59278886093558,0,327791.094751742,7.28621694420637,7,22,28.5724338884127,0,1,NA,1
"223",1,NA,8,1200,"Twilight","~as.factor(twilightperiod) ~ 1",-0.195110706173929,1.16371421067054,-1.01544024545027,1.41670451359363,-1.52635102171117,1.12962731122451,-1.53219432802551,1.12474087018836,-0.851089264422059,1.45950743618048,-0.192564127505925,0.834605031293106,-0.661466039577854,0.568098069091626,0,37.1116242554642,34.7043226113596,7,22,83.4086452227192,0,1,NA,1
"224",1,NA,8,120,"Twilight","~as.factor(twilightperiod) ~ 1",-2.30225677456313,1.64483465114503,8.14962817742177,132.97208940886,-1.73940769754262,1.7456494309209,-2.36823865319457,1.64949647240598,-11.4750598841032,106.661314869715,0.588994710553455,1.24706572579635,-1.27802518883035,0.586261090143621,0,66388.9998257474,18.9871024951793,7,22,51.9742049903586,0,1,NA,1
"225",1,NA,8,180,"Twilight","~as.factor(twilightperiod) ~ 1",10.1981017588298,214.743425364926,11.1217872089022,214.74423614742,-7.83249752691098,5845.3896742178,9.48485677187294,214.744377695562,-6.51782369850525,4899.96064756796,-12.1818548665708,214.744839908818,-0.0805492987478208,1.85633478122042,0,180905263.230984,17.9125600682819,7,22,49.8251201365637,0,1,NA,1
"226",1,NA,8,240,"Twilight","~as.factor(twilightperiod) ~ 1",10.1796737202764,180.468402881697,11.2783420283235,180.467083010795,11.0271087882826,180.466525742463,10.5499361419111,180.466981102016,-5.71788937030564,3394.13209166657,-13.2242635766205,180.465498973044,12.1229503826462,670.324598093812,0,107726188.301124,27.2645375284141,7,22,68.5290750568282,0,1,NA,1
"227",1,NA,8,300,"Twilight","~as.factor(twilightperiod) ~ 1",-5.26554910571358,1362.71187921516,-4.59077215949062,1202.96292885181,9.99817290848125,105.530421588993,10.8917789611989,105.529650841262,10.6992363369006,105.531720417862,-11.9503660257063,105.52887683129,1.16216770481599,1.63743836940829,0,22025948.541972,32.3604555494977,7,22,78.7209110989954,0,1,NA,1
"228",1,NA,8,360,"Twilight","~as.factor(twilightperiod) ~ 1",0.547363927237509,1.38593167581934,0.0356940679851241,1.58197248702056,-0.683929840221384,1.54322884620448,0.228212363206973,1.36897410628011,-7.9484173332184,52.7494374053655,-1.75121673126041,1.2425886009063,-0.485118347564821,0.884042970033847,0,17266.2464374279,25.287360885393,7,22,64.574721770786,0,1,NA,1
"229",1,NA,8,420,"Twilight","~as.factor(twilightperiod) ~ 1",-0.157864865196785,1.15270771490978,-0.438088452841286,1.33814560010271,-0.230620520000733,1.12121855235792,0.538850924346699,1.01718487957561,-8.37455841241997,55.1517677473575,-1.46947005934595,0.850911203940447,-0.0692661366338646,0.770044856453014,0,26522.6208005895,34.6223199769081,7,22,83.2446399538163,0,1,NA,1
"230",1,NA,8,480,"Twilight","~as.factor(twilightperiod) ~ 1",-1.48745592734437,1.32892727414694,-0.615635755863768,1.35592010857412,-10.6373296105679,119.379459566606,-1.22612643680829,1.33967534418254,9.25507347999531,48.0593044718527,-1.34225224467784,0.849028202303271,-0.0397855830676895,0.586068691709137,0,70906.8997143333,24.0977639463145,7,22,62.1955278926291,0,1,NA,1
"231",1,NA,8,540,"Twilight","~as.factor(twilightperiod) ~ 1",8.33153344869346,49.2294796645238,-4.66956681569287,815.770641836927,8.64699657910739,49.2148393116513,8.61915289664407,49.2133689836271,-6.23771013772528,1259.33801692064,-9.42017424722646,49.2099635458391,-1.02222451285783,0.712715407241188,0,10346987.200108,23.2093525203998,7,22,60.4187050407996,0,1,NA,1
