"","X","model","formula","p.Int.","SEp.Int.","p.julian2Xlat.s.","SEp.julian2Xlat.s.","p.julianXlat.s.","SEp.julianXlat.s.","p.latitude.","SEp.latitude.","p.ordinal.s.","SEp.ordinal.s.","p.ordinal.s2.","SEp.ordinal.s2.","p.temp.s.","SEp.temp.s.","p.tsss.s.","SEp.tsss.s.","p.tsss.s2.","SEp.tsss.s2.","p.tsss2Xlat.s.","SEp.tsss2Xlat.s.","p.tsssXlat.s.","SEp.tsssXlat.s.","psi.Int.","SEpsi.Int.","Converge","CondNum","negLogLike","nPars","n","AIC","delta","AICwt","Rsq","cumltvWt","samplenum","duration","X.Error.in.as.ms....data.frame.......n..no.method.or.default.for.coercing..try.error..to..data.frame..n."
"1",15,"Temperature","~tsss.s + temp.s ~ 1",-28.321354921647,33.7489306149125,NA,NA,NA,NA,NA,NA,NA,NA,NA,NA,-12.1997701474783,14.9040430342942,-28.8954688058979,33.5414352122432,NA,NA,NA,NA,NA,NA,-0.125145122127448,1.00695352986233,1,2450.49739970808,2.88397735424839,4,23,13.7679547084968,0,0.253690613205073,NA,0.253690613205073,1,600,NA
"2",1,NA,NA,NA,NA,NA,NA,NA,NA,NA,NA,NA,NA,NA,NA,NA,NA,NA,NA,NA,NA,NA,NA,NA,NA,NA,NA,NA,NA,NA,NA,NA,NA,NA,NA,NA,NA,1,660,"Error in as(ms, ""data.frame"") : 
  no method or default for coercing “try-error” to “data.frame”
"
"3",15,"Temperature","~ordinal.s + temp.s ~ 1",-42.4791542397608,58.0581615076162,NA,NA,NA,NA,NA,NA,-15.9364849348681,23.8711020255335,NA,NA,64.1827553909302,89.6085326630318,NA,NA,NA,NA,NA,NA,NA,NA,0.319360745336074,0.935387876115602,1,15369.0897148964,3.76062162364587,4,23,15.5212432472917,0,0.687288439038674,NA,0.687288439038674,1,720,NA
"4",1,NA,NA,NA,NA,NA,NA,NA,NA,NA,NA,NA,NA,NA,NA,NA,NA,NA,NA,NA,NA,NA,NA,NA,NA,NA,NA,NA,NA,NA,NA,NA,NA,NA,NA,NA,NA,1,780,"Error in as(ms, ""data.frame"") : 
  no method or default for coercing “try-error” to “data.frame”
"
"5",4,"TSSS.quadratic","~tsss.s + tsss.s2 ~ 1",-2.909529171314,3.781874995333,NA,NA,NA,NA,NA,NA,NA,NA,NA,NA,NA,NA,-61.9428892711121,54.042802168568,68.5651672555865,59.2080319807893,NA,NA,NA,NA,-0.220678218045949,0.701064208847823,1,13913.436548557,6.41342122114789,4,23,20.8268424422958,0,0.323828064110956,NA,0.323828064110956,1,840,NA
"6",5,"TSSS.linearXlat","~tsss.s + latitude + tsssXlat.s ~ 1",-56.2496091915733,NA,NA,NA,NA,NA,82.9210824867541,NA,NA,NA,NA,NA,NA,NA,-7.96654831593244,NA,NA,NA,NA,NA,84.2753477884183,NA,-0.342338928872323,0.910317113760721,1,-8497188455.14309,3.39844126973855,5,23,16.7968825394771,0,0.183290480150948,NA,0.183290480150948,1,900,NA
"7",2,"Latitude","~latitude ~ 1",-3.94738654337598,8.88693609135085,NA,NA,NA,NA,35.1061035243035,58.7488317986496,NA,NA,NA,NA,NA,NA,NA,NA,NA,NA,NA,NA,NA,NA,-1.18038408961663,0.844573412178454,1,5397.08023074526,4.81588072786822,3,23,15.6317614557364,0,0.199877189026206,NA,0.199877189026206,1,960,NA
"8",15,"Temperature","~latitude + temp.s ~ 1",-79.2039636584794,359.712579196933,NA,NA,NA,NA,12.2285344532657,135.485076582537,NA,NA,NA,NA,48.9594897046226,187.246837513625,NA,NA,NA,NA,NA,NA,NA,NA,12.0652288786908,294.783034137395,1,1849.85677398875,0.00281221196715251,4,23,8.00562442393431,0,0.862280014560388,NA,0.862280014560388,1,1020,NA
"9",7,"Julian.linear","~ordinal.s ~ 1",-18.0734613907063,29.577578637629,NA,NA,NA,NA,NA,NA,-25.9931917177766,41.2188759989049,NA,NA,NA,NA,NA,NA,NA,NA,NA,NA,NA,NA,-1.40468495919077,1.13311216815896,1,2041.01635949205,2.54422150779019,3,23,11.0884430155804,0,0.175955714081282,NA,0.175955714081282,1,1080,NA
"10",1,NA,NA,NA,NA,NA,NA,NA,NA,NA,NA,NA,NA,NA,NA,NA,NA,NA,NA,NA,NA,NA,NA,NA,NA,NA,NA,NA,NA,NA,NA,NA,NA,NA,NA,NA,NA,1,1140,"Error in as(ms, ""data.frame"") : 
  no method or default for coercing “try-error” to “data.frame”
"
"11",4,"TSSS.quadratic","~tsss.s + tsss.s2 ~ 1",9.33920449378423,8.64410137319352,NA,NA,NA,NA,NA,NA,NA,NA,NA,NA,NA,NA,-39.8727539031068,34.6378523728147,41.7621263556618,36.1254302731763,NA,NA,NA,NA,-0.697161788867232,0.552118332401571,1,8495.14615220191,9.65293951924983,4,23,27.3058790384997,0,0.213267221621913,NA,0.213267221621913,1,3600,NA
"12",15,"Temperature","~tsss.s + temp.s ~ 1",-69.5320942539366,72.0479238872962,NA,NA,NA,NA,NA,NA,NA,NA,NA,NA,-13.6291442269154,17.3050892530939,-58.7567858869859,60.0136665177893,NA,NA,NA,NA,NA,NA,0.668320801731598,1.23417356841498,1,6036.37323324807,2.02714896459014,4,23,12.0542979291803,0,0.225583202016035,NA,0.225583202016035,1,60,NA
"13",7,"Julian.linear","~ordinal.s ~ 1",-40.1387910654081,217.222126405941,NA,NA,NA,NA,NA,NA,-27.8603707483105,155.382222110849,NA,NA,NA,NA,NA,NA,NA,NA,NA,NA,NA,NA,4.24818751541107,548.110147346633,0,662726.38746699,2.25026820331838,3,23,10.5005364066368,0,0.178846915860718,NA,0.178846915860718,1,1200,NA
"14",1,NA,NA,NA,NA,NA,NA,NA,NA,NA,NA,NA,NA,NA,NA,NA,NA,NA,NA,NA,NA,NA,NA,NA,NA,NA,NA,NA,NA,NA,NA,NA,NA,NA,NA,NA,NA,1,120,"Error in as(ms, ""data.frame"") : 
  no method or default for coercing “try-error” to “data.frame”
"
"15",4,"TSSS.quadratic","~tsss.s + tsss.s2 ~ 1",-6.88047340039322,10.7071304722294,NA,NA,NA,NA,NA,NA,NA,NA,NA,NA,NA,NA,-43.5365066264907,57.3655100520369,51.4150850018578,67.7178855871864,NA,NA,NA,NA,-0.635145709954884,1.00697742060375,1,10512.4706914271,4.02648647504817,4,23,16.0529729500963,0,0.247947540757627,NA,0.247947540757627,1,180,NA
"16",15,"Temperature","~latitude + temp.s ~ 1",-33.2322400740136,42.6439867475361,NA,NA,NA,NA,18.8640885541833,25.3468796533691,NA,NA,NA,NA,27.5905728031505,36.0180273043511,NA,NA,NA,NA,NA,NA,NA,NA,9.16423745627885,69.3929200334654,1,278.753426978529,0.0301672649995017,4,23,8.060334529999,0,0.80935981787818,NA,0.80935981787818,1,240,NA
"17",15,"Temperature","~ordinal.s + temp.s ~ 1",-30.1518929402322,55.3096036824825,NA,NA,NA,NA,NA,NA,-30.3709388149392,56.2697025699122,NA,NA,47.1200989145755,84.8446464291185,NA,NA,NA,NA,NA,NA,NA,NA,-0.410777387685128,0.913962630666781,1,15877.2601347548,3.37771406522733,4,23,14.7554281304547,0,0.299515278639003,NA,0.299515278639003,1,300,NA
"18",2,"Latitude","~latitude ~ 1",-4.63972501402583,10.6600001139323,NA,NA,NA,NA,39.4696051413689,68.999815718402,NA,NA,NA,NA,NA,NA,NA,NA,NA,NA,NA,NA,NA,NA,-1.17505289857305,0.843265577317267,1,7420.85827747464,4.79043556079822,3,23,15.5808711215964,0,0.231611430198047,NA,0.231611430198047,1,360,NA
"19",3,"TSSS.linear","~tsss.s ~ 1",18.0170311650595,19.6868132927481,NA,NA,NA,NA,NA,NA,NA,NA,NA,NA,NA,NA,-18.1373260723823,20.8935414242423,NA,NA,NA,NA,NA,NA,-0.70308896023188,0.501586891840262,1,3267.34172917687,11.5596168914746,3,23,29.1192337829492,0,0.195960127763,NA,0.195960127763,1,420,NA
"20",1,NA,NA,NA,NA,NA,NA,NA,NA,NA,NA,NA,NA,NA,NA,NA,NA,NA,NA,NA,NA,NA,NA,NA,NA,NA,NA,NA,NA,NA,NA,NA,NA,NA,NA,NA,NA,1,480,"Error in as(ms, ""data.frame"") : 
  no method or default for coercing “try-error” to “data.frame”
"
"21",1,NA,NA,NA,NA,NA,NA,NA,NA,NA,NA,NA,NA,NA,NA,NA,NA,NA,NA,NA,NA,NA,NA,NA,NA,NA,NA,NA,NA,NA,NA,NA,NA,NA,NA,NA,NA,1,540,"Error in as(ms, ""data.frame"") : 
  no method or default for coercing “try-error” to “data.frame”
"
"22",15,"Temperature","~tsss.s + latitude + tsssXlat.s + temp.s ~ 1",-2.33760464537362,0.448471202301616,NA,NA,NA,NA,1.54975178813006,0.485134875650025,NA,NA,NA,NA,0.898785941116111,0.433153266705882,7.94829036033389,3.26914373030085,NA,NA,NA,NA,-8.74782150636913,3.35248433827416,-0.121655749829911,0.559307893356989,0,456.691430496839,43.8889669369258,6,23,99.7779338738516,0,0.639364326960538,NA,0.639364326960538,12,600,NA
"23",4,"TSSS.quadratic","~tsss.s + tsss.s2 ~ 1",-1.56424893509824,0.341651606228956,NA,NA,NA,NA,NA,NA,NA,NA,NA,NA,NA,NA,-1.70285002291842,0.836486075986418,1.39552553699697,0.926991000018625,NA,NA,NA,NA,-0.555641131378148,0.511627845031931,0,36.0326626624678,51.812967699079,4,23,111.625935398158,0,0.189805185255523,NA,0.189805185255523,12,660,NA
"24",15,"Temperature","~latitude + temp.s ~ 1",-1.59493298432541,0.335395312003011,NA,NA,NA,NA,0.505080373670967,0.377945491892824,NA,NA,NA,NA,0.643556060221507,0.326561879873905,NA,NA,NA,NA,NA,NA,NA,NA,-0.320287868388554,0.506933713095651,0,4.42748889410938,55.8556432872374,4,23,119.711286574475,0,0.382195508907908,NA,0.382195508907908,12,720,NA
"25",15,"Temperature","~ordinal.s + latitude + julianXlat.s + temp.s ~ 1",-1.7815729959442,0.375348238085839,NA,NA,10.1383616746439,4.64547864626551,-7.7001937844326,3.96243843242804,-8.55865522031021,3.91700650903848,NA,NA,0.435259344600267,0.313881230166339,NA,NA,NA,NA,NA,NA,NA,NA,0.131275151789917,0.582524813111999,0,1796.60204601775,63.3419810303251,6,23,138.68396206065,0,0.196234861612692,NA,0.196234861612692,12,780,NA
"26",13,"TSSS.JulianXlat.linear","~tsss.s + latitude + tsssXlat.s + ordinal.s + julianXlat.s ~ 1",-3.04104765645605,0.551990189493441,NA,NA,9.47199522973951,4.98764674757422,-6.69713233080157,4.16529576852611,-7.20255231134923,4.01010765308112,NA,NA,NA,NA,8.29125977374419,4.67065193120741,NA,NA,NA,NA,-8.999244716707,4.59022154632882,0.564118770423099,0.805763285049548,0,1713.23172829934,36.6791842164175,7,23,87.358368432835,0,0.351341660126846,NA,0.351341660126846,12,840,NA
"27",4,"TSSS.quadratic","~tsss.s + tsss.s2 ~ 1",-1.76498270739098,0.339391729897022,NA,NA,NA,NA,NA,NA,NA,NA,NA,NA,NA,NA,-1.96867844940761,0.690734958208898,1.41260859171459,0.738722534286122,NA,NA,NA,NA,-0.128369482937332,0.508282082328939,0,27.10583213044,55.4077320154155,4,23,118.815464030831,0,0.289659870901633,NA,0.289659870901633,12,900,NA
"28",14,"TSSS.JulianXlat.quadratic","~tsss.s + tsss.s2 + latitude + tsssXlat.s + tsss2Xlat.s + ordinal.s + ordinal.s2 + julianXlat.s + julian2Xlat.s ~ 1",-2.80044824682992,0.571718313420618,15.2226433480196,73.1810993040384,-3.1148023660266,93.7951178159091,-4.4255033698132,41.3136457902075,-18.9836813076871,76.1320892402395,6.85508027721734,74.2488797974202,NA,NA,-19.1648469534216,NA,28.0879504427032,NA,-25.8045610427822,NA,16.1574308108268,NA,-0.250819545509822,0.300489631491815,1,-55983.2994005256,37.3333906428989,11,23,96.6667812857978,0,0.415809026599384,NA,0.415809026599384,12,960,NA
"29",6,"TSSS.quadraticXlat","~tsss.s + tsss.s2 + latitude + tsssXlat.s + tsss2Xlat.s ~ 1",-1.55072864268734,0.404630662329269,NA,NA,NA,NA,1.84391758467418,0.635603624477169,NA,NA,NA,NA,NA,NA,13.4939124457958,10.5805332267567,-14.4675131443677,12.0206498196874,16.4435675650892,11.6679359399422,-16.0840712287698,10.398167757822,-0.334908077161121,0.498234431209656,1,20689.0823377502,49.0839631621601,7,23,112.16792632432,0,0.28948301387627,NA,0.28948301387627,12,1020,NA
"30",15,"Temperature","~tsss.s + tsss.s2 + temp.s ~ 1",-1.622393921612,0.29605889809031,NA,NA,NA,NA,NA,NA,NA,NA,NA,NA,0.605675659395137,0.294050500362589,-1.53668331474313,0.750178299934376,1.42563762979847,0.793613695233397,NA,NA,NA,NA,0.0677253948394064,0.50256351435892,0,41.1027591272687,66.0813521857688,5,23,142.162704371538,0,0.230820057965097,NA,0.230820057965097,12,1080,NA
"31",9,"Julian.linearXlat","~ordinal.s + latitude + julianXlat.s ~ 1",-1.72825158694656,0.348474835744003,NA,NA,13.5852006877795,6.36955599133317,-10.3429813134718,5.34933380999097,-10.2933693648912,5.02614086154052,NA,NA,NA,NA,NA,NA,NA,NA,NA,NA,NA,NA,-0.224541797067281,0.514416268160136,0,1940.92838105671,50.5329994273175,5,23,111.065998854635,0,0.31647542114693,NA,0.31647542114693,12,1140,NA
"32",6,"TSSS.quadraticXlat","~tsss.s + tsss.s2 + latitude + tsssXlat.s + tsss2Xlat.s ~ 1",-0.977959198611494,0.227559354435238,NA,NA,NA,NA,0.526924384571136,0.327897251864529,NA,NA,NA,NA,NA,NA,-1.87049085012643,6.0025128455019,-4.31644837630546,6.79228308803063,5.94633874201449,6.51538612756864,-0.0528521835239955,5.72261813349969,0.420831813020338,0.46176004051359,0,15033.4949806834,88.5081235935009,7,23,191.016247187002,0,0.316951225916224,NA,0.316951225916224,12,3600,NA
"33",1,NA,NA,NA,NA,NA,NA,NA,NA,NA,NA,NA,NA,NA,NA,NA,NA,NA,NA,NA,NA,NA,NA,NA,NA,NA,NA,NA,NA,NA,NA,NA,NA,NA,NA,NA,NA,12,60,"Error in as(ms, ""data.frame"") : 
  no method or default for coercing “try-error” to “data.frame”
"
"34",2,"Latitude","~latitude ~ 1",-1.43395564861129,0.266719207228126,NA,NA,NA,NA,0.503869527683958,0.234484829205547,NA,NA,NA,NA,NA,NA,NA,NA,NA,NA,NA,NA,NA,NA,0.0449902280358864,0.499677651543744,0,5.24209162826829,71.8510416165436,3,23,149.702083233087,0,0.233075389569317,NA,0.233075389569317,12,1200,NA
"35",1,"Null","~1 ~ 1",-2.02576648551101,0.490998956258525,NA,NA,NA,NA,NA,NA,NA,NA,NA,NA,NA,NA,NA,NA,NA,NA,NA,NA,NA,NA,-0.764558358837581,0.667935517733258,0,3.61200811755944,35.4181692259994,2,23,74.8363384519988,0,0.196178763162197,NA,0.196178763162197,12,120,NA
"36",15,"Temperature","~temp.s ~ 1",-2.05667082385527,0.452339475340607,NA,NA,NA,NA,NA,NA,NA,NA,NA,NA,0.704458136724765,0.460716110462285,NA,NA,NA,NA,NA,NA,NA,NA,-0.542195809993235,0.607071895375036,0,3.86970128145452,39.9874688911062,3,23,85.9749377822125,0,0.227943771441996,NA,0.227943771441996,12,180,NA
"37",1,"Null","~1 ~ 1",-1.93118306621485,0.48675177001258,NA,NA,NA,NA,NA,NA,NA,NA,NA,NA,NA,NA,NA,NA,NA,NA,NA,NA,NA,NA,-0.837764110610174,0.638470869474863,0,3.19949967006629,35.0699632285703,2,23,74.1399264571405,0,0.199259191824638,NA,0.199259191824638,12,240,NA
"38",15,"Temperature","~tsss.s + latitude + tsssXlat.s + temp.s ~ 1",-3.69785847933946,0.903260467511161,NA,NA,NA,NA,1.22170053024083,0.512565095564419,NA,NA,NA,NA,0.92693425141438,0.394648198495643,-2.62249281236204,6.92233503320634,NA,NA,NA,NA,0.628285123982192,6.34333982141062,0.164486723120366,0.669913533624578,0,2534.96594096495,36.1171060884292,6,23,84.2342121768584,0,0.670077126646915,NA,0.670077126646915,12,300,NA
"39",5,"TSSS.linearXlat","~tsss.s + latitude + tsssXlat.s ~ 1",-1.85311902133418,0.474601241472117,NA,NA,NA,NA,2.09519471024757,0.731333430150853,NA,NA,NA,NA,NA,NA,13.5371017116797,6.26339003416794,NA,NA,NA,NA,-13.2739231525363,6.01812722360834,-0.499518582679435,0.542425329073204,0,1323.03205502074,42.9545252691603,5,23,95.9090505383206,0,0.279600397663534,NA,0.279600397663534,12,360,NA
"40",5,"TSSS.linearXlat","~tsss.s + latitude + tsssXlat.s ~ 1",-3.02835494724336,0.669710389968635,NA,NA,NA,NA,2.12710229021853,0.684501623010371,NA,NA,NA,NA,NA,NA,13.7333937126873,6.79372623080935,NA,NA,NA,NA,-14.8090887518026,6.72069367679157,-0.0794106633861019,0.711662340038562,0,2522.2762447587,35.3215634418893,5,23,80.6431268837786,0,0.337687839159648,NA,0.337687839159648,12,420,NA
"41",12,"TSSS.Julian.quadratic","~tsss.s + tsss.s2 + latitude + tsssXlat.s + tsss2Xlat.s + ordinal.s + ordinal.s2 ~ 1",-2.28064340218267,0.459787434039552,NA,NA,NA,NA,-0.433875199328358,0.538311534230017,12.6337689405286,9.64837578568789,-13.3687232744829,9.79940984831833,NA,NA,-21.817567308016,13.4926662284078,45.2277668657576,19.6735047866256,-39.3764419401895,18.2648012572539,17.339082204267,12.4584787701065,-0.139862295085244,0.527246369346542,1,42741.2144602914,39.3928240405731,9,23,96.7856480811463,0,0.214491529745956,NA,0.214491529745956,12,480,NA
"42",2,"Latitude","~latitude ~ 1",-2.08962968119211,0.345988739070156,NA,NA,NA,NA,0.942511873378176,0.288056829089893,NA,NA,NA,NA,NA,NA,NA,NA,NA,NA,NA,NA,NA,NA,0.55823150652962,0.665503346624224,0,10.3532147368406,59.4802070996669,3,23,124.960414199334,0,0.232726013687171,NA,0.232726013687171,12,540,NA
"43",2,"Latitude","~latitude ~ 1",-1.92257537281302,0.290871282051359,NA,NA,NA,NA,0.375659415972463,0.248316484739107,NA,NA,NA,NA,NA,NA,NA,NA,NA,NA,NA,NA,NA,NA,-0.0617411462696636,0.530527356401718,0,5.70902442959866,71.0979127023876,3,23,148.195825404775,0,0.157795398023674,NA,0.157795398023674,16,600,NA
"44",6,"TSSS.quadraticXlat","~tsss.s + tsss.s2 + latitude + tsssXlat.s + tsss2Xlat.s ~ 1",-1.91099735738928,0.356531925884536,NA,NA,NA,NA,0.773087018711871,0.493549984463356,NA,NA,NA,NA,NA,NA,2.91939606388147,9.2838071071646,-8.23038572218644,11.5847829727245,9.91546422370191,11.0877942999104,-5.17447795062394,8.7784354341219,-0.426585535422003,0.489938942683559,0,18745.3471080453,58.3382824657525,7,23,130.676564931505,0,0.209130330046486,NA,0.209130330046486,16,660,NA
"45",2,"Latitude","~latitude ~ 1",-1.56663755542386,0.24431234952294,NA,NA,NA,NA,0.357724387590183,0.222601031879525,NA,NA,NA,NA,NA,NA,NA,NA,NA,NA,NA,NA,NA,NA,-0.0475710459398997,0.472265399556434,0,5.77249035484122,84.3662721362918,3,23,174.732544272584,0,0.231905132992648,NA,0.231905132992648,16,720,NA
"46",12,"TSSS.Julian.quadratic","~tsss.s + latitude + tsssXlat.s + ordinal.s + ordinal.s2 ~ 1",-2.35162223331488,0.357700331998521,NA,NA,NA,NA,0.694106271454829,0.345202210842784,18.4744400898324,6.943216857472,-18.2282040961545,6.93851471857138,NA,NA,-0.406336581213414,2.91760568917805,NA,NA,NA,NA,-0.471072456326192,2.75236002777428,0.417719969443068,0.546116383411218,0,3881.5097139386,70.6107169634787,7,23,155.221433926957,0,0.752304696521504,NA,0.752304696521504,16,780,NA
"47",13,"TSSS.JulianXlat.linear","~latitude + ordinal.s + julianXlat.s ~ 1",-1.50395901119411,0.256211759647218,NA,NA,7.43545102312392,3.34791176943182,-5.81598453639284,2.84948625596191,-6.1375193378254,2.74052186462092,NA,NA,NA,NA,NA,NA,NA,NA,NA,NA,NA,NA,-0.293470462941064,0.459923148537218,0,1169.19158680554,78.6179204195764,5,23,167.235840839153,0,0.262540140116129,NA,0.262540140116129,16,840,NA
"48",13,"TSSS.JulianXlat.linear","~tsss.s + tsss.s2 + ordinal.s + latitude + julianXlat.s ~ 1",-2.22443869323836,0.356547731064132,NA,NA,14.5921031127945,4.82577220131868,-12.1257673918383,4.13554005255687,-11.1555606336834,3.7686955689205,NA,NA,NA,NA,-2.99464282300021,0.796436530798821,2.28803422522612,0.827575353439537,NA,NA,NA,NA,-0.0963045779037113,0.502653475544639,0,2096.40672740498,65.420198737066,7,23,144.840397474132,0,0.715117121555354,NA,0.715117121555354,16,900,NA
"49",3,"TSSS.linear","~tsss.s ~ 1",-1.53559099830383,0.217790610248867,NA,NA,NA,NA,NA,NA,NA,NA,NA,NA,NA,NA,-0.441690084196721,0.203357993481859,NA,NA,NA,NA,NA,NA,0.447149962841583,0.475612520134725,0,6.97949569964503,100.054774566684,3,23,206.109549133367,0,0.279017691701074,NA,0.279017691701074,16,960,NA
"50",2,"Latitude","~latitude ~ 1",-1.19692066477303,0.248661104278302,NA,NA,NA,NA,0.417575703548796,0.247818230514137,NA,NA,NA,NA,NA,NA,NA,NA,NA,NA,NA,NA,NA,NA,-0.529668775448072,0.456929892683509,0,6.34071910553417,82.6489952493431,3,23,171.297990498686,0,0.144785587125518,NA,0.144785587125518,16,1020,NA
"51",2,"Latitude","~latitude ~ 1",-1.85895086432485,0.247901503908514,NA,NA,NA,NA,0.489181438561382,0.203493961132008,NA,NA,NA,NA,NA,NA,NA,NA,NA,NA,NA,NA,NA,NA,1.08640811097611,0.70015681606302,0,19.491746181902,100.504304763683,3,23,207.008609527365,0,0.249192513647065,NA,0.249192513647065,16,1080,NA
"52",2,"Latitude","~latitude ~ 1",-1.19656989159755,0.209774344927537,NA,NA,NA,NA,0.748886153285964,0.189991423377645,NA,NA,NA,NA,NA,NA,NA,NA,NA,NA,NA,NA,NA,NA,0.0385642911951408,0.445308755418608,0,6.60959266621466,96.8838243408208,3,23,199.767648681642,0,0.222665309082723,NA,0.222665309082723,16,1140,NA
"53",13,"TSSS.JulianXlat.linear","~tsss.s + tsss.s2 + latitude + tsssXlat.s + tsss2Xlat.s + ordinal.s + julianXlat.s ~ 1",-0.728279175580245,0.1808756723163,NA,NA,5.46609994086877,2.9473632665624,-3.77860603604621,2.4778399143615,-4.37088423310728,2.31738250205163,NA,NA,NA,NA,3.82194073452709,5.30383487319805,-4.87754965899495,5.69030607481068,6.2896857665511,5.50850520093965,-5.17267783586722,5.12944929649346,0.289145775376454,0.427231414231345,0,16822.6685323392,118.179107755781,9,23,254.358215511561,0,0.25028568543535,NA,0.25028568543535,16,3600,NA
"54",1,"Null","~1 ~ 1",-1.71315456533885,0.325638242501874,NA,NA,NA,NA,NA,NA,NA,NA,NA,NA,NA,NA,NA,NA,NA,NA,NA,NA,NA,NA,-0.828772979943287,0.516457493222311,0,2.84114720638212,52.552696695682,2,23,109.105393391364,0,0.15654490782203,NA,0.15654490782203,16,60,NA
"55",13,"TSSS.JulianXlat.linear","~latitude + ordinal.s + julianXlat.s ~ 1",-1.36775697587356,0.248041907266261,NA,NA,7.37360566385029,3.15347043348593,-5.82813689692534,2.68896492774392,-5.31952448709246,2.5075675982617,NA,NA,NA,NA,NA,NA,NA,NA,NA,NA,NA,NA,-0.0694238259108749,0.460875535206495,0,1382.98168462299,87.2275831938349,5,23,184.45516638767,0,0.280855835139693,NA,0.280855835139693,16,1200,NA
"56",15,"Temperature","~tsss.s + temp.s ~ 1",-2.19410944044409,0.433715768945331,NA,NA,NA,NA,NA,NA,NA,NA,NA,NA,0.460196311497583,0.323718138323602,-0.533694365282974,0.333571283843868,NA,NA,NA,NA,NA,NA,-0.458699962295237,0.551005664952409,0,5.99073921079126,49.2608453282642,4,23,106.521690656528,0,0.184392385070864,NA,0.184392385070864,16,120,NA
"57",15,"Temperature","~temp.s ~ 1",-1.82426321953697,0.353471300317825,NA,NA,NA,NA,NA,NA,NA,NA,NA,NA,0.542361592717408,0.335052584513832,NA,NA,NA,NA,NA,NA,NA,NA,-0.631377559722898,0.496997146357686,0,2.73092606258159,50.3358980924107,3,23,106.671796184821,0,0.237840456889044,NA,0.237840456889044,16,180,NA
"58",13,"TSSS.JulianXlat.linear","~tsss.s + latitude + tsssXlat.s + ordinal.s + julianXlat.s ~ 1",-2.74773880220916,0.565640120022462,NA,NA,11.177593443916,5.31841582504926,-8.3219242188232,4.4842134292332,-8.67254463448216,4.25264813320526,NA,NA,NA,NA,7.58182891798035,5.06501555675311,NA,NA,NA,NA,-8.11062215420686,4.83338143338151,-0.150780721466068,0.753234713994871,0,3120.46222347786,48.9930159003755,7,23,111.986031800751,0,0.467768168240117,NA,0.467768168240117,16,240,NA
"59",8,"Julian.quadratic","~ordinal.s + ordinal.s2 ~ 1",-2.23403025196808,0.493197336603354,NA,NA,NA,NA,NA,NA,17.7733661225348,11.8200130507224,-18.56855453388,12.1567502046817,NA,NA,NA,NA,NA,NA,NA,NA,NA,NA,-1.02105023284068,0.561574136930279,0,3288.07375452822,40.1756761713092,4,23,88.3513523426184,0,0.168488878633665,NA,0.168488878633665,16,300,NA
"60",15,"Temperature","~ordinal.s + latitude + julianXlat.s + temp.s ~ 1",-2.42117070076792,0.407128182477382,NA,NA,24.8435166968088,7.96275563792185,-20.6227407747871,6.84085246489499,-19.8272066406875,6.30927989240648,NA,NA,0.828943823489486,0.375238289321902,NA,NA,NA,NA,NA,NA,NA,NA,-0.206471893668859,0.468543795882704,0,5449.92505208429,59.089673562002,6,23,130.179347124004,0,0.631937547104046,NA,0.631937547104046,16,360,NA
"61",3,"TSSS.linear","~tsss.s ~ 1",-2.08169232811289,0.336031788617776,NA,NA,NA,NA,NA,NA,NA,NA,NA,NA,NA,NA,-0.657020662592443,0.293113983826997,NA,NA,NA,NA,NA,NA,-0.0740212529718692,0.529360648757617,0,5.65887525512884,64.1244512542916,3,23,134.248902508583,0,0.240985140039317,NA,0.240985140039317,16,420,NA
"62",13,"TSSS.JulianXlat.linear","~latitude + ordinal.s + julianXlat.s ~ 1",-2.26251843138086,0.371629609444234,NA,NA,11.4629774956358,6.75699613079119,-9.00947495270678,5.80000913880288,-8.59353746958763,5.21270765271441,NA,NA,NA,NA,NA,NA,NA,NA,NA,NA,NA,NA,-0.303172571374783,0.580979711825848,0,2892.69276926999,55.9024859166521,5,23,121.804971833304,0,0.157709323793765,NA,0.157709323793765,16,480,NA
"63",9,"Julian.linearXlat","~ordinal.s + latitude + julianXlat.s ~ 1",-1.70863020805749,0.274816601558392,NA,NA,8.940735728019,3.60497980358172,-6.93274331713673,3.02876497677306,-7.35727966608122,2.96356279847267,NA,NA,NA,NA,NA,NA,NA,NA,NA,NA,NA,NA,0.158189285734876,0.491080436035534,0,1451.04198657525,85.6451184737739,5,23,181.290236947548,0,0.331888494733131,NA,0.331888494733131,16,540,NA
"64",4,"TSSS.quadratic","~tsss.s + tsss.s2 ~ 1",-11.9413631171108,58.9626253374754,NA,NA,NA,NA,NA,NA,NA,NA,NA,NA,NA,NA,-116.212025765785,146.167060489699,107.091664910036,178.633930188389,NA,NA,NA,NA,-1.45877839828433,0.640123514252318,1,121682.921384678,7.77445467548044,4,23,23.5489093509609,0,0.244852497425522,NA,0.244852497425522,2,600,NA
"65",2,"Latitude","~latitude ~ 1",-2.71897133375898,0.693792547466568,NA,NA,NA,NA,0.949579534310652,0.566690333762798,NA,NA,NA,NA,NA,NA,NA,NA,NA,NA,NA,NA,NA,NA,7.79157774274634,71.6331466227011,0,35222.5157642911,12.0035824142935,3,23,30.0071648285869,0,0.165352863398849,NA,0.165352863398849,2,660,NA
"66",7,"Julian.linear","~ordinal.s ~ 1",-15.9826724888985,28.2582271933635,NA,NA,NA,NA,NA,NA,-14.7216293637354,23.8457457715799,NA,NA,NA,NA,NA,NA,NA,NA,NA,NA,NA,NA,-1.65040157109982,1.12877940726501,1,1146.26115132511,2.80226773627268,3,23,11.6045354725454,0,0.23941929137449,NA,0.23941929137449,2,720,NA
"67",7,"Julian.linear","~ordinal.s ~ 1",-0.00618048490647752,7.30750809418147,NA,NA,NA,NA,NA,NA,-19.2285702157531,40.084350824181,NA,NA,NA,NA,NA,NA,NA,NA,NA,NA,NA,NA,-2.08545692532927,0.752734712494926,1,2863.56955507597,6.30388981034912,3,23,18.6077796206982,0,0.201013998280882,NA,0.201013998280882,2,780,NA
"68",9,"Julian.linearXlat","~ordinal.s + latitude + julianXlat.s ~ 1",-7.284101823438,5.63205740523822,NA,NA,107.144863643557,79.3895854722001,-110.750492633049,82.9400679685105,-121.799937546349,92.1872697719523,NA,NA,NA,NA,NA,NA,NA,NA,NA,NA,NA,NA,-0.722057208697496,0.718212856584057,1,43165.3556023184,6.92227645476498,5,23,23.84455290953,0,0.306604126846343,NA,0.306604126846343,2,840,NA
"69",1,"Null","~1 ~ 1",0.287692143619367,0.912877923363462,NA,NA,NA,NA,NA,NA,NA,NA,NA,NA,NA,NA,NA,NA,NA,NA,NA,NA,NA,NA,-1.01344171826987,0.626997438779843,0,3.95514299348106,17.4869856393124,2,23,38.9739712786247,0,0.26676487666193,NA,0.26676487666193,2,900,NA
"70",9,"Julian.linearXlat","~ordinal.s + latitude + julianXlat.s ~ 1",-2.89233469744576,1.95237488333981,NA,NA,92.4196435417902,50.086145723129,-73.369471656739,41.2235769009791,-58.3820965293704,24.3898650705507,NA,NA,NA,NA,NA,NA,NA,NA,NA,NA,NA,NA,-0.616527894250476,NA,1,-252.602337759115,6.3636550597673,5,23,22.7273101195346,0,0.314215235418921,NA,0.314215235418921,2,960,NA
"71",12,"TSSS.Julian.quadratic","~tsss.s + ordinal.s + ordinal.s2 ~ 1",-4.81665895750771,1.64222070566651,NA,NA,NA,NA,NA,NA,32.9558761414138,20.5131681087595,-31.899952046547,20.0665137182964,NA,NA,-2.89167191067203,1.32523773622499,NA,NA,NA,NA,NA,NA,12.6283722786662,382.32674322414,0,654774.493400005,7.05966874020027,5,23,24.1193374804005,0,0.265893698489107,NA,0.265893698489107,2,1020,NA
"72",12,"TSSS.Julian.quadratic","~tsss.s + tsss.s2 + latitude + tsssXlat.s + tsss2Xlat.s + ordinal.s + ordinal.s2 ~ 1",-39.6494834602916,688.498860912074,NA,NA,NA,NA,61.6839207885446,759.480131316856,79.0346213489618,4398.11441161897,-123.358787446482,5309.83421745404,NA,NA,329.843177291149,20064.0967221404,275.627048737224,27537.5467929769,-186.584040784804,25390.5328523915,-355.067678399099,19046.1963850001,0.404550453947172,0.646428506037036,1,5142121830.26075,6.80333564032031,9,23,31.6066712806406,0,0.495692255867678,NA,0.495692255867678,2,1080,NA
"73",15,"Temperature","~temp.s ~ 1",-2.5785667266105,0.627579836051804,NA,NA,NA,NA,NA,NA,NA,NA,NA,NA,0.764037028052038,0.547422411584839,NA,NA,NA,NA,NA,NA,NA,NA,6.47490780440334,48.3862010220204,1,14084.0269232614,12.5507053137195,3,23,31.1014106274391,0,0.231234847952662,NA,0.231234847952662,2,1140,NA
"74",3,"TSSS.linear","~tsss.s ~ 1",-15.4829825342303,31.1943214892559,NA,NA,NA,NA,NA,NA,NA,NA,NA,NA,NA,NA,-22.1419595152951,48.9797121305944,NA,NA,NA,NA,NA,NA,-0.807153099925916,0.619266819428663,1,9109.88947030831,8.03564801621804,3,23,22.0712960324361,0,0.285700459598774,NA,0.285700459598774,2,3600,NA
"75",11,"TSSS.Julian.linear","~latitude + ordinal.s ~ 1",-26.8066754241463,65.7595570803806,NA,NA,NA,NA,17.4740337999134,41.404363910079,10.6181771422538,13.9575414045964,NA,NA,NA,NA,NA,NA,NA,NA,NA,NA,NA,NA,-0.633317233060574,1.3671892867498,1,4242.36860843485,2.05331860744532,4,23,12.1066372148906,0,0.173467007322548,NA,0.173467007322548,2,60,NA
"76",11,"TSSS.Julian.linear","~tsss.s + tsss.s2 + ordinal.s ~ 1",-3.03583390192852,1.70753670683462,NA,NA,NA,NA,NA,NA,2.06078400049988,2.11571715959039,NA,NA,NA,NA,-5.98948934809071,4.67244458613126,4.12907365597816,4.37377172122747,NA,NA,NA,NA,0.232827647964896,1.01069663689355,0,120.389688384024,10.1929858695931,5,23,30.3859717391862,0,0.166472399703265,NA,0.166472399703265,2,1200,NA
"77",1,"Null","~1 ~ 1",-9.91770679895351,NA,NA,NA,NA,NA,NA,NA,NA,NA,NA,NA,NA,NA,NA,NA,NA,NA,NA,NA,NA,NA,-12.2424096120369,NA,0,-22.8986369775358,1.09321941525355e-08,2,23,4.00000002186439,0,0.292827644657762,NA,0.292827644657762,2,120,NA
"78",11,"TSSS.Julian.linear","~latitude + ordinal.s ~ 1",-1.22846662853674,7.07540567916295,NA,NA,NA,NA,50.5657843895942,74.9813545139468,11.7748418498438,20.3395066739072,NA,NA,NA,NA,NA,NA,NA,NA,NA,NA,NA,NA,-1.34573543780361,0.782028997974935,1,9806.80541608199,5.0340470538635,4,23,18.068094107727,0,0.265313961213401,NA,0.265313961213401,2,180,NA
"79",1,NA,NA,NA,NA,NA,NA,NA,NA,NA,NA,NA,NA,NA,NA,NA,NA,NA,NA,NA,NA,NA,NA,NA,NA,NA,NA,NA,NA,NA,NA,NA,NA,NA,NA,NA,NA,2,240,"Error in as(ms, ""data.frame"") : 
  no method or default for coercing “try-error” to “data.frame”
"
"80",7,"Julian.linear","~ordinal.s ~ 1",-1.91198850797591,7.92559153184161,NA,NA,NA,NA,NA,NA,-42.4780210498428,75.3967885654446,NA,NA,NA,NA,NA,NA,NA,NA,NA,NA,NA,NA,-2.05539235855559,0.743057362216913,1,10297.2102974371,6.2956783130904,3,23,18.5913566261808,0,0.216148830699452,NA,0.216148830699452,2,300,NA
"81",8,"Julian.quadratic","~ordinal.s + ordinal.s2 ~ 1",-7.98913467558784,6.11271551134408,NA,NA,NA,NA,NA,NA,86.0806566317531,85.274043078528,-80.3355296112939,79.5649331111663,NA,NA,NA,NA,NA,NA,NA,NA,NA,NA,16.2795954042749,7194.82785934548,1,206550466.367572,5.27909273593272,4,23,18.5581854718654,0,0.20460538873385,NA,0.20460538873385,2,360,NA
"82",12,"TSSS.Julian.quadratic","~tsss.s + ordinal.s + ordinal.s2 ~ 1",-6.12622358307459,3.08112047616336,NA,NA,NA,NA,NA,NA,75.4758437392218,54.5128740946588,-71.7700367012633,51.8776526592211,NA,NA,1.03007210846735,0.754091328961426,NA,NA,NA,NA,NA,NA,9.11127027491498,75.0015489928597,0,38878.4604617032,8.64742506283456,5,23,27.2948501256691,0,0.208393042133754,NA,0.208393042133754,2,420,NA
"83",15,"Temperature","~ordinal.s + latitude + julianXlat.s + temp.s ~ 1",-43.6815215551078,1564.40439335607,NA,NA,55.3771785012906,282091.220147801,60.0058098126838,293680.612153738,-7.5352195921851,250851.17985653,NA,NA,55.5578610186313,13980.7167124283,NA,NA,NA,NA,NA,NA,NA,NA,-0.41192550537145,0.646115416154574,1,548931712602.485,6.74299999543267,6,23,25.4859999908653,0,0.353600607300134,NA,0.353600607300134,2,480,NA
"84",3,"TSSS.linear","~tsss.s ~ 1",-9.72211471768255,19.8671963409805,NA,NA,NA,NA,NA,NA,NA,NA,NA,NA,NA,NA,26.1290992916732,44.7369833645514,NA,NA,NA,NA,NA,NA,-2.50241622879169,1.06651524682652,1,2200.17068171656,3.59426753899338,3,23,13.1885350779868,0,0.200023138555347,NA,0.200023138555347,2,540,NA
"85",13,"TSSS.JulianXlat.linear","~tsss.s + latitude + tsssXlat.s + ordinal.s + julianXlat.s ~ 1",-2.28771736571557,0.313744555426445,NA,NA,7.4083367936178,3.44372132760204,-5.35551358885106,2.91652981669366,-6.08681087174557,2.78675796000222,NA,NA,NA,NA,2.81096550364075,2.67193078617915,NA,NA,NA,NA,-3.13471958215552,2.51897911243461,0.324031042303225,0.554109878003293,0,1833.83848570693,82.1355806096377,7,23,178.271161219275,0,0.350081906299727,NA,0.350081906299727,20,600,NA
"86",3,"TSSS.linear","~tsss.s ~ 1",-1.8734833444358,0.230077946338891,NA,NA,NA,NA,NA,NA,NA,NA,NA,NA,NA,NA,-0.528735853730471,0.224501960732203,NA,NA,NA,NA,NA,NA,0.249734563949519,0.463402323900757,0,5.60507446214352,96.3694243991081,3,23,198.738848798216,0,0.174098489441449,NA,0.174098489441449,20,660,NA
"87",12,"TSSS.Julian.quadratic","~tsss.s + latitude + tsssXlat.s + ordinal.s + ordinal.s2 ~ 1",-1.36390836819511,0.213810634774341,NA,NA,NA,NA,0.464359081869216,0.304756045183652,12.1284897433177,4.51239934122149,-12.3635048300256,4.58479894885154,NA,NA,1.34993158247878,2.46137198956146,NA,NA,NA,NA,-1.65267630679746,2.34637020265549,-0.0471244107445941,0.426669939601947,0,2668.93008842062,107.81828028237,7,23,229.63656056474,0,0.252292036945396,NA,0.252292036945396,20,720,NA
"88",12,"TSSS.Julian.quadratic","~latitude + ordinal.s + ordinal.s2 ~ 1",-1.85369858780761,0.258841988225153,NA,NA,NA,NA,0.599075451409466,0.182790214805742,20.4689603250613,6.22710772173377,-21.0410892267992,6.3918861232483,NA,NA,NA,NA,NA,NA,NA,NA,NA,NA,0.276779573469253,0.459227088469326,0,3499.59044898176,106.958536495464,5,23,223.917072990928,0,0.533403862370599,NA,0.533403862370599,20,780,NA
"89",13,"TSSS.JulianXlat.linear","~latitude + ordinal.s + julianXlat.s ~ 1",-1.89646278707875,0.214992237398576,NA,NA,5.84251133853642,2.68403796795085,-4.16321194767287,2.25888274259119,-4.75034504465658,2.19980716804879,NA,NA,NA,NA,NA,NA,NA,NA,NA,NA,NA,NA,0.777349521599022,0.52787124428191,0,1123.91664279063,111.943072049662,5,23,233.886144099323,0,0.226913963462712,NA,0.226913963462712,20,840,NA
"90",13,"TSSS.JulianXlat.linear","~tsss.s + ordinal.s + latitude + julianXlat.s ~ 1",-1.61644443328838,0.237891691212476,NA,NA,9.57240664107258,3.45991026152004,-7.88320993697921,2.97611318525735,-7.35316503657762,2.70981116998745,NA,NA,NA,NA,-0.670454378517426,0.219135020111659,NA,NA,NA,NA,NA,NA,-0.137725769279003,0.445031103448479,0,1686.34135135414,98.2604591239473,6,23,208.520918247895,0,0.475564900171006,NA,0.475564900171006,20,900,NA
"91",13,"TSSS.JulianXlat.linear","~tsss.s + latitude + tsssXlat.s + ordinal.s + julianXlat.s ~ 1",-1.98009246153238,0.227143011834664,NA,NA,8.84895241795638,3.26466554269475,-6.61200638120484,2.71912659103692,-6.87061304002248,2.57738369063981,NA,NA,NA,NA,3.87315010499121,2.25917598342388,NA,NA,NA,NA,-4.37130797799996,2.20107933392509,0.889283048550364,0.5285814818227,0,1717.28942742613,108.074197618274,7,23,230.148395236548,0,0.622053244668199,NA,0.622053244668199,20,960,NA
"92",12,"TSSS.Julian.quadratic","~latitude + ordinal.s + ordinal.s2 ~ 1",-1.89673585982944,0.225611269222609,NA,NA,NA,NA,0.635507334623576,0.177523580241942,13.8042322504192,4.96723724838535,-13.7623173209392,5.01752521940098,NA,NA,NA,NA,NA,NA,NA,NA,NA,NA,0.715487032825014,0.518237559436886,0,2543.8214092077,113.269248909835,5,23,236.53849781967,0,0.665091367616667,NA,0.665091367616667,20,1020,NA
"93",13,"TSSS.JulianXlat.linear","~tsss.s + tsss.s2 + latitude + tsssXlat.s + tsss2Xlat.s + ordinal.s + julianXlat.s ~ 1",-1.5161757690699,0.246409323345254,NA,NA,12.4228322695212,3.86176447776122,-9.67312750419991,3.26536206553149,-10.1280561485712,3.09383802607076,NA,NA,NA,NA,7.62090190347844,7.27507011556208,-11.9927911338652,9.26040647523605,12.6197890432252,8.81554399458079,-8.90657652645317,6.95708889576935,-0.191699593463745,0.435030066985717,0,24189.2096048839,100.657789125675,9,23,219.315578251351,0,0.820213068642562,NA,0.820213068642562,20,1080,NA
"94",12,"TSSS.Julian.quadratic","~latitude + ordinal.s + ordinal.s2 ~ 1",-2.0452656504495,0.230619598011606,NA,NA,NA,NA,0.678946020691227,0.200269729739218,10.3901847156805,5.19109564241854,-10.2524134547119,5.20452982273631,NA,NA,NA,NA,NA,NA,NA,NA,NA,NA,0.684500122059722,0.536115043740553,0,2173.91620728257,102.864806819005,5,23,215.72961363801,0,0.188962095039435,NA,0.188962095039435,20,1140,NA
"95",13,"TSSS.JulianXlat.linear","~tsss.s + tsss.s2 + latitude + tsssXlat.s + tsss2Xlat.s + ordinal.s + julianXlat.s ~ 1",-0.856067213720841,0.147328811741484,NA,NA,4.14992238230378,2.05638030419221,-3.13865113694279,1.72127141929193,-3.33735771778513,1.60574768284278,NA,NA,NA,NA,2.25029549586176,3.97904112212629,-6.66939592071241,4.85707761319326,7.60538420876618,4.67119817131018,-3.36150265458688,3.81835139640657,0.852912435910077,0.462071993062385,0,14355.6302148181,168.815517246573,9,23,355.631034493145,0,0.272064605834647,NA,0.272064605834647,20,3600,NA
"96",15,"Temperature","~temp.s ~ 1",-2.73794022529936,0.471094932663945,NA,NA,NA,NA,NA,NA,NA,NA,NA,NA,0.768722539790592,0.410594219463542,NA,NA,NA,NA,NA,NA,NA,NA,-0.515576174785977,0.628317156845917,0,4.38805080593681,42.6063024353248,3,23,91.2126048706497,0,0.308214157234317,NA,0.308214157234317,20,60,NA
"97",13,"TSSS.JulianXlat.linear","~latitude + ordinal.s + julianXlat.s ~ 1",-1.32024575120834,0.176613864498377,NA,NA,5.88651174458578,2.45684841170567,-4.53048057358436,2.07318373455045,-4.83075888754587,1.99418020563934,NA,NA,NA,NA,NA,NA,NA,NA,NA,NA,NA,NA,0.704648535617055,0.463603994861361,0,1224.49872048102,144.061408186421,5,23,298.122816372842,0,0.301079055359722,NA,0.301079055359722,20,1200,NA
"98",1,"Null","~1 ~ 1",-2.13882029482778,0.35920700564724,NA,NA,NA,NA,NA,NA,NA,NA,NA,NA,NA,NA,NA,NA,NA,NA,NA,NA,NA,NA,-0.763862817069716,0.539123583780005,0,2.8494803493011,51.4938883437042,2,23,106.987776687408,0,0.247924412963798,NA,0.247924412963798,20,120,NA
"99",15,"Temperature","~ordinal.s + latitude + julianXlat.s + temp.s ~ 1",-2.65034242973889,0.496682426142138,NA,NA,11.6123953411951,5.70078420822217,-8.99011794145011,4.854769651915,-9.68986769730445,4.73247821355057,NA,NA,0.677482915971895,0.336048104913101,NA,NA,NA,NA,NA,NA,NA,NA,-0.388782386710233,0.609649153587817,0,3477.09201927759,61.1402405073017,6,23,134.280481014603,0,0.394783908477312,NA,0.394783908477312,20,180,NA
"100",13,"TSSS.JulianXlat.linear","~latitude + ordinal.s + julianXlat.s ~ 1",-2.01040685141686,0.37600585645787,NA,NA,7.38617533886729,4.00587623656196,-5.7369038292717,3.42148386590532,-5.94337645184575,3.29909772006148,NA,NA,NA,NA,NA,NA,NA,NA,NA,NA,NA,NA,-0.588224489710987,0.522318988702586,0,1707.72169263135,67.4323378436371,5,23,144.864675687274,0,0.172858769952493,NA,0.172858769952493,20,240,NA
"101",1,"Null","~1 ~ 1",-2.0642659640281,0.268306853536227,NA,NA,NA,NA,NA,NA,NA,NA,NA,NA,NA,NA,NA,NA,NA,NA,NA,NA,NA,NA,-0.0913828654030212,0.517499476701378,0,4.38113233577618,79.2764063115434,2,23,162.552812623087,0,0.199507448625176,NA,0.199507448625176,20,300,NA
"102",4,"TSSS.quadratic","~tsss.s + tsss.s2 ~ 1",-2.25667986110741,0.307051760721114,NA,NA,NA,NA,NA,NA,NA,NA,NA,NA,NA,NA,-1.38640770893458,0.616838025984482,1.03032982880485,0.68808688184688,NA,NA,NA,NA,-0.0583414510354918,0.530017533840048,0,33.0613976232838,72.9196230587587,4,23,153.839246117517,0,0.202396283713185,NA,0.202396283713185,20,360,NA
"103",15,"Temperature","~ordinal.s + latitude + julianXlat.s + temp.s ~ 1",-2.05984469768883,0.28827687822295,NA,NA,6.2113219063255,3.62180641202803,-4.2044397055097,3.06703114764522,-4.50969565869982,2.88570637506243,NA,NA,0.5016076738264,0.248329407127579,NA,NA,NA,NA,NA,NA,NA,NA,0.223676974072098,0.540048422239421,0,1878.95499759668,91.6299157190939,6,23,195.259831438188,0,0.397351179160636,NA,0.397351179160636,20,420,NA
"104",12,"TSSS.Julian.quadratic","~tsss.s + ordinal.s + ordinal.s2 ~ 1",-2.0067294476101,0.286193826816927,NA,NA,NA,NA,NA,NA,12.1248552965286,6.60191454825352,-12.1366805308359,6.61437930575287,NA,NA,-0.424203289930866,0.253803281374246,NA,NA,NA,NA,NA,NA,-0.415259558622085,0.47916400157152,0,2278.4706466125,72.906194263904,5,23,155.812388527808,0,0.131826559829999,NA,0.131826559829999,20,480,NA
"105",3,"TSSS.linear","~tsss.s ~ 1",-2.49303025720964,0.354579161979829,NA,NA,NA,NA,NA,NA,NA,NA,NA,NA,NA,NA,-1.2325629904328,0.310188062349914,NA,NA,NA,NA,NA,NA,0.0520821304792677,0.4956636636188,0,7.24702503075588,73.6532701689189,3,23,153.306540337838,0,0.198878872822584,NA,0.198878872822584,20,540,NA
"106",13,"TSSS.JulianXlat.linear","~tsss.s + latitude + tsssXlat.s + ordinal.s + julianXlat.s ~ 1",-2.28907018691606,0.220756483187865,NA,NA,5.14267722878612,2.73665975355393,-3.50335487874761,2.32775044041343,-3.53787598388994,2.12320717759334,NA,NA,NA,NA,3.81851205704009,1.89874618514502,NA,NA,NA,NA,-3.87844398065552,1.83400647316384,1.24928219603797,0.670201836207362,0,1497.32385089844,120.727563207846,7,23,255.455126415692,0,0.252872908124592,NA,0.252872908124592,24,600,NA
"107",10,"Julian.quadraticXlat","~ordinal.s + ordinal.s2 + latitude + julianXlat.s + julian2Xlat.s ~ 1",-2.13818180070529,0.236843002852605,-48.0827761692244,54.1703878422154,66.9034418928666,67.943976744112,-30.953094434053,29.1158902978395,-58.8458923769896,54.437637796425,54.4335149290904,55.0324073513292,NA,NA,NA,NA,NA,NA,NA,NA,NA,NA,0.423919190297557,0.525341269267048,1,1879620.69013268,110.301297179716,7,23,234.602594359432,0,0.273292737212675,NA,0.273292737212675,24,660,NA
"108",12,"TSSS.Julian.quadratic","~tsss.s + tsss.s2 + latitude + tsssXlat.s + tsss2Xlat.s + ordinal.s + ordinal.s2 ~ 1",-1.75276714085664,0.21424102870103,NA,NA,NA,NA,0.843370940247124,0.344329205224704,8.48390162247796,4.56517138302565,-8.26215151004268,4.55777440767232,NA,NA,12.2853403292871,7.41269595803857,-16.3293949560285,9.59722003694808,16.7363068939919,9.0962049200791,-13.2375900506326,7.03955744492355,0.0695325184516919,0.448799881425752,0,35402.0598545734,117.277083387427,9,23,252.554166774854,0,0.292128388933536,NA,0.292128388933536,24,720,NA
"109",9,"Julian.linearXlat","~ordinal.s + latitude + julianXlat.s ~ 1",-1.71826926554851,0.249272116445368,NA,NA,7.07085066137953,3.10078292841445,-5.64945188803943,2.65867689279887,-5.48201471975732,2.52308711495295,NA,NA,NA,NA,NA,NA,NA,NA,NA,NA,NA,NA,0.156575113054252,0.440215476561928,0,1833.13448437378,115.855445425266,5,23,241.710890850532,0,0.251479342785579,NA,0.251479342785579,24,780,NA
"110",13,"TSSS.JulianXlat.linear","~tsss.s + tsss.s2 + latitude + tsssXlat.s + tsss2Xlat.s + ordinal.s + julianXlat.s ~ 1",-1.74133523843567,0.197770091283925,NA,NA,6.93048492262196,2.75487514438498,-5.15259956402589,2.30625813658541,-5.65394384994843,2.24376080868979,NA,NA,NA,NA,-1.14695294545366,4.95078133312604,0.837198398929311,5.74324027221181,0.701306020358365,5.48152101632061,-0.65153344200959,4.661537849643,0.371385733941325,0.44892201631948,0,16137.7897444527,127.613189527499,9,23,273.226379054998,0,0.596202184406127,NA,0.596202184406127,24,840,NA
"111",5,"TSSS.linearXlat","~tsss.s + latitude + tsssXlat.s ~ 1",-1.7658298072717,0.193733855964823,NA,NA,NA,NA,0.823182188603142,0.259309431488837,NA,NA,NA,NA,NA,NA,3.02941347131625,2.19748423977772,NA,NA,NA,NA,-3.4799152707177,2.16308359230042,0.387673664218249,0.455354128578526,0,675.368815559288,127.582527325509,5,23,265.165054651019,0,0.283752407415911,NA,0.283752407415911,24,900,NA
"112",9,"Julian.linearXlat","~ordinal.s + latitude + julianXlat.s ~ 1",-1.79408593898596,0.187024502706552,NA,NA,5.63811979600694,2.24558389377829,-4.10244838999506,1.91211284585696,-4.17481127017701,1.80643402268778,NA,NA,NA,NA,NA,NA,NA,NA,NA,NA,NA,NA,0.782527491297733,0.487242013864232,0,1139.31128559217,136.202177886367,5,23,282.404355772734,0,0.282352649633181,NA,0.282352649633181,24,960,NA
"113",13,"TSSS.JulianXlat.linear","~tsss.s + latitude + tsssXlat.s + ordinal.s + julianXlat.s ~ 1",-1.71510871918198,0.227820395068138,NA,NA,8.22905941546217,3.15291758736959,-6.23767987013445,2.6782367341623,-6.37241307926101,2.56545614912605,NA,NA,NA,NA,1.17210152214235,2.45158506335312,NA,NA,NA,NA,-1.62928132036198,2.32924535754076,-0.120911219521398,0.449743127233133,0,1628.16934982721,107.206347573344,7,23,228.412695146688,0,0.379935677973345,NA,0.379935677973345,24,1020,NA
"114",13,"TSSS.JulianXlat.linear","~tsss.s + latitude + tsssXlat.s + ordinal.s + julianXlat.s ~ 1",-1.81947170402683,0.212893420659316,NA,NA,11.8338085212155,3.58281726053058,-9.4749722808659,3.04863030217367,-9.55523752080426,2.89797507733066,NA,NA,NA,NA,3.61695859023899,2.68851545257736,NA,NA,NA,NA,-3.90269074342652,2.56057837355833,0.203548448738767,0.441882381537656,0,2372.89043351173,119.635893300432,7,23,253.271786600864,0,0.690477716286645,NA,0.690477716286645,24,1080,NA
"115",13,"TSSS.JulianXlat.linear","~tsss.s + latitude + tsssXlat.s + ordinal.s + julianXlat.s ~ 1",-1.56225768441261,0.186731818507669,NA,NA,9.19184488615304,2.86282888799877,-6.57601271992939,2.3286625716748,-7.23092222488847,2.25868795215743,NA,NA,NA,NA,5.09758661211488,2.02294241148518,NA,NA,NA,NA,-5.41397270239461,1.99253407578099,0.200122290636948,0.442756790588109,0,1557.44974801366,129.046131546676,7,23,272.092263093352,0,0.729921943772377,NA,0.729921943772377,24,1140,NA
"116",13,"TSSS.JulianXlat.linear","~tsss.s + tsss.s2 + latitude + tsssXlat.s + tsss2Xlat.s + ordinal.s + julianXlat.s ~ 1",-1.01102198415735,0.136508573622113,NA,NA,5.68206511701885,1.88171468363065,-4.47738645649998,1.5862604573232,-4.6205927640734,1.52349493900252,NA,NA,NA,NA,3.92470086597589,3.27655710500378,-7.03718621545991,4.03264677503304,7.43720969512464,3.8497069937079,-4.73249119635355,3.08950072403183,0.836410556807243,0.456254192224156,0,10537.9232931039,189.531364368611,9,23,397.062728737222,0,0.643882874280089,NA,0.643882874280089,24,3600,NA
"117",1,"Null","~1 ~ 1",-2.10257541292368,0.336712745370218,NA,NA,NA,NA,NA,NA,NA,NA,NA,NA,NA,NA,NA,NA,NA,NA,NA,NA,NA,NA,-1.10115009477579,0.537261735685073,0,2.79861782237983,51.1219909039397,2,23,106.243981807879,0,0.158623043432015,NA,0.158623043432015,24,60,NA
"118",13,"TSSS.JulianXlat.linear","~tsss.s + latitude + tsssXlat.s + ordinal.s + julianXlat.s ~ 1",-1.80036534124981,0.190363692949062,NA,NA,4.68781112536359,2.54393555680052,-3.26083107760293,2.16378797820667,-3.61639960470713,2.04277451767103,NA,NA,NA,NA,0.221755934711456,2.01018703805791,NA,NA,NA,NA,-0.567172133221909,1.93327038241425,0.591477879895696,0.471213637908773,0,1196.6173889382,131.203840467725,7,23,276.407680935451,0,0.187150320053168,NA,0.187150320053168,24,1200,NA
"119",2,"Latitude","~latitude ~ 1",-2.74331011965853,0.445475845656986,NA,NA,NA,NA,0.64070401305702,0.307234133865707,NA,NA,NA,NA,NA,NA,NA,NA,NA,NA,NA,NA,NA,NA,-0.269146778000018,0.641567210388908,0,11.969702661128,58.5714182033934,3,23,123.142836406787,0,0.259534057379695,NA,0.259534057379695,24,120,NA
"120",3,"TSSS.linear","~tsss.s ~ 1",-2.56673644009827,0.377896097799006,NA,NA,NA,NA,NA,NA,NA,NA,NA,NA,NA,NA,-0.792897506513347,0.348181298635017,NA,NA,NA,NA,NA,NA,-0.566257382273776,0.520965825559482,0,3.9719795821564,55.7107689548979,3,23,117.421537909796,0,0.197345139814636,NA,0.197345139814636,24,180,NA
"121",2,"Latitude","~latitude ~ 1",-2.30489761654587,0.329233193088734,NA,NA,NA,NA,0.362268352662066,0.255500601246074,NA,NA,NA,NA,NA,NA,NA,NA,NA,NA,NA,NA,NA,NA,-0.52793783454645,0.52707950581453,0,6.96496636247526,67.8851651028722,3,23,141.770330205744,0,0.203180925316106,NA,0.203180925316106,24,240,NA
"122",2,"Latitude","~latitude ~ 1",-2.18832181184516,0.270785226829805,NA,NA,NA,NA,0.401256963853846,0.209390172261675,NA,NA,NA,NA,NA,NA,NA,NA,NA,NA,NA,NA,NA,NA,0.0730820290883498,0.518428908127329,0,10.8511261302831,96.0563660699406,3,23,198.112732139881,0,0.157834966399433,NA,0.157834966399433,24,300,NA
"123",15,"Temperature","~ordinal.s + latitude + julianXlat.s + temp.s ~ 1",-2.21694662231137,0.270463829562351,NA,NA,13.6465425827704,5.0847806329809,-11.4243530188572,4.4172089055874,-11.209056555099,4.13579783330143,NA,NA,0.348919398395227,0.23885593153788,NA,NA,NA,NA,NA,NA,NA,NA,-0.0370708068999766,0.465358209416066,0,3663.44653906315,98.9517072782331,6,23,209.903414556466,0,0.193581260805371,NA,0.193581260805371,24,360,NA
"124",9,"Julian.linearXlat","~ordinal.s + latitude + julianXlat.s ~ 1",-2.202195454042,0.266372535823343,NA,NA,6.48164399659905,3.49434038725546,-5.01795854374978,3.01631067804263,-5.0259153065908,2.79505830861965,NA,NA,NA,NA,NA,NA,NA,NA,NA,NA,NA,NA,-0.125058557488131,0.502497831312057,0,1588.50680295775,89.0603803785349,5,23,188.12076075707,0,0.19243445040539,NA,0.19243445040539,24,420,NA
"125",15,"Temperature","~tsss.s + latitude + tsssXlat.s + temp.s ~ 1",-1.75193735269464,0.2209766128765,NA,NA,NA,NA,1.0903449138795,0.35421329590956,NA,NA,NA,NA,0.524971483727983,0.214817640047486,7.93557469795986,2.74533795304833,NA,NA,NA,NA,-7.31608618851013,2.59863072957281,-0.133944045951134,0.442412575022278,0,728.498173929041,100.587571833612,6,23,213.175143667224,0,0.335765431252868,NA,0.335765431252868,24,480,NA
"126",12,"TSSS.Julian.quadratic","~tsss.s + tsss.s2 + latitude + tsssXlat.s + tsss2Xlat.s + ordinal.s + ordinal.s2 ~ 1",-2.29686719430658,0.267654704745447,NA,NA,NA,NA,0.68879529087525,0.281703609928641,9.06122955035118,5.25070149790361,-8.82755223479639,5.25868295904138,NA,NA,5.80001813906485,5.84254690885983,-11.5827989441952,8.2027492075725,12.1503786103452,7.69861104192285,-6.9525283329226,5.43925436334603,0.447774746899662,0.518368403516726,0,19423.7021173147,107.470900720762,9,23,232.941801441525,0,0.233115440970652,NA,0.233115440970652,24,540,NA
"127",2,"Latitude","~latitude ~ 1",-2.13739722925555,0.198390384555446,NA,NA,NA,NA,0.630248938155183,0.170550899488789,NA,NA,NA,NA,NA,NA,NA,NA,NA,NA,NA,NA,NA,NA,0.541058969445722,0.498491028725348,0,11.7029566222552,129.510127368367,3,23,265.020254736734,0,0.234796318039926,NA,0.234796318039926,28,600,NA
"128",15,"Temperature","~ordinal.s + latitude + julianXlat.s + temp.s ~ 1",-2.10069181094264,0.217954060242852,NA,NA,4.82081905488715,2.7193714314263,-3.38004856210476,2.30602676930831,-3.72978607548556,2.13435706409631,NA,NA,0.3669286486865,0.216742954802816,NA,NA,NA,NA,NA,NA,NA,NA,0.146906744698012,0.472249911832217,0,1414.73752427867,121.855191600681,6,23,255.710383201363,0,0.255347043085169,NA,0.255347043085169,28,660,NA
"129",2,"Latitude","~latitude ~ 1",-1.8446815403964,0.195531298988736,NA,NA,NA,NA,0.724127559200263,0.17381944328009,NA,NA,NA,NA,NA,NA,NA,NA,NA,NA,NA,NA,NA,NA,0.0768993938210313,0.456075209886156,0,11.0843507179053,131.586450781446,3,23,269.172901562892,0,0.226949560500534,NA,0.226949560500534,28,720,NA
"130",13,"TSSS.JulianXlat.linear","~tsss.s + tsss.s2 + latitude + tsssXlat.s + tsss2Xlat.s + ordinal.s + julianXlat.s ~ 1",-2.01335942428027,0.202324961276753,NA,NA,5.57150873614489,2.59087562912817,-4.15717138447614,2.19528565413195,-4.1158293226061,2.04548352768769,NA,NA,NA,NA,-7.8406413531257,4.42211360495223,10.1898363133098,5.22730744183094,-8.37872299732862,5.00364002213679,5.80464716765199,4.08812330604112,0.438097177991413,0.466513056221719,0,14834.8374565653,135.739050046643,9,23,289.478100093287,0,0.392164401467397,NA,0.392164401467397,28,780,NA
"131",13,"TSSS.JulianXlat.linear","~tsss.s + latitude + tsssXlat.s + ordinal.s + julianXlat.s ~ 1",-1.7883053182792,0.222271602490652,NA,NA,5.88943779698003,3.05098823666654,-3.67753545881998,2.53335934751627,-4.75620595000128,2.43399494091254,NA,NA,NA,NA,6.94021723778915,2.32885714710874,NA,NA,NA,NA,-6.61426387057161,2.20964461027978,-0.393697821014164,0.436423844048592,0,1653.85720354213,105.661473510195,7,23,225.322947020389,0,0.268867755447001,NA,0.268867755447001,28,840,NA
"132",15,"Temperature","~tsss.s + temp.s ~ 1",-1.59536703028075,0.174006105612282,NA,NA,NA,NA,NA,NA,NA,NA,NA,NA,0.324833837857929,0.173738295671314,-0.368753084803202,0.166974282001199,NA,NA,NA,NA,NA,NA,-0.00739902139024798,0.431540839319141,0,9.26225477762812,138.659114524151,4,23,285.318229048301,0,0.26213570907034,NA,0.26213570907034,28,900,NA
"133",15,"Temperature","~ordinal.s + latitude + julianXlat.s + temp.s ~ 1",-1.61972058228581,0.173653914308631,NA,NA,5.76958202189289,2.28182648752593,-4.61809836853538,1.9502474462089,-4.78895968078299,1.85568663062593,NA,NA,0.309894698074893,0.18239568173152,NA,NA,NA,NA,NA,NA,NA,NA,0.157904707599016,0.433020901007683,0,1377.53237419718,150.678982480217,6,23,313.357964960433,0,0.328812212713553,NA,0.328812212713553,28,960,NA
"134",2,"Latitude","~latitude ~ 1",-1.50660394250758,0.163889675109149,NA,NA,NA,NA,0.930431261036488,0.156349804066064,NA,NA,NA,NA,NA,NA,NA,NA,NA,NA,NA,NA,NA,NA,0.345652720079036,0.441373873199457,0,11.5475547671344,156.362169664706,3,23,318.724339329412,0,0.199508875356234,NA,0.199508875356234,28,1020,NA
"135",13,"TSSS.JulianXlat.linear","~tsss.s + latitude + tsssXlat.s + ordinal.s + julianXlat.s ~ 1",-1.64846701044081,0.180760253076048,NA,NA,7.09968239534514,2.5573765414611,-4.90070721120444,2.13164672917304,-5.55168451891042,2.03800645735335,NA,NA,NA,NA,4.56995972328308,1.90927789561911,NA,NA,NA,NA,-4.96083758051033,1.85851202777966,0.317347221710076,0.435239010279328,0,1385.1362476734,143.170997764422,7,23,300.341995528845,0,0.749488829073241,NA,0.749488829073241,28,1080,NA
"136",13,"TSSS.JulianXlat.linear","~tsss.s + tsss.s2 + latitude + tsssXlat.s + tsss2Xlat.s + ordinal.s + julianXlat.s ~ 1",-1.74022352461698,0.162644933349404,NA,NA,5.49104189772451,2.24158586767163,-4.03748288721584,1.88007525477762,-4.28926222159741,1.78046693785156,NA,NA,NA,NA,4.12770919166464,4.16347403966004,-6.55563495271975,5.20696281267455,7.44739782915285,4.95915286013306,-5.34576683219921,3.91487481746477,0.712598876141909,0.464291678610906,0,15651.0480963412,166.578896968071,9,23,351.157793936142,0,0.430189435144809,NA,0.430189435144809,28,1140,NA
"137",13,"TSSS.JulianXlat.linear","~tsss.s + tsss.s2 + latitude + tsssXlat.s + tsss2Xlat.s + ordinal.s + julianXlat.s ~ 1",-1.20193964948709,0.138803962694424,NA,NA,9.34073044034515,2.11795748622798,-7.34782346769111,1.76050242751333,-7.28893501486345,1.67844734466688,NA,NA,NA,NA,-4.4504693947103,3.32182015034391,1.86788456903272,3.84697529113309,-0.448605609522057,3.64239140685428,3.16671998982349,3.10943743534175,0.838045524798283,0.456827858393177,0,11632.8478454199,200.767485200399,9,23,419.534970400799,0,0.749427762062133,NA,0.749427762062133,28,3600,NA
"138",11,"TSSS.Julian.linear","~tsss.s + ordinal.s ~ 1",-2.49539768386657,0.329189715763821,NA,NA,NA,NA,NA,NA,-0.541484821650625,0.291804614102911,NA,NA,NA,NA,-0.441940888058815,0.295166842994961,NA,NA,NA,NA,NA,NA,-0.866202546371028,0.511006511959979,0,3.98000689528809,59.6400050900079,4,23,127.280010180016,0,0.192942479726692,NA,0.192942479726692,28,60,NA
"139",13,"TSSS.JulianXlat.linear","~tsss.s + latitude + tsssXlat.s + ordinal.s + julianXlat.s ~ 1",-1.79352085974677,0.181224974144961,NA,NA,7.55826666265292,2.66656294276493,-5.49570993766505,2.22693447016818,-6.04258545931593,2.1274300727163,NA,NA,NA,NA,3.9757611193183,1.96129434729331,NA,NA,NA,NA,-4.32815170167517,1.91873078949644,0.333770575545949,0.439277205362702,0,1475.61142880748,141.996318535869,7,23,297.992637071738,0,0.547446831662092,NA,0.547446831662092,28,1200,NA
"140",15,"Temperature","~latitude + temp.s ~ 1",-2.76204211014493,0.318794273870905,NA,NA,NA,NA,0.688780853185281,0.254170958791001,NA,NA,NA,NA,0.471757852472034,0.255964172686907,NA,NA,NA,NA,NA,NA,NA,NA,0.27054427278228,0.584825327719857,0,10.880541443824,85.2580963672452,4,23,178.51619273449,0,0.417587236621424,NA,0.417587236621424,28,120,NA
"141",2,"Latitude","~latitude ~ 1",-2.75075628406009,0.384054058233313,NA,NA,NA,NA,0.526173454678836,0.300588717034317,NA,NA,NA,NA,NA,NA,NA,NA,NA,NA,NA,NA,NA,NA,-0.127809517898232,0.611064988238828,0,10.7259699678866,71.8461351640098,3,23,149.69227032802,0,0.173355316872712,NA,0.173355316872712,28,180,NA
"142",12,"TSSS.Julian.quadratic","~tsss.s + ordinal.s + ordinal.s2 ~ 1",-2.0641447739443,0.214944233361927,NA,NA,NA,NA,NA,NA,9.65098958081142,4.79515656321771,-9.59396243492293,4.80004000576392,NA,NA,-0.339213994046956,0.197423348293812,NA,NA,NA,NA,NA,NA,0.0840364297384517,0.451497556789272,0,2073.34785440958,114.954323372876,5,23,239.908646745753,0,0.180756973790735,NA,0.180756973790735,28,240,NA
"143",9,"Julian.linearXlat","~ordinal.s + latitude + julianXlat.s ~ 1",-2.15186163278366,0.234661631328415,NA,NA,7.14409971697703,3.21898854529395,-5.79647082183275,2.76409173724756,-5.87210079197192,2.61210751841776,NA,NA,NA,NA,NA,NA,NA,NA,NA,NA,NA,NA,0.0659225222987297,0.457702526956696,0,1448.57520662276,112.173294549292,5,23,234.346589098585,0,0.178144677725165,NA,0.178144677725165,28,300,NA
"144",13,"TSSS.JulianXlat.linear","~latitude + ordinal.s + julianXlat.s ~ 1",-2.08400148535983,0.245887482927489,NA,NA,5.32161878741237,2.87199141628722,-3.8982992188714,2.45498851238973,-4.12064613837091,2.36650999546196,NA,NA,NA,NA,NA,NA,NA,NA,NA,NA,NA,NA,-0.240034012136035,0.472419605061327,0,1335.8394371256,101.674740473299,5,23,213.349480946598,0,0.22796063834647,NA,0.22796063834647,28,360,NA
"145",15,"Temperature","~ordinal.s + latitude + julianXlat.s + temp.s ~ 1",-2.22291908938377,0.245471708322251,NA,NA,6.4512464268744,3.23883226748972,-5.21300396887701,2.75894218967557,-5.55326543910003,2.61199491036256,NA,NA,0.355787819636644,0.229517814060833,NA,NA,NA,NA,NA,NA,NA,NA,0.0501015392326213,0.451274910822838,0,1472.11454371792,106.289772773638,6,23,224.579545547277,0,0.254729039597684,NA,0.254729039597684,28,420,NA
"146",12,"TSSS.Julian.quadratic","~latitude + ordinal.s + ordinal.s2 ~ 1",-2.11359421934935,0.215831827035453,NA,NA,NA,NA,0.579169091126124,0.170559960175936,12.2698984081828,4.9908870840044,-12.5324792671978,5.07283367839216,NA,NA,NA,NA,NA,NA,NA,NA,NA,NA,0.0958645282817651,0.456916791581522,0,2299.24015088719,117.770693139479,5,23,245.541386278959,0,0.471009412379603,NA,0.471009412379603,28,480,NA
"147",9,"Julian.linearXlat","~ordinal.s + latitude + julianXlat.s ~ 1",-2.51016331016472,0.277016622431137,NA,NA,10.3521791588671,3.37820716493805,-7.97718624964382,2.86776753295004,-8.51116300858289,2.79471750582875,NA,NA,NA,NA,NA,NA,NA,NA,NA,NA,NA,NA,0.0915458664597971,0.522215927083694,0,1645.20025741997,99.4781621748443,5,23,208.956324349689,0,0.318563953294699,NA,0.318563953294699,28,540,NA
"148",3,"TSSS.linear","~tsss.s ~ 1",-2.56045341903246,1.10668626745582,NA,NA,NA,NA,NA,NA,NA,NA,NA,NA,NA,NA,-1.56351168709499,0.738879601269607,NA,NA,NA,NA,NA,NA,1.04150276540715,2.70049620664676,0,65.7410312132003,18.6946938685931,3,23,43.3893877371861,0,0.22262394689332,NA,0.22262394689332,3,600,NA
"149",1,"Null","~1 ~ 1",-2.78536180313923,0.531667618715809,NA,NA,NA,NA,NA,NA,NA,NA,NA,NA,NA,NA,NA,NA,NA,NA,NA,NA,NA,NA,5.46059059943237,29.031875314925,1,3167.99323473404,15.2741611361577,2,23,34.5483222723154,0,0.226933288142041,NA,0.226933288142041,3,660,NA
"150",15,"Temperature","~latitude + temp.s ~ 1",-40.2249453023388,51.766250802283,NA,NA,NA,NA,25.3849920306161,32.6970011974156,NA,NA,NA,NA,41.0762661768943,53.5381236539411,NA,NA,NA,NA,NA,NA,NA,NA,-0.542127568535333,0.734553650421783,1,12705.0907254542,6.72723503151089,4,23,21.4544700630218,0,0.687487438675998,NA,0.687487438675998,3,720,NA
"151",15,"Temperature","~ordinal.s + ordinal.s2 + latitude + julianXlat.s + julian2Xlat.s + temp.s ~ 1",-63.7085082048816,253.140944812602,16.7791299138646,16451.6947029032,67.8665532091968,19281.1602921667,-30.5673274348719,8656.91995563279,-108.165802231927,19939.5591834524,-169.479146335595,20544.8959491854,91.0807389147918,854.390571536794,NA,NA,NA,NA,NA,NA,NA,NA,-1.10008121582963,0.577595356129207,1,4401426323.08057,9.00756847158684,8,23,34.0151369431737,0,0.310630434381929,NA,0.310630434381929,3,780,NA
"152",9,"Julian.linearXlat","~ordinal.s + latitude + julianXlat.s ~ 1",-2.50134630443538,0.694111115373584,NA,NA,32.442313189427,15.5061584724352,-25.1395488691492,12.3946038499384,-21.8903465499407,10.7002094461238,NA,NA,NA,NA,NA,NA,NA,NA,NA,NA,NA,NA,1.13972544031765,1.12078488799062,1,3938.5895896687,16.0286008242816,5,23,42.0572016485631,0,0.416985455538746,NA,0.416985455538746,3,840,NA
"153",6,"TSSS.quadraticXlat","~tsss.s + tsss.s2 + latitude + tsssXlat.s + tsss2Xlat.s ~ 1",-2.9987228086075,1.98394908665798,NA,NA,NA,NA,-0.0668730532862825,1.39587182035201,NA,NA,NA,NA,NA,NA,-66.3522442344367,43.0936306795142,98.0387943464713,60.4428963975744,-87.5730895271042,55.428994899754,58.1991279290579,37.4237283064092,-0.41447721011084,0.782829421883372,1,64454.8412337566,11.564173986977,7,23,37.128347973954,0,0.228540813524142,NA,0.228540813524142,3,900,NA
"154",1,NA,NA,NA,NA,NA,NA,NA,NA,NA,NA,NA,NA,NA,NA,NA,NA,NA,NA,NA,NA,NA,NA,NA,NA,NA,NA,NA,NA,NA,NA,NA,NA,NA,NA,NA,NA,3,960,"Error in as(ms, ""data.frame"") : 
  no method or default for coercing “try-error” to “data.frame”
"
"155",8,"Julian.quadratic","~ordinal.s + ordinal.s2 ~ 1",-2.11235585837285,0.960947532438912,NA,NA,NA,NA,NA,NA,26.9274776977267,15.6053202781458,-25.2878841008904,14.9545868402488,NA,NA,NA,NA,NA,NA,NA,NA,NA,NA,0.301415036604995,0.99566616960442,0,5649.91984039447,21.6278209061499,4,23,51.2556418122998,0,0.246941179144613,NA,0.246941179144613,3,1020,NA
"156",13,"TSSS.JulianXlat.linear","~tsss.s + latitude + tsssXlat.s + ordinal.s + julianXlat.s ~ 1",-2.97974541236538,0.829107508795078,NA,NA,14.1389672395533,9.37900713761325,-11.1255077294833,8.0918843397465,-10.6479556068029,7.51947618360002,NA,NA,NA,NA,-0.208351559050652,7.75746006601698,NA,NA,NA,NA,-1.07247759274246,7.35116887246764,8.82012990187686,76.7451171000188,0,100919.212963894,17.9056316018335,7,23,49.811263203667,0,0.247127144388895,NA,0.247127144388895,3,1080,NA
"157",13,"TSSS.JulianXlat.linear","~latitude + ordinal.s + julianXlat.s ~ 1",-1.82679343546872,0.63892507842851,NA,NA,26.3235519625533,14.6612114330973,-22.4651705839797,12.8201430882951,-21.8445367783315,12.2929248953126,NA,NA,NA,NA,NA,NA,NA,NA,NA,NA,NA,NA,0.647039928896258,0.829257509197819,0,4009.95781206504,23.3967882909372,5,23,56.7935765818743,0,0.254352769544747,NA,0.254352769544747,3,1140,NA
"158",12,"TSSS.Julian.quadratic","~tsss.s + latitude + tsssXlat.s + ordinal.s + ordinal.s2 ~ 1",-1.61796841621731,1.10991335356307,NA,NA,NA,NA,-0.824348381965281,1.50850664613643,39.9654515973201,23.4910637586395,-41.1976300214311,24.4577283424902,NA,NA,-37.8783376830817,26.61865528639,NA,NA,NA,NA,34.539713166816,24.5159194468071,-0.690706247681694,0.52373393090342,0,12080.1308187244,18.4221835305758,7,23,50.8443670611516,0,0.191963120102344,NA,0.191963120102344,3,3600,NA
"159",3,"TSSS.linear","~tsss.s ~ 1",-16.4717372796945,26.8753802522308,NA,NA,NA,NA,NA,NA,NA,NA,NA,NA,NA,NA,-14.238423074319,22.6440375538233,NA,NA,NA,NA,NA,NA,-2.10326516327495,1.07601121409654,1,1090.98447693349,3.18633849447103,3,23,12.3726769889421,0,0.245477492850677,NA,0.245477492850677,3,60,NA
"160",1,"Null","~1 ~ 1",-3.08678633474824,0.608981294163101,NA,NA,NA,NA,NA,NA,NA,NA,NA,NA,NA,NA,NA,NA,NA,NA,NA,NA,NA,NA,5.80341823436823,48.0343291637943,1,6624.26311783538,12.3407440503314,2,23,28.6814881006629,0,0.170793541308172,NA,0.170793541308172,3,1200,NA
"161",15,"Temperature","~latitude + temp.s ~ 1",-36.8160714572245,75.628660179688,NA,NA,NA,NA,9.20344388429349,17.6294678107558,NA,NA,NA,NA,16.5663843100814,37.349301488352,NA,NA,NA,NA,NA,NA,NA,NA,7.06423404226957,41.3907341932651,1,26353.4584427576,1.71786294597252,4,23,11.435725891945,0,0.383913120761762,NA,0.383913120761762,3,120,NA
"162",1,NA,NA,NA,NA,NA,NA,NA,NA,NA,NA,NA,NA,NA,NA,NA,NA,NA,NA,NA,NA,NA,NA,NA,NA,NA,NA,NA,NA,NA,NA,NA,NA,NA,NA,NA,NA,3,180,"Error in as(ms, ""data.frame"") : 
  no method or default for coercing “try-error” to “data.frame”
"
"163",7,"Julian.linear","~ordinal.s ~ 1",1.10964495348937,13.227992801201,NA,NA,NA,NA,NA,NA,-25.7274812348778,60.1210163581414,NA,NA,NA,NA,NA,NA,NA,NA,NA,NA,NA,NA,-2.1957493662997,0.744976684952114,1,6514.90382932575,6.50744163856382,3,23,19.0148832771276,0,0.236484023179559,NA,0.236484023179559,3,240,NA
"164",1,NA,NA,NA,NA,NA,NA,NA,NA,NA,NA,NA,NA,NA,NA,NA,NA,NA,NA,NA,NA,NA,NA,NA,NA,NA,NA,NA,NA,NA,NA,NA,NA,NA,NA,NA,NA,3,300,"Error in as(ms, ""data.frame"") : 
  no method or default for coercing “try-error” to “data.frame”
"
"165",5,"TSSS.linearXlat","~tsss.s + latitude + tsssXlat.s ~ 1",-44.5729595801377,160.740842625686,NA,NA,NA,NA,26.8332040467671,30.498098699707,NA,NA,NA,NA,NA,NA,-29.9357574536625,797.584410244578,NA,NA,NA,NA,-28.9266425998422,665.829023002137,-1.19906145448585,0.657477388731933,1,2551422.61704783,7.09943191348251,5,23,24.198863826965,0,0.256327603568172,NA,0.256327603568172,3,360,NA
"166",1,NA,NA,NA,NA,NA,NA,NA,NA,NA,NA,NA,NA,NA,NA,NA,NA,NA,NA,NA,NA,NA,NA,NA,NA,NA,NA,NA,NA,NA,NA,NA,NA,NA,NA,NA,NA,3,420,"Error in as(ms, ""data.frame"") : 
  no method or default for coercing “try-error” to “data.frame”
"
"167",1,NA,NA,NA,NA,NA,NA,NA,NA,NA,NA,NA,NA,NA,NA,NA,NA,NA,NA,NA,NA,NA,NA,NA,NA,NA,NA,NA,NA,NA,NA,NA,NA,NA,NA,NA,NA,3,480,"Error in as(ms, ""data.frame"") : 
  no method or default for coercing “try-error” to “data.frame”
"
"168",13,"TSSS.JulianXlat.linear","~tsss.s + ordinal.s + latitude + julianXlat.s ~ 1",-19.7576683258798,12.7776552705998,NA,NA,57.5152871261884,34.758475272641,-52.2330599047435,31.5064866624201,-49.3132588745992,30.2852037699692,NA,NA,NA,NA,-11.6512495175143,8.31718806864334,NA,NA,NA,NA,NA,NA,1.22195347773711,1.1767017500393,1,15680.8241151844,4.07150689306499,6,23,20.14301378613,0,0.855270640865143,NA,0.855270640865143,3,540,NA
"169",13,"TSSS.JulianXlat.linear","~tsss.s + latitude + tsssXlat.s + ordinal.s + julianXlat.s ~ 1",-1.73850503596899,0.212558751387399,NA,NA,9.21499187329454,3.02645972750495,-6.94736151161395,2.55884399742306,-7.3663556448251,2.44604879967694,NA,NA,NA,NA,4.99816366695625,2.18601313340124,NA,NA,NA,NA,-4.93447054221655,2.06645708323254,-0.409553535567885,0.432962520374511,0,2009.43793460201,116.095139464538,7,23,246.190278929075,0,0.481988098748758,NA,0.481988098748758,32,600,NA
"170",15,"Temperature","~tsss.s + latitude + tsssXlat.s + temp.s ~ 1",-1.97990311166578,0.189370433141968,NA,NA,NA,NA,0.557402374672192,0.224694215641379,NA,NA,NA,NA,0.318245902735787,0.175449750944784,2.21883957344835,1.727032925685,NA,NA,NA,NA,-2.59980432155438,1.67445693827255,0.0322503746808822,0.442380439853322,0,475.168841732983,136.620064135009,6,23,285.240128270017,0,0.3601869228918,NA,0.3601869228918,32,660,NA
"171",13,"TSSS.JulianXlat.linear","~tsss.s + latitude + tsssXlat.s + ordinal.s + julianXlat.s ~ 1",-2.1142414864044,0.206877386874002,NA,NA,5.17662593240659,2.22272522576685,-4.07373786032507,1.89969910814031,-3.91084771037046,1.75809190530456,NA,NA,NA,NA,-1.56387006210731,1.88168376209383,NA,NA,NA,NA,0.847164958460588,1.79291514397182,0.264594533650203,0.458769030935777,0,1423.59462465313,150.424944443924,7,23,314.849888887848,0,0.437094727610813,NA,0.437094727610813,32,720,NA
"172",13,"TSSS.JulianXlat.linear","~tsss.s + latitude + tsssXlat.s + ordinal.s + julianXlat.s ~ 1",-1.94610142131271,0.214685788004957,NA,NA,8.34457585532446,2.56560824527487,-6.13329481592792,2.11336464238889,-6.82163483183651,2.06825360955651,NA,NA,NA,NA,3.84101992082904,2.14650773039897,NA,NA,NA,NA,-4.41940190344989,2.07432541546116,-0.0405828766787159,0.427664844038646,0,1527.31602575443,131.865564129103,7,23,277.731128258205,0,0.727369379999365,NA,0.727369379999365,32,780,NA
"173",15,"Temperature","~tsss.s + latitude + tsssXlat.s + temp.s ~ 1",-1.99322218607802,0.186779758078119,NA,NA,NA,NA,0.580477879006905,0.246277038286946,NA,NA,NA,NA,0.493476712708073,0.178961897969496,1.17710895357706,2.04503181435995,NA,NA,NA,NA,-1.6323146728586,1.96406760142343,0.224056468677818,0.446413981251306,0,690.537559754697,144.640441265877,6,23,301.280882531754,0,0.708986313603343,NA,0.708986313603343,32,840,NA
"174",15,"Temperature","~tsss.s + tsss.s2 + temp.s ~ 1",-1.87060722018514,0.156915462116676,NA,NA,NA,NA,NA,NA,NA,NA,NA,NA,0.276945820348828,0.159394201158736,-0.947738773504267,0.430229828290452,0.856419114128266,0.455894540281172,NA,NA,NA,NA,0.704916011241611,0.460369780922819,0,37.8216189310938,171.336904273771,5,23,352.673808547541,0,0.251316585861946,NA,0.251316585861946,32,900,NA
"175",14,"TSSS.JulianXlat.quadratic","~tsss.s + latitude + tsssXlat.s + ordinal.s + ordinal.s2 + julianXlat.s + julian2Xlat.s ~ 1",-1.70557256350928,0.184239641696995,-103.354236977137,60.5194047720597,130.280779211259,75.5758441664327,-54.9604480945159,32.0814553631845,-92.8484014461821,59.3900268526186,94.1306662514707,60.600146442236,NA,NA,0.897068545333463,2.11959935762854,NA,NA,NA,NA,-1.22237814156744,2.01601074046649,0.122782477050432,0.427365957331435,1,2232896.91246774,150.201474409112,9,23,318.402948818224,0,0.425287698068497,NA,0.425287698068497,32,960,NA
"176",15,"Temperature","~latitude + temp.s ~ 1",-1.67920019571178,0.162562843527114,NA,NA,NA,NA,0.779064724468205,0.157955002735204,NA,NA,NA,NA,0.33063620999774,0.161290580868724,NA,NA,NA,NA,NA,NA,NA,NA,0.328450111131615,0.437982191466963,0,12.3237965791967,168.451055453479,4,23,344.902110906957,0,0.427336771438428,NA,0.427336771438428,32,1020,NA
"177",12,"TSSS.Julian.quadratic","~latitude + ordinal.s + ordinal.s2 ~ 1",-1.70598124459668,0.161556752362219,NA,NA,NA,NA,0.650901104969332,0.147899416024735,10.3304152611465,3.7718397970187,-10.1535549714478,3.77900001113832,NA,NA,NA,NA,NA,NA,NA,NA,NA,NA,0.309609678452433,0.432539456715842,0,2174.8943023833,165.167864024943,5,23,340.335728049885,0,0.421062506151878,NA,0.421062506151878,32,1080,NA
"178",15,"Temperature","~ordinal.s + latitude + julianXlat.s + temp.s ~ 1",-1.84416012984559,0.18205222043634,NA,NA,5.3587297444903,2.50008617715138,-3.71243290704269,2.10854754370914,-4.08275570754816,1.98516839492231,NA,NA,0.335900738346951,0.171169869984619,NA,NA,NA,NA,NA,NA,NA,NA,0.384410918118059,0.454924373579538,0,1533.30788275755,159.687053673203,6,23,331.374107346406,0,0.279702998837075,NA,0.279702998837075,32,1140,NA
"179",13,"TSSS.JulianXlat.linear","~tsss.s + tsss.s2 + latitude + tsssXlat.s + tsss2Xlat.s + ordinal.s + julianXlat.s ~ 1",-1.05339252469877,0.122885270756905,NA,NA,4.61668308978589,1.75154218669679,-3.40118284616867,1.45943758733489,-3.55290334614809,1.39118055909519,NA,NA,NA,NA,-1.05579737422208,2.95669758600989,-1.29004964227423,3.40324641211796,2.82096560180503,3.23284012143897,-0.523867562252315,2.76868084574356,0.83201730662789,0.454800270967266,0,11911.8954004048,244.013048494591,9,23,506.026096989181,0,0.673818463472076,NA,0.673818463472076,32,3600,NA
"180",8,"Julian.quadratic","~ordinal.s + ordinal.s2 ~ 1",-2.36095195390714,0.303596876051848,NA,NA,NA,NA,NA,NA,11.9546334088098,7.1864876840877,-12.5648856364346,7.39428524329454,NA,NA,NA,NA,NA,NA,NA,NA,NA,NA,-0.705441422620517,0.47366942531914,0,2930.61193877884,80.0928224021,4,23,168.1856448042,0,0.186328948040731,NA,0.186328948040731,32,60,NA
"181",13,"TSSS.JulianXlat.linear","~tsss.s + latitude + tsssXlat.s + ordinal.s + julianXlat.s ~ 1",-1.50869431785986,0.161727142670529,NA,NA,8.32919853732904,2.6965869205216,-5.93979025549105,2.23232706301513,-6.27931206795843,2.13036330721479,NA,NA,NA,NA,4.30443911558853,2.05475549206666,NA,NA,NA,NA,-4.34481481479785,1.97542108881825,0.116113658485441,0.424184056549975,0,1737.90721133939,161.740653483261,7,23,337.481306966522,0,0.527949957302965,NA,0.527949957302965,32,1200,NA
"182",1,"Null","~1 ~ 1",-1.92616669668286,0.246263884092743,NA,NA,NA,NA,NA,NA,NA,NA,NA,NA,NA,NA,NA,NA,NA,NA,NA,NA,NA,NA,-0.974858768357235,0.484068564785645,0,3.90041121308477,75.1148006795302,2,23,154.22960135906,0,0.229741014802005,NA,0.229741014802005,32,120,NA
"183",15,"Temperature","~latitude + temp.s ~ 1",-2.7376164110616,0.258925712898744,NA,NA,NA,NA,0.707495440059265,0.213923931682598,NA,NA,NA,NA,0.502174924180031,0.217919837671561,NA,NA,NA,NA,NA,NA,NA,NA,0.42247060015615,0.555416144118734,0,10.4344069506007,103.517265705684,4,23,215.034531411368,0,0.635210166117507,NA,0.635210166117507,32,180,NA
"184",3,"TSSS.linear","~tsss.s ~ 1",-2.57309175358456,0.275892176032885,NA,NA,NA,NA,NA,NA,NA,NA,NA,NA,NA,NA,-0.885344396323333,0.271867705845871,NA,NA,NA,NA,NA,NA,-0.226780243053887,0.470693613343004,0,6.98642775350487,95.6112050844813,3,23,197.222410168963,0,0.249965493823516,NA,0.249965493823516,32,240,NA
"185",15,"Temperature","~latitude + temp.s ~ 1",-2.25873194360644,0.201846457274961,NA,NA,NA,NA,0.33824959525831,0.158811255062537,NA,NA,NA,NA,0.257480842686425,0.17738474893939,NA,NA,NA,NA,NA,NA,NA,NA,0.369958689042311,0.495150627672789,0,11.9837331316161,137.265371099788,4,23,282.530742199575,0,0.239319538640731,NA,0.239319538640731,32,300,NA
"186",15,"Temperature","~tsss.s + latitude + tsssXlat.s + temp.s ~ 1",-2.65757118269066,0.334312914282439,NA,NA,NA,NA,0.924880471815495,0.306557055383158,NA,NA,NA,NA,0.480276964199599,0.234312628703095,-0.417161187416219,2.60245634035501,NA,NA,NA,NA,-0.123231270743769,2.43178893366438,-0.00162727116668698,0.550400882116879,0,864.08794808352,103.087318448992,6,23,218.174636897984,0,0.576945424839896,NA,0.576945424839896,32,360,NA
"187",12,"TSSS.Julian.quadratic","~latitude + ordinal.s + ordinal.s2 ~ 1",-2.67549336982803,0.25826072515877,NA,NA,NA,NA,0.552387028822306,0.184821820372355,12.3563468008151,5.21183057755589,-11.9676021354961,5.18906479718166,NA,NA,NA,NA,NA,NA,NA,NA,NA,NA,0.615640438387997,0.578728173706064,0,2639.91460846375,118.632824422812,5,23,247.265648845624,0,0.365478810883019,NA,0.365478810883019,32,420,NA
"188",13,"TSSS.JulianXlat.linear","~tsss.s + latitude + tsssXlat.s + ordinal.s + julianXlat.s ~ 1",-2.04223752947369,0.198918550503045,NA,NA,6.88892028102333,2.56623391146446,-5.05932118460244,2.18882062521934,-5.66450675538142,2.09598238914114,NA,NA,NA,NA,1.73921636188316,2.00159958817691,NA,NA,NA,NA,-2.0652103313311,1.91476346079001,0.0383875620804051,0.446522799918063,0,1518.5915635319,134.923524736231,7,23,283.847049472461,0,0.521602642576945,NA,0.521602642576945,32,480,NA
"189",12,"TSSS.Julian.quadratic","~tsss.s + latitude + tsssXlat.s + ordinal.s + ordinal.s2 ~ 1",-2.51868862983667,0.261225485866803,NA,NA,NA,NA,0.299545646904411,0.2554158665911,10.6175143927076,4.84179183366297,-10.6417279161441,4.89677494181795,NA,NA,-2.54871154124679,2.12600363563772,NA,NA,NA,NA,1.94913359069926,1.98454276430541,0.516925263485283,0.508403054251145,0,4020.00051407361,127.788643277508,7,23,269.577286555015,0,0.411442337156718,NA,0.411442337156718,32,540,NA
"190",1,NA,NA,NA,NA,NA,NA,NA,NA,NA,NA,NA,NA,NA,NA,NA,NA,NA,NA,NA,NA,NA,NA,NA,NA,NA,NA,NA,NA,NA,NA,NA,NA,NA,NA,NA,NA,4,600,"Error in as(ms, ""data.frame"") : 
  no method or default for coercing “try-error” to “data.frame”
"
"191",1,"Null","~1 ~ 1",-2.90178711171409,0.527639637852416,NA,NA,NA,NA,NA,NA,NA,NA,NA,NA,NA,NA,NA,NA,NA,NA,NA,NA,NA,NA,5.53627818512711,28.8929595091342,1,3157.84716027062,15.7254764503297,2,23,35.4509529006594,0,0.172404407221559,NA,0.172404407221559,4,660,NA
"192",2,"Latitude","~latitude ~ 1",-1.40127974458853,0.646613188007881,NA,NA,NA,NA,0.956358743322566,0.463741034943421,NA,NA,NA,NA,NA,NA,NA,NA,NA,NA,NA,NA,NA,NA,-0.0421669036995125,0.846948091956926,0,6.35016910962974,23.9893011247126,3,23,53.9786022494251,0,0.216743908470407,NA,0.216743908470407,4,720,NA
"193",2,"Latitude","~latitude ~ 1",-1.92192460168021,0.649113952989862,NA,NA,NA,NA,0.736965840736947,0.438353672312064,NA,NA,NA,NA,NA,NA,NA,NA,NA,NA,NA,NA,NA,NA,1.24628346545812,2.17884038975566,0,44.3278622875918,25.8326762123216,3,23,57.6653524246432,0,0.268615383401091,NA,0.268615383401091,4,780,NA
"194",3,"TSSS.linear","~tsss.s ~ 1",-1.48711395047956,0.643715085142004,NA,NA,NA,NA,NA,NA,NA,NA,NA,NA,NA,NA,-0.503585081246174,0.347274502026222,NA,NA,NA,NA,NA,NA,1.3074315623371,2.09917074877013,0,53.7710554449274,31.8983571164639,3,23,69.7967142329278,0,0.174499536000492,NA,0.174499536000492,4,840,NA
"195",3,"TSSS.linear","~tsss.s ~ 1",-1.18376432359076,0.6762506516391,NA,NA,NA,NA,NA,NA,NA,NA,NA,NA,NA,NA,-0.898163857869554,0.503331606515885,NA,NA,NA,NA,NA,NA,-0.251670942218883,0.778654004961087,0,7.03248791745206,25.2465704968683,3,23,56.4931409937366,0,0.164121075457426,NA,0.164121075457426,4,900,NA
"196",1,"Null","~1 ~ 1",-1.51244444762039,0.713538808643157,NA,NA,NA,NA,NA,NA,NA,NA,NA,NA,NA,NA,NA,NA,NA,NA,NA,NA,NA,NA,1.37260739448591,2.51667049279534,0,55.4012630944121,31.4936816383074,2,23,66.9873632766148,0,0.186633942702272,NA,0.186633942702272,4,960,NA
"197",1,"Null","~1 ~ 1",-2.47042569490673,0.42584958555336,NA,NA,NA,NA,NA,NA,NA,NA,NA,NA,NA,NA,NA,NA,NA,NA,NA,NA,NA,NA,7.56189321879955,45.1666769791703,0,11284.0568744434,21.0726794413067,2,23,46.1453588826133,0,0.202850769860385,NA,0.202850769860385,4,1020,NA
"198",15,"Temperature","~ordinal.s + latitude + julianXlat.s + temp.s ~ 1",-2.87419123864576,1.39529935537857,NA,NA,102.054606598321,49.5556013065832,-78.9941128416876,38.3929267159475,-78.6986544868457,38.4174646371001,NA,NA,-4.39937442766153,2.283280063396,NA,NA,NA,NA,NA,NA,NA,NA,-0.106140530259823,0.51165800989458,1,29197.11878358,18.8379575441662,6,23,49.6759150883324,0,0.894278575166106,NA,0.894278575166106,4,1080,NA
"199",5,"TSSS.linearXlat","~tsss.s + latitude + tsssXlat.s ~ 1",-3.79972227226834,1.17669545937765,NA,NA,NA,NA,2.99015880347441,1.29518415349277,NA,NA,NA,NA,NA,NA,14.7596217830837,6.21112209027485,NA,NA,NA,NA,-12.2843818528219,5.30956887368022,10.5584359792695,907.824836522032,0,19351554.8403489,20.2375219482303,5,23,50.4750438964606,0,0.294697608877681,NA,0.294697608877681,4,1140,NA
"200",6,"TSSS.quadraticXlat","~tsss.s + tsss.s2 + latitude + tsssXlat.s + tsss2Xlat.s ~ 1",-0.650461008677043,0.438650203807681,NA,NA,NA,NA,2.8773425954193,1.26901824685077,NA,NA,NA,NA,NA,NA,30.1983359755089,19.3019934835688,-31.5820405180956,19.5305826651761,33.1388033947156,18.7827599883616,-32.6080411645836,18.793996497378,0.817116459374238,0.6413883342052,1,39287.5991440569,30.9181819151613,7,23,75.8363638303227,0,0.255008493207697,NA,0.255008493207697,4,3600,NA
"201",1,NA,NA,NA,NA,NA,NA,NA,NA,NA,NA,NA,NA,NA,NA,NA,NA,NA,NA,NA,NA,NA,NA,NA,NA,NA,NA,NA,NA,NA,NA,NA,NA,NA,NA,NA,NA,4,60,"Error in as(ms, ""data.frame"") : 
  no method or default for coercing “try-error” to “data.frame”
"
"202",1,"Null","~1 ~ 1",-1.54317926785603,0.721797714139169,NA,NA,NA,NA,NA,NA,NA,NA,NA,NA,NA,NA,NA,NA,NA,NA,NA,NA,NA,NA,1.04007555827814,2.04645535935185,0,34.7025962601687,29.5974281213737,2,23,63.1948562427474,0,0.194561016897706,NA,0.194561016897706,4,1200,NA
"203",1,NA,NA,NA,NA,NA,NA,NA,NA,NA,NA,NA,NA,NA,NA,NA,NA,NA,NA,NA,NA,NA,NA,NA,NA,NA,NA,NA,NA,NA,NA,NA,NA,NA,NA,NA,NA,4,120,"Error in as(ms, ""data.frame"") : 
  no method or default for coercing “try-error” to “data.frame”
"
"204",15,"Temperature","~latitude + temp.s ~ 1",-30.8412762675964,40.0560833869974,NA,NA,NA,NA,15.6106084731863,20.4572015957945,NA,NA,NA,NA,11.3660706059098,15.9952232286366,NA,NA,NA,NA,NA,NA,NA,NA,-1.11334635530918,1.15995029017765,1,1675.35020077126,2.28334752402984,4,23,12.5666950480597,0,0.253581527468699,NA,0.253581527468699,4,180,NA
"205",6,"TSSS.quadraticXlat","~tsss.s + tsss.s2 + latitude + tsssXlat.s + tsss2Xlat.s ~ 1",-272.150749237601,280.678163503547,NA,NA,NA,NA,-0.56442073983389,10.0421178520124,NA,NA,NA,NA,NA,NA,-39.1559084505945,683.83054936275,-209.323491559772,2724.7319593005,-236.381892146427,2309.82077618373,141.980094776325,601.266178956254,15.0593992564585,1852.74132180167,1,104927868.487682,4.18119700661473,7,23,22.3623940132295,0,0.894877470900392,NA,0.894877470900392,4,240,NA
"206",13,"TSSS.JulianXlat.linear","~tsss.s + tsss.s2 + latitude + tsssXlat.s + tsss2Xlat.s + ordinal.s + julianXlat.s ~ 1",-29.0584448375563,NA,NA,NA,91.590325745134,NA,-49.9472482410211,NA,-72.0370133296731,NA,NA,NA,NA,NA,144.762814739687,NA,14.6557214282473,NA,-63.148509099625,NA,-66.9418762709075,NA,-0.362364093093531,0.566961753116431,1,-1563277.83273947,8.46675766802287,9,23,34.9335153360457,0,0.34733902556939,NA,0.34733902556939,4,300,NA
"207",1,"Null","~1 ~ 1",-1.57687815568973,1.04243132623083,NA,NA,NA,NA,NA,NA,NA,NA,NA,NA,NA,NA,NA,NA,NA,NA,NA,NA,NA,NA,-0.902425277039047,1.21124191369635,0,8.4427082713711,15.0749630971039,2,23,34.1499261942078,0,0.20946588106644,NA,0.20946588106644,4,360,NA
"208",1,NA,NA,NA,NA,NA,NA,NA,NA,NA,NA,NA,NA,NA,NA,NA,NA,NA,NA,NA,NA,NA,NA,NA,NA,NA,NA,NA,NA,NA,NA,NA,NA,NA,NA,NA,NA,4,420,"Error in as(ms, ""data.frame"") : 
  no method or default for coercing “try-error” to “data.frame”
"
"209",15,"Temperature","~temp.s ~ 1",-1.55340686761576,0.697046867090427,NA,NA,NA,NA,NA,NA,NA,NA,NA,NA,0.923651234726674,0.575229037410125,NA,NA,NA,NA,NA,NA,NA,NA,0.00674988781080073,0.968690948469086,0,7.87089663048618,23.4920150146346,3,23,52.9840300292692,0,0.275570414053259,NA,0.275570414053259,4,480,NA
"210",11,"TSSS.Julian.linear","~tsss.s + ordinal.s ~ 1",-23.3116201076284,26.1880892338314,NA,NA,NA,NA,NA,NA,-24.5890352220352,27.6530118787572,NA,NA,NA,NA,-106.025864943226,118.47345088314,NA,NA,NA,NA,NA,NA,-1.72380619782409,0.623866920806501,1,39656.5367048799,8.50996397654966,4,23,25.0199279530993,0,0.559978428539009,NA,0.559978428539009,4,540,NA
"211",11,"TSSS.Julian.linear","~latitude + ordinal.s ~ 1",-2.94203193928811,0.954353352519148,NA,NA,NA,NA,1.47757363940134,0.698890650690288,1.45345717588214,0.745889511411678,NA,NA,NA,NA,NA,NA,NA,NA,NA,NA,NA,NA,-0.675950472193415,0.799921815044596,0,8.74407835244998,19.535419178889,4,23,47.070838357778,0,0.182796669260002,NA,0.182796669260002,8,600,NA
"212",11,"TSSS.Julian.linear","~tsss.s + ordinal.s ~ 1",-1.5691115973604,0.571449670256139,NA,NA,NA,NA,NA,NA,-0.864237556796788,0.406205249671682,NA,NA,NA,NA,-0.927389332791358,0.444624611303665,NA,NA,NA,NA,NA,NA,-0.736373093503872,0.556363493870887,0,5.9084183726547,33.3616704812236,4,23,74.7233409624473,0,0.302213094697338,NA,0.302213094697338,8,660,NA
"213",1,NA,NA,NA,NA,NA,NA,NA,NA,NA,NA,NA,NA,NA,NA,NA,NA,NA,NA,NA,NA,NA,NA,NA,NA,NA,NA,NA,NA,NA,NA,NA,NA,NA,NA,NA,NA,8,720,"Error in as(ms, ""data.frame"") : 
  no method or default for coercing “try-error” to “data.frame”
"
"214",4,"TSSS.quadratic","~tsss.s + tsss.s2 ~ 1",-1.98058111160747,0.459634625924209,NA,NA,NA,NA,NA,NA,NA,NA,NA,NA,NA,NA,-2.22233253445251,0.839300666804934,1.98588920683028,0.86238052039432,NA,NA,NA,NA,1.26880261157483,1.49111498241317,0,84.875566284008,50.1190025188551,4,23,108.23800503771,0,0.248390051091879,NA,0.248390051091879,8,780,NA
"215",11,"TSSS.Julian.linear","~latitude + ordinal.s ~ 1",-3.4370998225207,0.655727170828352,NA,NA,NA,NA,1.48189358682532,0.435386547492166,0.908253627761292,0.464583227528297,NA,NA,NA,NA,NA,NA,NA,NA,NA,NA,NA,NA,1.74261604206663,1.96489176343847,0,62.1758493282028,28.0472054531448,4,23,64.0944109062897,0,0.356763628766672,NA,0.356763628766672,8,840,NA
"216",3,"TSSS.linear","~tsss.s ~ 1",-1.46061754048041,0.400728887349204,NA,NA,NA,NA,NA,NA,NA,NA,NA,NA,NA,NA,-0.89681173473442,0.37354642449943,NA,NA,NA,NA,NA,NA,-0.206166906712892,0.553525224804227,0,4.65916148374383,45.6610648948589,3,23,97.3221297897178,0,0.234609226083552,NA,0.234609226083552,8,900,NA
"217",1,"Null","~1 ~ 1",-1.43322032244595,0.444083231685565,NA,NA,NA,NA,NA,NA,NA,NA,NA,NA,NA,NA,NA,NA,NA,NA,NA,NA,NA,NA,-0.367593216160294,0.604974700861055,0,3.4438805656279,39.4912157745827,2,23,82.9824315491655,0,0.220368706917663,NA,0.220368706917663,8,960,NA
"218",1,"Null","~1 ~ 1",-1.41001254603868,0.359738403492637,NA,NA,NA,NA,NA,NA,NA,NA,NA,NA,NA,NA,NA,NA,NA,NA,NA,NA,NA,NA,0.153602577072406,0.636187514003074,0,4.9423924879052,51.2644432931645,2,23,106.528886586329,0,0.171075243900727,NA,0.171075243900727,8,1020,NA
"219",1,"Null","~1 ~ 1",-1.97475811241208,0.493588453362515,NA,NA,NA,NA,NA,NA,NA,NA,NA,NA,NA,NA,NA,NA,NA,NA,NA,NA,NA,NA,0.802824763284063,1.23021007270726,0,16.5229700413948,44.1639370476844,2,23,92.3278740953687,0,0.200736777630121,NA,0.200736777630121,8,1080,NA
"220",4,"TSSS.quadratic","~tsss.s + tsss.s2 ~ 1",-1.8232035281759,0.511267910189277,NA,NA,NA,NA,NA,NA,NA,NA,NA,NA,NA,NA,-2.32597888171666,0.999458663863415,1.75291135242456,1.07960060456622,NA,NA,NA,NA,-0.263717941837915,0.626958677390907,0,37.9310831073873,34.876145563172,4,23,77.7522911263439,0,0.276811186720982,NA,0.276811186720982,8,1140,NA
"221",13,"TSSS.JulianXlat.linear","~latitude + ordinal.s + julianXlat.s ~ 1",-1.38907248946688,0.458485144525175,NA,NA,29.268599605651,10.4306296243514,-23.7366211033538,8.70093963129486,-23.0808946678448,8.29442541871067,NA,NA,NA,NA,NA,NA,NA,NA,NA,NA,NA,NA,-0.148578319637292,0.512711864392827,0,4912.14224862034,43.7315816641653,5,23,97.4631633283306,0,0.315718508406784,NA,0.315718508406784,8,3600,NA
"222",1,NA,NA,NA,NA,NA,NA,NA,NA,NA,NA,NA,NA,NA,NA,NA,NA,NA,NA,NA,NA,NA,NA,NA,NA,NA,NA,NA,NA,NA,NA,NA,NA,NA,NA,NA,NA,8,60,"Error in as(ms, ""data.frame"") : 
  no method or default for coercing “try-error” to “data.frame”
"
"223",2,"Latitude","~latitude ~ 1",-1.12341309483257,0.360472984865476,NA,NA,NA,NA,0.537145118049168,0.332446048560805,NA,NA,NA,NA,NA,NA,NA,NA,NA,NA,NA,NA,NA,NA,-0.266438431570312,0.540088150358542,0,4.81082299035,49.9194128158176,3,23,105.838825631635,0,0.168827722892736,NA,0.168827722892736,8,1200,NA
"224",8,"Julian.quadratic","~ordinal.s + ordinal.s2 ~ 1",-2.19345897762638,0.666006854615444,NA,NA,NA,NA,NA,NA,22.4744586965661,14.1575398848679,-23.1420174574527,14.5325461428338,NA,NA,NA,NA,NA,NA,NA,NA,NA,NA,-0.352360558202852,0.771999275470189,0,3361.84791695514,30.8783287086461,4,23,69.7566574172923,0,0.158193847536387,NA,0.158193847536387,8,120,NA
"225",15,"Temperature","~ordinal.s + temp.s ~ 1",-2.77346277000685,0.91062478038521,NA,NA,NA,NA,NA,NA,-1.49270256018876,0.862059639589503,NA,NA,1.0226186525431,0.711077620939338,NA,NA,NA,NA,NA,NA,NA,NA,-0.796013795210973,0.928101579314151,0,6.74817329666394,19.3209961090615,4,23,46.6419922181231,0,0.187606861470371,NA,0.187606861470371,8,180,NA
"226",2,"Latitude","~latitude ~ 1",-3.11709932856095,0.454910748757993,NA,NA,NA,NA,0.989460507687742,0.333762714176403,NA,NA,NA,NA,NA,NA,NA,NA,NA,NA,NA,NA,NA,NA,7.52907824242921,42.7584390550478,0,38114.2502666223,32.1023854759333,3,23,70.2047709518667,0,0.360689938953147,NA,0.360689938953147,8,240,NA
"227",11,"TSSS.Julian.linear","~tsss.s + ordinal.s ~ 1",-2.06300579257184,0.491316129138826,NA,NA,NA,NA,NA,NA,0.413770115817509,0.290909414061346,NA,NA,NA,NA,-0.581973031427903,0.327154981475825,NA,NA,NA,NA,NA,NA,0.881432830985995,1.20193275160336,0,28.0249608638497,45.2344095069161,4,23,98.4688190138322,0,0.145526255469094,NA,0.145526255469094,8,300,NA
"228",4,"TSSS.quadratic","~tsss.s + tsss.s2 ~ 1",-2.51075790780594,0.693745622695643,NA,NA,NA,NA,NA,NA,NA,NA,NA,NA,NA,NA,-2.25611843952893,0.998721839718976,2.10551943814757,1.09974301163918,NA,NA,NA,NA,0.334629656272221,1.29218631967759,0,41.280069518005,30.6012514464063,4,23,69.2025028928126,0,0.196514056774565,NA,0.196514056774565,8,360,NA
"229",11,"TSSS.Julian.linear","~tsss.s + tsss.s2 + ordinal.s ~ 1",-2.04812134892364,0.532161558359236,NA,NA,NA,NA,NA,NA,0.994802342652235,0.430967730008982,NA,NA,NA,NA,-2.61009116665847,1.20397397325671,1.58404569735605,1.31579610760167,NA,NA,NA,NA,-0.334268127005285,0.576100077232483,0,45.2275966013174,32.7447491738035,5,23,75.4894983476071,0,0.43227731599031,NA,0.43227731599031,8,420,NA
"230",2,"Latitude","~latitude ~ 1",-2.10931356397074,0.473903127725165,NA,NA,NA,NA,0.592952167195004,0.349827090666625,NA,NA,NA,NA,NA,NA,NA,NA,NA,NA,NA,NA,NA,NA,0.85218828593679,1.12160338458366,0,16.5702612755977,42.3397593738802,3,23,90.6795187477605,0,0.157275583136256,NA,0.157275583136256,8,480,NA
"231",13,"TSSS.JulianXlat.linear","~tsss.s + latitude + tsssXlat.s + ordinal.s + julianXlat.s ~ 1",-2.62938017371863,1.15784180784613,NA,NA,24.4003623823809,10.590883067232,-17.1530808552278,8.63671063792264,-20.6954548190358,8.78887638922562,NA,NA,NA,NA,21.5796054757079,10.7798217353948,NA,NA,NA,NA,-18.4107872609073,9.66408219668541,-0.867262031047005,0.562941093855127,0,5325.67588173248,23.5366062435562,7,23,61.0732124871124,0,0.449238398103433,NA,0.449238398103433,8,540,NA
