sm_id,location,year,month,day,day current format,,,,PreSS,ms0,SS,c1,n1,a1,nightcalc,a2,n2,c2,endCivil2SRstart,ms8,EndSRdaystart,SStoSRend
13585,Behchoko,2014,6,12:00:00 AM,1900-01-daynumber 12:00:00 AM,,,,10:24:00 PM,1:00:00 AM,11:24:00 PM,2:18:30 AM,12:00:00 AM,12:00:00 AM,12:00:00 AM,12:00:00 AM,12:00:00 AM,2:18:30 AM,4:01:00 AM,12:08:00 AM,4:09:00 AM,17100
13585,Behchoko,2014,6,12:00:00 AM,,,,,10:33:00 PM,1:00:00 AM,11:33:00 PM,2:10:30 AM,12:00:00 AM,12:00:00 AM,12:00:00 AM,12:00:00 AM,12:00:00 AM,2:10:30 AM,3:54:00 AM,12:09:00 AM,4:03:00 AM,16200
13585,Behchoko,2014,6,12:00:00 AM,,,,,10:40:00 PM,1:00:00 AM,11:40:00 PM,2:04:00 AM,12:00:00 AM,12:00:00 AM,12:00:00 AM,12:00:00 AM,12:00:00 AM,2:04:00 AM,3:48:00 AM,12:10:00 AM,3:58:00 AM,15480
13585,Behchoko,2014,6,12:00:00 AM,,,,,10:46:00 PM,1:00:00 AM,11:46:00 PM,1:59:30 AM,12:00:00 AM,12:00:00 AM,12:00:00 AM,12:00:00 AM,12:00:00 AM,1:59:30 AM,3:45:00 AM,12:10:00 AM,3:54:00 AM,14940
13585,Behchoko,2014,6,12:00:00 AM,,,,,10:49:00 PM,1:00:00 AM,11:49:00 PM,1:57:00 AM,12:00:00 AM,12:00:00 AM,12:00:00 AM,12:00:00 AM,12:00:00 AM,1:57:00 AM,3:43:00 AM,12:10:00 AM,3:53:00 AM,14640
13585,Behchoko,2014,6,12:00:00 AM,,,,,10:51:00 PM,1:00:00 AM,11:51:00 PM,1:56:00 AM,12:00:00 AM,12:00:00 AM,12:00:00 AM,12:00:00 AM,12:00:00 AM,1:56:00 AM,3:43:00 AM,12:10:00 AM,3:53:00 AM,14520
13585,Behchoko,2014,6,12:00:00 AM,,,,,10:51:00 PM,1:00:00 AM,11:51:00 PM,1:57:30 AM,12:00:00 AM,12:00:00 AM,12:00:00 AM,12:00:00 AM,12:00:00 AM,1:57:30 AM,3:46:00 AM,12:10:00 AM,3:56:00 AM,14700
13585,Behchoko,2014,6,12:00:00 AM,,,,,10:49:00 PM,1:00:00 AM,11:49:00 PM,2:00:30 AM,12:00:00 AM,12:00:00 AM,12:00:00 AM,12:00:00 AM,12:00:00 AM,2:00:30 AM,3:50:00 AM,12:10:00 AM,4:00:00 AM,15060
13585,Behchoko,2014,7,12:00:00 AM,,,,,10:44:00 PM,1:00:00 AM,11:44:00 PM,2:06:00 AM,12:00:00 AM,12:00:00 AM,12:00:00 AM,12:00:00 AM,12:00:00 AM,2:06:00 AM,3:56:00 AM,12:09:00 AM,4:05:00 AM,15660
13585,Behchoko,2014,7,12:00:00 AM,,,,,10:38:00 PM,1:00:00 AM,11:38:00 PM,2:13:00 AM,12:00:00 AM,12:00:00 AM,12:00:00 AM,12:00:00 AM,12:00:00 AM,2:13:00 AM,4:04:00 AM,12:09:00 AM,4:13:00 AM,16500
13585,Behchoko,2014,7,12:00:00 AM,,,,,10:31:00 PM,1:00:00 AM,11:31:00 PM,2:21:00 AM,12:00:00 AM,12:00:00 AM,12:00:00 AM,12:00:00 AM,12:00:00 AM,2:21:00 AM,4:13:00 AM,12:08:00 AM,4:21:00 AM,17400
13585,Behchoko,2014,7,12:00:00 AM,,,,,10:22:00 PM,1:00:00 AM,11:22:00 PM,2:30:00 AM,12:00:00 AM,12:00:00 AM,12:00:00 AM,12:00:00 AM,12:00:00 AM,2:30:00 AM,4:22:00 AM,12:08:00 AM,4:30:00 AM,18480
13585,Behchoko,2014,7,12:00:00 AM,,,,,10:13:00 PM,1:00:00 AM,11:13:00 PM,1:50:00 AM,12:50:00 AM,12:00:00 AM,12:00:00 AM,12:00:00 AM,12:50:00 AM,1:50:00 AM,4:33:00 AM,12:07:00 AM,4:40:00 AM,19620
13585,Behchoko,2014,7,12:00:00 AM,,,,,10:02:00 PM,1:00:00 AM,11:02:00 PM,1:34:30 AM,1:16:30 AM,12:00:00 AM,12:00:00 AM,12:00:00 AM,1:16:30 AM,1:34:30 AM,4:44:00 AM,12:07:00 AM,4:51:00 AM,20940
13585,Behchoko,2014,7,12:00:00 AM,,,,,9:52:00 PM,1:00:00 AM,10:52:00 PM,1:23:30 AM,1:38:00 AM,12:00:00 AM,12:00:00 AM,12:00:00 AM,1:38:00 AM,1:23:30 AM,4:55:00 AM,12:06:00 AM,5:01:00 AM,22140
13585,Behchoko,2014,7,12:00:00 AM,,,,,9:40:00 PM,1:00:00 AM,10:40:00 PM,1:16:00 AM,1:57:00 AM,12:00:00 AM,12:00:00 AM,12:00:00 AM,1:57:00 AM,1:16:00 AM,5:06:00 AM,12:06:00 AM,5:12:00 AM,23520
13585,Behchoko,2014,8,12:00:00 AM,,,,,9:28:00 PM,1:00:00 AM,10:28:00 PM,1:10:30 AM,2:14:30 AM,12:00:00 AM,12:00:00 AM,12:00:00 AM,2:14:30 AM,1:10:30 AM,5:18:00 AM,12:06:00 AM,5:24:00 AM,24960
13585,Behchoko,2014,8,12:00:00 AM,,,,,9:16:00 PM,1:00:00 AM,10:16:00 PM,1:05:30 AM,2:31:00 AM,12:00:00 AM,12:00:00 AM,12:00:00 AM,2:31:00 AM,1:05:30 AM,5:29:00 AM,12:06:00 AM,5:35:00 AM,26340
13585,Behchoko,2014,8,12:00:00 AM,,,,,9:03:00 PM,1:00:00 AM,10:03:00 PM,1:01:30 AM,2:00:00 AM,12:47:00 AM,12:06:00 AM,12:47:00 AM,2:00:00 AM,1:01:30 AM,5:40:00 AM,12:06:00 AM,5:46:00 AM,28140
13585,Behchoko,2014,8,12:00:00 AM,,,,,8:51:00 PM,1:00:00 AM,9:51:00 PM,12:58:00 AM,1:37:00 AM,1:25:30 AM,12:05:00 AM,1:25:30 AM,1:37:00 AM,12:58:00 AM,5:52:00 AM,12:05:00 AM,5:57:00 AM,29460
13585,Behchoko,2014,8,12:00:00 AM,,,,,8:38:00 PM,1:00:00 AM,9:38:00 PM,12:55:00 AM,1:25:30 AM,1:52:00 AM,12:05:00 AM,1:52:00 AM,1:25:30 AM,12:55:00 AM,6:03:00 AM,12:05:00 AM,6:08:00 AM,30900
13588,Behchoko,2014,6,12:00:00 AM,,,,,10:25:00 PM,1:00:00 AM,11:25:00 PM,2:17:30 AM,12:00:00 AM,12:00:00 AM,12:00:00 AM,12:00:00 AM,12:00:00 AM,2:17:30 AM,4:00:00 AM,12:08:00 AM,4:08:00 AM,16980
13588,Behchoko,2014,6,12:00:00 AM,,,,,10:33:00 PM,1:00:00 AM,11:33:00 PM,2:10:00 AM,12:00:00 AM,12:00:00 AM,12:00:00 AM,12:00:00 AM,12:00:00 AM,2:10:00 AM,3:53:00 AM,12:09:00 AM,4:02:00 AM,16140
13588,Behchoko,2014,6,12:00:00 AM,,,,,10:40:00 PM,1:00:00 AM,11:40:00 PM,2:03:30 AM,12:00:00 AM,12:00:00 AM,12:00:00 AM,12:00:00 AM,12:00:00 AM,2:03:30 AM,3:47:00 AM,12:10:00 AM,3:57:00 AM,15420
13588,Behchoko,2014,6,12:00:00 AM,,,,,10:46:00 PM,1:00:00 AM,11:46:00 PM,1:58:30 AM,12:00:00 AM,12:00:00 AM,12:00:00 AM,12:00:00 AM,12:00:00 AM,1:58:30 AM,3:43:00 AM,12:10:00 AM,3:53:00 AM,14820
13588,Behchoko,2014,6,12:00:00 AM,,,,,10:50:00 PM,1:00:00 AM,11:50:00 PM,1:56:00 AM,12:00:00 AM,12:00:00 AM,12:00:00 AM,12:00:00 AM,12:00:00 AM,1:56:00 AM,3:42:00 AM,12:10:00 AM,3:52:00 AM,14520
13588,Behchoko,2014,6,12:00:00 AM,,,,,10:52:00 PM,1:00:00 AM,11:52:00 PM,1:55:00 AM,12:00:00 AM,12:00:00 AM,12:00:00 AM,12:00:00 AM,12:00:00 AM,1:55:00 AM,3:42:00 AM,12:10:00 AM,3:52:00 AM,14400
13588,Behchoko,2014,6,12:00:00 AM,,,,,10:52:00 PM,1:00:00 AM,11:52:00 PM,1:56:30 AM,12:00:00 AM,12:00:00 AM,12:00:00 AM,12:00:00 AM,12:00:00 AM,1:56:30 AM,3:45:00 AM,12:09:00 AM,3:54:00 AM,14520
13588,Behchoko,2014,6,12:00:00 AM,,,,,10:49:00 PM,1:00:00 AM,11:49:00 PM,2:00:00 AM,12:00:00 AM,12:00:00 AM,12:00:00 AM,12:00:00 AM,12:00:00 AM,2:00:00 AM,3:49:00 AM,12:09:00 AM,3:59:00 AM,14940
13588,Behchoko,2014,7,12:00:00 AM,,,,,10:45:00 PM,1:00:00 AM,11:45:00 PM,2:05:00 AM,12:00:00 AM,12:00:00 AM,12:00:00 AM,12:00:00 AM,12:00:00 AM,2:05:00 AM,3:55:00 AM,12:09:00 AM,4:04:00 AM,15540
13588,Behchoko,2014,7,12:00:00 AM,,,,,10:39:00 PM,1:00:00 AM,11:39:00 PM,2:12:00 AM,12:00:00 AM,12:00:00 AM,12:00:00 AM,12:00:00 AM,12:00:00 AM,2:12:00 AM,4:03:00 AM,12:09:00 AM,4:12:00 AM,16380
13588,Behchoko,2014,7,12:00:00 AM,,,,,10:21:00 PM,1:00:00 AM,11:21:00 PM,2:25:30 AM,12:00:00 AM,12:00:00 AM,12:00:00 AM,12:00:00 AM,12:00:00 AM,2:25:30 AM,4:12:00 AM,12:08:00 AM,4:20:00 AM,17940
13588,Behchoko,2014,7,12:00:00 AM,,,,,10:23:00 PM,1:00:00 AM,11:23:00 PM,2:29:00 AM,12:00:00 AM,12:00:00 AM,12:00:00 AM,12:00:00 AM,12:00:00 AM,2:29:00 AM,4:21:00 AM,12:08:00 AM,4:29:00 AM,18360
13588,Behchoko,2014,7,12:00:00 AM,,,,,10:13:00 PM,1:00:00 AM,11:13:00 PM,1:52:00 AM,12:47:30 AM,12:00:00 AM,12:00:00 AM,12:00:00 AM,12:47:30 AM,1:52:00 AM,4:32:00 AM,12:07:00 AM,4:39:00 AM,19560
13588,Behchoko,2014,7,12:00:00 AM,,,,,10:03:00 PM,1:00:00 AM,11:03:00 PM,1:34:30 AM,1:15:30 AM,12:00:00 AM,12:00:00 AM,12:00:00 AM,1:15:30 AM,1:34:30 AM,4:43:00 AM,12:07:00 AM,4:50:00 AM,20820
13588,Behchoko,2014,7,12:00:00 AM,,,,,9:52:00 PM,1:00:00 AM,10:52:00 PM,1:24:00 AM,1:37:00 AM,12:00:00 AM,12:00:00 AM,12:00:00 AM,1:37:00 AM,1:24:00 AM,4:54:00 AM,12:07:00 AM,5:01:00 AM,22140
13588,Behchoko,2014,7,12:00:00 AM,,,,,9:40:00 PM,1:00:00 AM,10:40:00 PM,1:16:00 AM,1:56:30 AM,12:00:00 AM,12:00:00 AM,12:00:00 AM,1:56:30 AM,1:16:00 AM,5:05:00 AM,12:07:00 AM,5:12:00 AM,23520
13588,Behchoko,2014,8,12:00:00 AM,,,,,9:28:00 PM,1:00:00 AM,10:28:00 PM,1:10:30 AM,2:14:00 AM,12:00:00 AM,12:00:00 AM,12:00:00 AM,2:14:00 AM,1:10:30 AM,5:17:00 AM,12:06:00 AM,5:23:00 AM,24900
13588,Behchoko,2014,8,12:00:00 AM,,,,,9:16:00 PM,1:00:00 AM,10:16:00 PM,1:05:30 AM,2:30:30 AM,12:00:00 AM,12:00:00 AM,12:00:00 AM,2:30:30 AM,1:05:30 AM,5:28:00 AM,12:06:00 AM,5:34:00 AM,26280
13588,Behchoko,2014,8,12:00:00 AM,,,,,9:03:00 PM,1:00:00 AM,10:03:00 PM,1:01:30 AM,2:02:00 AM,12:45:00 AM,12:05:00 AM,12:45:00 AM,2:02:00 AM,1:01:30 AM,5:40:00 AM,12:06:00 AM,5:45:00 AM,28080
13588,Behchoko,2014,8,12:00:00 AM,,,,,8:51:00 PM,1:00:00 AM,9:51:00 PM,12:58:00 AM,1:38:00 AM,1:24:00 AM,12:06:00 AM,1:24:00 AM,1:38:00 AM,12:58:00 AM,5:51:00 AM,12:06:00 AM,5:57:00 AM,29520
13588,Behchoko,2014,8,12:00:00 AM,,,,,8:38:00 PM,1:00:00 AM,9:38:00 PM,12:55:30 AM,1:25:00 AM,1:51:30 AM,12:06:00 AM,1:51:30 AM,1:25:00 AM,12:55:30 AM,6:02:00 AM,12:06:00 AM,6:08:00 AM,30960
7524,Black Lake,2014,6,12:00:00 AM,,,,,10:01:00 PM,1:00:00 AM,11:01:00 PM,1:14:00 AM,1:46:30 AM,12:00:00 AM,12:00:00 AM,12:00:00 AM,1:46:30 AM,1:14:00 AM,5:02:00 AM,12:06:00 AM,5:09:00 AM,22020
7524,Black Lake,2014,6,12:00:00 AM,,,,,10:07:00 PM,1:00:00 AM,11:07:00 PM,1:17:30 AM,1:38:00 AM,12:00:00 AM,12:00:00 AM,12:00:00 AM,1:38:00 AM,1:17:30 AM,4:58:00 AM,12:06:00 AM,5:04:00 AM,21420
7524,Black Lake,2014,6,12:00:00 AM,,,,,10:12:00 PM,1:00:00 AM,11:12:00 PM,1:21:30 AM,1:30:00 AM,12:00:00 AM,12:00:00 AM,12:00:00 AM,1:30:00 AM,1:21:30 AM,4:55:00 AM,12:06:00 AM,5:01:00 AM,20940
7524,Black Lake,2014,6,12:00:00 AM,,,,,10:16:00 PM,1:00:00 AM,11:16:00 PM,1:24:00 AM,1:24:30 AM,12:00:00 AM,12:00:00 AM,12:00:00 AM,1:24:30 AM,1:24:00 AM,4:53:00 AM,12:06:00 AM,4:59:00 AM,20580
7524,Black Lake,2014,6,12:00:00 AM,,,,,10:19:00 PM,1:00:00 AM,11:19:00 PM,1:25:30 AM,1:21:00 AM,12:00:00 AM,12:00:00 AM,12:00:00 AM,1:21:00 AM,1:25:30 AM,4:52:00 AM,12:06:00 AM,4:58:00 AM,20340
7524,Black Lake,2014,6,12:00:00 AM,,,,,10:20:00 PM,1:00:00 AM,11:20:00 PM,1:26:00 AM,1:20:00 AM,12:00:00 AM,12:00:00 AM,12:00:00 AM,1:20:00 AM,1:26:00 AM,4:52:00 AM,12:07:00 AM,4:59:00 AM,20340
7524,Black Lake,2014,6,12:00:00 AM,,,,,10:19:00 PM,1:00:00 AM,11:19:00 PM,1:24:30 AM,1:23:00 AM,12:00:00 AM,12:00:00 AM,12:00:00 AM,1:23:00 AM,1:24:30 AM,4:54:00 AM,12:07:00 AM,5:01:00 AM,20520
7524,Black Lake,2014,6,12:00:00 AM,,,,,10:17:00 PM,1:00:00 AM,11:17:00 PM,1:21:00 AM,1:29:00 AM,12:00:00 AM,12:00:00 AM,12:00:00 AM,1:29:00 AM,1:21:00 AM,4:57:00 AM,12:07:00 AM,5:04:00 AM,20820
7524,Black Lake,2014,7,12:00:00 AM,,,,,10:13:00 PM,1:00:00 AM,11:13:00 PM,1:18:00 AM,1:36:00 AM,12:00:00 AM,12:00:00 AM,12:00:00 AM,1:36:00 AM,1:18:00 AM,5:01:00 AM,12:07:00 AM,5:08:00 AM,21300
7524,Black Lake,2014,7,12:00:00 AM,,,,,10:13:00 PM,1:00:00 AM,11:13:00 PM,1:17:00 AM,1:40:00 AM,12:00:00 AM,12:00:00 AM,12:00:00 AM,1:40:00 AM,1:17:00 AM,5:07:00 AM,12:06:00 AM,5:13:00 AM,21600
7524,Black Lake,2014,7,12:00:00 AM,,,,,10:03:00 PM,1:00:00 AM,11:03:00 PM,1:11:00 AM,1:54:00 AM,12:00:00 AM,12:00:00 AM,12:00:00 AM,1:54:00 AM,1:11:00 AM,5:13:00 AM,12:06:00 AM,5:19:00 AM,22560
7524,Black Lake,2014,7,12:00:00 AM,,,,,9:56:00 PM,1:00:00 AM,10:56:00 PM,1:07:30 AM,2:04:30 AM,12:00:00 AM,12:00:00 AM,12:00:00 AM,2:04:30 AM,1:07:30 AM,5:20:00 AM,12:06:00 AM,5:26:00 AM,23400
7524,Black Lake,2014,7,12:00:00 AM,,,,,9:56:00 PM,1:00:00 AM,10:56:00 PM,1:05:30 AM,2:10:00 AM,12:00:00 AM,12:00:00 AM,12:00:00 AM,2:10:00 AM,1:05:30 AM,5:27:00 AM,12:06:00 AM,5:33:00 AM,23820
7524,Black Lake,2014,7,12:00:00 AM,,,,,9:48:00 PM,1:00:00 AM,10:48:00 PM,1:02:30 AM,2:21:00 AM,12:00:00 AM,12:00:00 AM,12:00:00 AM,2:21:00 AM,1:02:30 AM,5:35:00 AM,12:06:00 AM,5:41:00 AM,24780
7524,Black Lake,2014,7,12:00:00 AM,,,,,9:40:00 PM,1:00:00 AM,10:40:00 PM,12:59:30 AM,2:32:30 AM,12:00:00 AM,12:00:00 AM,12:00:00 AM,2:32:30 AM,12:59:30 AM,5:44:00 AM,12:05:00 AM,5:49:00 AM,25740
7524,Black Lake,2014,7,12:00:00 AM,,,,,9:31:00 PM,1:00:00 AM,10:31:00 PM,12:57:00 AM,1:43:30 AM,1:00:30 AM,12:05:00 AM,1:00:30 AM,1:43:30 AM,12:57:00 AM,5:53:00 AM,12:05:00 AM,5:58:00 AM,27120
7524,Black Lake,2014,8,12:00:00 AM,,,,,9:22:00 PM,1:00:00 AM,10:22:00 PM,12:53:30 AM,1:29:30 AM,1:26:30 AM,12:06:00 AM,1:26:30 AM,1:29:30 AM,12:53:30 AM,6:01:00 AM,12:05:00 AM,6:07:00 AM,28200
7524,Black Lake,2014,8,12:00:00 AM,,,,,9:12:00 PM,1:00:00 AM,10:12:00 PM,12:52:00 AM,1:20:00 AM,1:47:30 AM,12:04:00 AM,1:47:30 AM,1:20:00 AM,12:52:00 AM,6:11:00 AM,12:04:00 AM,6:15:00 AM,29220
7524,Black Lake,2014,8,12:00:00 AM,,,,,9:02:00 PM,1:00:00 AM,10:02:00 PM,12:50:00 AM,1:13:00 AM,2:06:00 AM,12:04:00 AM,2:06:00 AM,1:13:00 AM,12:50:00 AM,6:20:00 AM,12:04:00 AM,6:24:00 AM,30360
7524,Black Lake,2014,8,12:00:00 AM,,,,,8:51:00 PM,1:00:00 AM,9:51:00 PM,12:48:30 AM,1:08:00 AM,2:22:30 AM,12:04:00 AM,2:22:30 AM,1:08:00 AM,12:48:30 AM,6:29:00 AM,12:04:00 AM,6:33:00 AM,31560
7524,Black Lake,2014,8,12:00:00 AM,,,,,8:40:00 PM,1:00:00 AM,9:40:00 PM,12:47:00 AM,1:03:30 AM,1:43:30 AM,1:54:00 AM,1:43:30 AM,1:03:30 AM,12:47:00 AM,6:38:00 AM,12:04:00 AM,6:42:00 AM,32760
7758,Carp,2014,6,12:00:00 AM,,,,,7:45:00 PM,1:00:00 AM,8:45:00 PM,12:37:00 AM,12:48:30 AM,1:02:00 AM,3:43:00 AM,1:02:00 AM,12:48:30 AM,12:37:00 AM,5:20:00 AM,12:03:30 AM,5:23:00 AM,31290
7758,Carp,2014,6,12:00:00 AM,,,,,7:49:00 PM,1:00:00 AM,8:49:00 PM,12:37:00 AM,12:49:30 AM,1:04:00 AM,3:32:00 AM,1:04:00 AM,12:49:30 AM,12:37:00 AM,5:18:00 AM,12:03:30 AM,5:22:00 AM,30990
7758,Carp,2014,6,12:00:00 AM,,,,,7:51:00 PM,1:00:00 AM,8:51:00 PM,12:38:00 AM,12:50:00 AM,1:05:30 AM,3:22:00 AM,1:05:30 AM,12:50:00 AM,12:38:00 AM,5:17:00 AM,12:03:30 AM,5:20:00 AM,30750
7758,Carp,2014,6,12:00:00 AM,,,,,7:54:00 PM,1:00:00 AM,8:54:00 PM,12:38:00 AM,12:50:30 AM,1:07:00 AM,3:15:00 AM,1:07:00 AM,12:50:30 AM,12:38:00 AM,5:16:00 AM,12:03:30 AM,5:20:00 AM,30570
7758,Carp,2014,6,12:00:00 AM,,,,,7:55:00 PM,1:00:00 AM,8:55:00 PM,12:38:00 AM,12:50:30 AM,1:08:00 AM,3:12:00 AM,1:08:00 AM,12:50:30 AM,12:38:00 AM,5:16:00 AM,12:03:30 AM,5:20:00 AM,30510
7758,Carp,2014,6,12:00:00 AM,,,,,7:57:00 PM,1:00:00 AM,8:57:00 PM,12:38:00 AM,12:51:00 AM,1:08:00 AM,3:10:00 AM,1:08:00 AM,12:51:00 AM,12:38:00 AM,5:17:00 AM,12:03:30 AM,5:21:00 AM,30450
7758,Carp,2014,6,12:00:00 AM,,,,,7:57:00 PM,1:00:00 AM,8:57:00 PM,12:38:00 AM,12:50:00 AM,1:08:00 AM,3:13:00 AM,1:08:00 AM,12:50:00 AM,12:38:00 AM,5:18:00 AM,12:03:30 AM,5:22:00 AM,30510
7758,Carp,2014,6,12:00:00 AM,,,,,7:57:00 PM,1:00:00 AM,8:57:00 PM,12:38:00 AM,12:50:00 AM,1:07:00 AM,3:17:00 AM,1:07:00 AM,12:50:00 AM,12:38:00 AM,5:20:00 AM,12:03:30 AM,5:24:00 AM,30630
7758,Carp,2014,7,12:00:00 AM,,,,,7:56:00 PM,1:00:00 AM,8:56:00 PM,12:37:30 AM,12:49:30 AM,1:05:30 AM,3:25:00 AM,1:05:30 AM,12:49:30 AM,12:37:30 AM,5:22:00 AM,12:03:30 AM,5:26:00 AM,30810
7758,Carp,2014,7,12:00:00 AM,,,,,7:55:00 PM,1:00:00 AM,8:55:00 PM,12:37:00 AM,12:49:00 AM,1:03:30 AM,3:35:00 AM,1:03:30 AM,12:49:00 AM,12:37:00 AM,5:25:00 AM,12:03:30 AM,5:29:00 AM,31050
7758,Carp,2014,7,12:00:00 AM,,,,,7:53:00 PM,1:00:00 AM,8:53:00 PM,12:36:30 AM,12:48:00 AM,1:01:00 AM,3:48:00 AM,1:01:00 AM,12:48:00 AM,12:36:30 AM,5:28:00 AM,12:03:30 AM,5:32:00 AM,31350
7758,Carp,2014,7,12:00:00 AM,,,,,7:50:00 PM,1:00:00 AM,8:50:00 PM,12:36:00 AM,12:47:30 AM,12:59:00 AM,4:00:00 AM,12:59:00 AM,12:47:30 AM,12:36:00 AM,5:32:00 AM,12:03:30 AM,5:35:00 AM,31710
7758,Carp,2014,7,12:00:00 AM,,,,,7:47:00 PM,1:00:00 AM,8:47:00 PM,12:36:00 AM,12:46:00 AM,12:56:30 AM,4:15:00 AM,12:56:30 AM,12:46:00 AM,12:36:00 AM,5:36:00 AM,12:03:30 AM,5:39:00 AM,32130
7758,Carp,2014,7,12:00:00 AM,,,,,7:43:00 PM,1:00:00 AM,8:43:00 PM,12:35:30 AM,12:45:00 AM,12:54:30 AM,4:31:00 AM,12:54:30 AM,12:45:00 AM,12:35:30 AM,5:40:00 AM,12:03:30 AM,5:44:00 AM,32670
7758,Carp,2014,7,12:00:00 AM,,,,,7:39:00 PM,1:00:00 AM,8:39:00 PM,12:34:30 AM,12:44:00 AM,12:52:30 AM,4:47:00 AM,12:52:30 AM,12:44:00 AM,12:34:30 AM,5:44:00 AM,12:03:30 AM,5:48:00 AM,33150
7758,Carp,2014,7,12:00:00 AM,,,,,7:34:00 PM,1:00:00 AM,8:34:00 PM,12:34:30 AM,12:43:00 AM,12:50:00 AM,5:03:00 AM,12:50:00 AM,12:43:00 AM,12:34:30 AM,5:49:00 AM,12:03:30 AM,5:52:00 AM,33690
7758,Carp,2014,8,12:00:00 AM,,,,,7:33:00 PM,1:00:00 AM,8:33:00 PM,12:34:00 AM,12:42:30 AM,12:50:00 AM,5:08:00 AM,12:50:00 AM,12:42:30 AM,12:34:00 AM,5:50:00 AM,12:03:30 AM,5:54:00 AM,33870
7758,Carp,2014,8,12:00:00 AM,,,,,7:29:00 PM,1:00:00 AM,8:29:00 PM,12:34:00 AM,12:42:00 AM,12:48:30 AM,5:19:00 AM,12:48:30 AM,12:42:00 AM,12:34:00 AM,5:54:00 AM,12:03:30 AM,5:57:00 AM,34290
7758,Carp,2014,8,12:00:00 AM,,,,,7:28:00 PM,1:00:00 AM,8:28:00 PM,12:33:00 AM,12:42:00 AM,12:48:00 AM,5:24:00 AM,12:48:00 AM,12:42:00 AM,12:33:00 AM,5:55:00 AM,12:03:30 AM,5:58:00 AM,34410
7758,Carp,2014,8,12:00:00 AM,,,,,7:24:00 PM,1:00:00 AM,8:24:00 PM,12:33:00 AM,12:41:00 AM,12:47:00 AM,5:36:00 AM,12:47:00 AM,12:41:00 AM,12:33:00 AM,5:59:00 AM,12:03:30 AM,6:02:00 AM,34890
7758,Carp,2014,8,12:00:00 AM,,,,,7:18:00 PM,1:00:00 AM,8:18:00 PM,12:32:00 AM,12:40:30 AM,12:45:00 AM,5:54:00 AM,12:45:00 AM,12:40:30 AM,12:32:00 AM,6:03:00 AM,12:03:30 AM,6:07:00 AM,35550
7758,Carp,2014,8,12:00:00 AM,,,,,7:11:00 PM,1:00:00 AM,8:11:00 PM,12:32:00 AM,12:39:30 AM,12:43:30 AM,6:11:00 AM,12:43:30 AM,12:39:30 AM,12:32:00 AM,6:08:00 AM,12:03:30 AM,6:12:00 AM,36270
7758,Carp,2014,8,12:00:00 AM,,,,,7:05:00 PM,1:00:00 AM,8:05:00 PM,12:31:00 AM,12:39:00 AM,12:42:00 AM,6:27:00 AM,12:42:00 AM,12:39:00 AM,12:31:00 AM,6:13:00 AM,12:03:30 AM,6:16:00 AM,36870
8246,Carp,2014,6,12:00:00 AM,,,,,7:45:00 PM,1:00:00 AM,8:45:00 PM,12:37:00 AM,12:48:30 AM,1:02:00 AM,3:43:00 AM,1:02:00 AM,12:48:30 AM,12:37:00 AM,5:20:00 AM,12:03:30 AM,5:23:00 AM,31290
8246,Carp,2014,6,12:00:00 AM,,,,,7:49:00 PM,1:00:00 AM,8:49:00 PM,12:37:00 AM,12:49:30 AM,1:04:00 AM,3:32:00 AM,1:04:00 AM,12:49:30 AM,12:37:00 AM,5:18:00 AM,12:03:30 AM,5:22:00 AM,30990
8246,Carp,2014,6,12:00:00 AM,,,,,7:51:00 PM,1:00:00 AM,8:51:00 PM,12:38:00 AM,12:50:00 AM,1:05:30 AM,3:22:00 AM,1:05:30 AM,12:50:00 AM,12:38:00 AM,5:17:00 AM,12:03:30 AM,5:20:00 AM,30750
8246,Carp,2014,6,12:00:00 AM,,,,,7:54:00 PM,1:00:00 AM,8:54:00 PM,12:38:00 AM,12:50:30 AM,1:07:00 AM,3:15:00 AM,1:07:00 AM,12:50:30 AM,12:38:00 AM,5:16:00 AM,12:03:30 AM,5:20:00 AM,30570
8246,Carp,2014,6,12:00:00 AM,,,,,7:55:00 PM,1:00:00 AM,8:55:00 PM,12:38:00 AM,12:50:30 AM,1:08:00 AM,3:12:00 AM,1:08:00 AM,12:50:30 AM,12:38:00 AM,5:16:00 AM,12:03:30 AM,5:20:00 AM,30510
8246,Carp,2014,6,12:00:00 AM,,,,,7:57:00 PM,1:00:00 AM,8:57:00 PM,12:38:00 AM,12:51:00 AM,1:08:00 AM,3:10:00 AM,1:08:00 AM,12:51:00 AM,12:38:00 AM,5:17:00 AM,12:03:30 AM,5:21:00 AM,30450
8246,Carp,2014,6,12:00:00 AM,,,,,7:57:00 PM,1:00:00 AM,8:57:00 PM,12:38:00 AM,12:50:00 AM,1:08:00 AM,3:13:00 AM,1:08:00 AM,12:50:00 AM,12:38:00 AM,5:18:00 AM,12:03:30 AM,5:22:00 AM,30510
8246,Carp,2014,6,12:00:00 AM,,,,,7:57:00 PM,1:00:00 AM,8:57:00 PM,12:38:00 AM,12:50:00 AM,1:07:00 AM,3:17:00 AM,1:07:00 AM,12:50:00 AM,12:38:00 AM,5:20:00 AM,12:03:30 AM,5:24:00 AM,30630
8246,Carp,2014,7,12:00:00 AM,,,,,7:56:00 PM,1:00:00 AM,8:56:00 PM,12:37:30 AM,12:49:30 AM,1:05:30 AM,3:25:00 AM,1:05:30 AM,12:49:30 AM,12:37:30 AM,5:22:00 AM,12:03:30 AM,5:26:00 AM,30810
8246,Carp,2014,7,12:00:00 AM,,,,,7:55:00 PM,1:00:00 AM,8:55:00 PM,12:37:00 AM,12:49:00 AM,1:03:30 AM,3:35:00 AM,1:03:30 AM,12:49:00 AM,12:37:00 AM,5:25:00 AM,12:03:30 AM,5:29:00 AM,31050
8246,Carp,2014,7,12:00:00 AM,,,,,7:53:00 PM,1:00:00 AM,8:53:00 PM,12:36:30 AM,12:48:00 AM,1:01:00 AM,3:48:00 AM,1:01:00 AM,12:48:00 AM,12:36:30 AM,5:28:00 AM,12:03:30 AM,5:32:00 AM,31350
8246,Carp,2014,7,12:00:00 AM,,,,,7:50:00 PM,1:00:00 AM,8:50:00 PM,12:36:00 AM,12:47:30 AM,12:59:00 AM,4:00:00 AM,12:59:00 AM,12:47:30 AM,12:36:00 AM,5:32:00 AM,12:03:30 AM,5:35:00 AM,31710
8246,Carp,2014,7,12:00:00 AM,,,,,7:47:00 PM,1:00:00 AM,8:47:00 PM,12:36:00 AM,12:46:00 AM,12:56:30 AM,4:15:00 AM,12:56:30 AM,12:46:00 AM,12:36:00 AM,5:36:00 AM,12:03:30 AM,5:39:00 AM,32130
8246,Carp,2014,7,12:00:00 AM,,,,,7:43:00 PM,1:00:00 AM,8:43:00 PM,12:35:30 AM,12:45:00 AM,12:54:30 AM,4:31:00 AM,12:54:30 AM,12:45:00 AM,12:35:30 AM,5:40:00 AM,12:03:30 AM,5:44:00 AM,32670
8246,Carp,2014,7,12:00:00 AM,,,,,7:39:00 PM,1:00:00 AM,8:39:00 PM,12:34:30 AM,12:44:00 AM,12:52:30 AM,4:47:00 AM,12:52:30 AM,12:44:00 AM,12:34:30 AM,5:44:00 AM,12:03:30 AM,5:48:00 AM,33150
8246,Carp,2014,7,12:00:00 AM,,,,,7:34:00 PM,1:00:00 AM,8:34:00 PM,12:34:30 AM,12:43:00 AM,12:50:00 AM,5:03:00 AM,12:50:00 AM,12:43:00 AM,12:34:30 AM,5:49:00 AM,12:03:30 AM,5:52:00 AM,33690
8246,Carp,2014,8,12:00:00 AM,,,,,7:29:00 PM,1:00:00 AM,8:29:00 PM,12:34:00 AM,12:42:00 AM,12:48:30 AM,5:19:00 AM,12:48:30 AM,12:42:00 AM,12:34:00 AM,5:54:00 AM,12:03:30 AM,5:57:00 AM,34290
8246,Carp,2014,8,12:00:00 AM,,,,,7:28:00 PM,1:00:00 AM,8:28:00 PM,12:33:00 AM,12:42:00 AM,12:48:00 AM,5:24:00 AM,12:48:00 AM,12:42:00 AM,12:33:00 AM,5:55:00 AM,12:03:30 AM,5:58:00 AM,34410
8246,Carp,2014,8,12:00:00 AM,,,,,7:24:00 PM,1:00:00 AM,8:24:00 PM,12:33:00 AM,12:41:00 AM,12:47:00 AM,5:36:00 AM,12:47:00 AM,12:41:00 AM,12:33:00 AM,5:59:00 AM,12:03:30 AM,6:02:00 AM,34890
8246,Carp,2014,8,12:00:00 AM,,,,,7:18:00 PM,1:00:00 AM,8:18:00 PM,12:32:00 AM,12:40:30 AM,12:45:00 AM,5:54:00 AM,12:45:00 AM,12:40:30 AM,12:32:00 AM,6:03:00 AM,12:03:30 AM,6:07:00 AM,35550
8246,Carp,2014,8,12:00:00 AM,,,,,7:11:00 PM,1:00:00 AM,8:11:00 PM,12:32:00 AM,12:39:30 AM,12:43:30 AM,6:11:00 AM,12:43:30 AM,12:39:30 AM,12:32:00 AM,6:08:00 AM,12:03:30 AM,6:12:00 AM,36270
8246,Carp,2014,8,12:00:00 AM,,,,,7:05:00 PM,1:00:00 AM,8:05:00 PM,12:31:00 AM,12:39:00 AM,12:42:00 AM,6:27:00 AM,12:42:00 AM,12:39:00 AM,12:31:00 AM,6:13:00 AM,12:03:30 AM,6:16:00 AM,36870
7689,Gordon Creek,2014,6,12:00:00 AM,,,,,8:55:00 PM,1:00:00 AM,9:55:00 PM,12:44:00 AM,1:03:30 AM,2:07:30 AM,12:04:00 AM,2:07:30 AM,1:03:30 AM,12:44:00 AM,5:45:00 AM,12:04:00 AM,5:49:00 AM,28680
7689,Gordon Creek,2014,6,12:00:00 AM,,,,,8:59:00 PM,1:00:00 AM,9:59:00 PM,12:45:00 AM,1:04:30 AM,2:02:00 AM,12:04:00 AM,2:02:00 AM,1:04:30 AM,12:45:00 AM,5:42:00 AM,12:04:00 AM,5:46:00 AM,28260
7689,Gordon Creek,2014,6,12:00:00 AM,,,,,9:02:00 PM,1:00:00 AM,10:02:00 PM,12:45:00 AM,1:07:00 AM,1:57:00 AM,12:05:00 AM,1:57:00 AM,1:07:00 AM,12:45:00 AM,5:40:00 AM,12:05:00 AM,5:45:00 AM,28080
7689,Gordon Creek,2014,6,12:00:00 AM,,,,,9:05:00 PM,1:00:00 AM,10:05:00 PM,12:45:30 AM,1:07:30 AM,1:54:00 AM,12:05:00 AM,1:54:00 AM,1:07:30 AM,12:45:30 AM,5:39:00 AM,12:05:00 AM,5:44:00 AM,27840
7689,Gordon Creek,2014,6,12:00:00 AM,,,,,9:07:00 PM,1:00:00 AM,10:07:00 PM,12:46:00 AM,1:08:00 AM,1:52:00 AM,12:05:00 AM,1:52:00 AM,1:08:00 AM,12:46:00 AM,5:39:00 AM,12:05:00 AM,5:44:00 AM,27720
7689,Gordon Creek,2014,6,12:00:00 AM,,,,,9:08:00 PM,1:00:00 AM,10:08:00 PM,12:46:00 AM,1:09:00 AM,1:51:00 AM,12:04:00 AM,1:51:00 AM,1:09:00 AM,12:46:00 AM,5:40:00 AM,12:05:00 AM,5:44:00 AM,27660
7689,Gordon Creek,2014,6,12:00:00 AM,,,,,9:09:00 PM,1:00:00 AM,10:09:00 PM,12:46:00 AM,1:09:00 AM,1:52:00 AM,12:03:00 AM,1:52:00 AM,1:09:00 AM,12:46:00 AM,5:41:00 AM,12:05:00 AM,5:46:00 AM,27720
7689,Gordon Creek,2014,6,12:00:00 AM,,,,,9:08:00 PM,1:00:00 AM,10:08:00 PM,12:45:30 AM,1:07:00 AM,1:55:00 AM,12:05:00 AM,1:55:00 AM,1:07:00 AM,12:45:30 AM,5:43:00 AM,12:05:00 AM,5:48:00 AM,27900
7689,Gordon Creek,2014,7,12:00:00 AM,,,,,9:07:00 PM,1:00:00 AM,10:07:00 PM,12:45:00 AM,1:06:30 AM,1:58:00 AM,12:04:00 AM,1:58:00 AM,1:06:30 AM,12:45:00 AM,5:46:00 AM,12:04:00 AM,5:50:00 AM,28020
7689,Gordon Creek,2014,7,12:00:00 AM,,,,,9:05:00 PM,1:00:00 AM,10:05:00 PM,12:45:00 AM,1:04:00 AM,2:03:30 AM,12:04:00 AM,2:03:30 AM,1:04:00 AM,12:45:00 AM,5:50:00 AM,12:04:00 AM,5:54:00 AM,28380
7689,Gordon Creek,2014,7,12:00:00 AM,,,,,9:02:00 PM,1:00:00 AM,10:02:00 PM,12:44:00 AM,1:02:30 AM,2:09:30 AM,12:04:00 AM,2:09:30 AM,1:02:30 AM,12:44:00 AM,5:54:00 AM,12:04:00 AM,5:58:00 AM,28800
7689,Gordon Creek,2014,7,12:00:00 AM,,,,,8:59:00 PM,1:00:00 AM,9:59:00 PM,12:43:00 AM,1:00:30 AM,2:16:00 AM,12:04:00 AM,2:16:00 AM,1:00:30 AM,12:43:00 AM,5:58:00 AM,12:04:00 AM,6:02:00 AM,29220
7689,Gordon Creek,2014,7,12:00:00 AM,,,,,8:55:00 PM,1:00:00 AM,9:55:00 PM,12:42:00 AM,12:58:30 AM,1:39:00 AM,1:33:00 AM,1:39:00 AM,12:58:30 AM,12:42:00 AM,6:03:00 AM,12:04:00 AM,6:07:00 AM,29760
7689,Gordon Creek,2014,7,12:00:00 AM,,,,,8:50:00 PM,1:00:00 AM,9:50:00 PM,12:41:30 AM,12:56:00 AM,1:26:00 AM,2:15:00 AM,1:26:00 AM,12:56:00 AM,12:41:30 AM,6:08:00 AM,12:04:00 AM,6:12:00 AM,30360
7689,Gordon Creek,2014,7,12:00:00 AM,,,,,8:45:00 PM,1:00:00 AM,9:45:00 PM,12:40:30 AM,12:54:30 AM,1:17:00 AM,2:49:00 AM,1:17:00 AM,12:54:30 AM,12:40:30 AM,6:14:00 AM,12:04:00 AM,6:18:00 AM,31020
7689,Gordon Creek,2014,7,12:00:00 AM,,,,,8:39:00 PM,1:00:00 AM,9:39:00 PM,12:39:30 AM,12:52:00 AM,1:10:30 AM,3:20:00 AM,1:10:30 AM,12:52:00 AM,12:39:30 AM,6:19:00 AM,12:04:00 AM,6:23:00 AM,31680
7689,Gordon Creek,2014,8,12:00:00 AM,,,,,8:33:00 PM,1:00:00 AM,9:33:00 PM,12:38:00 AM,12:51:00 AM,1:05:00 AM,3:48:00 AM,1:05:00 AM,12:51:00 AM,12:38:00 AM,6:25:00 AM,12:04:00 AM,6:29:00 AM,32400
7689,Gordon Creek,2014,8,12:00:00 AM,,,,,8:26:00 PM,1:00:00 AM,9:26:00 PM,12:37:30 AM,12:49:00 AM,1:00:30 AM,4:15:00 AM,1:00:30 AM,12:49:00 AM,12:37:30 AM,6:31:00 AM,12:04:00 AM,6:35:00 AM,33180
7689,Gordon Creek,2014,8,12:00:00 AM,,,,,8:19:00 PM,1:00:00 AM,9:19:00 PM,12:37:00 AM,12:47:00 AM,12:57:00 AM,4:40:00 AM,12:57:00 AM,12:47:00 AM,12:37:00 AM,6:37:00 AM,12:04:00 AM,6:41:00 AM,33960
7689,Gordon Creek,2014,8,12:00:00 AM,,,,,8:11:00 PM,1:00:00 AM,9:11:00 PM,12:37:00 AM,12:46:00 AM,12:53:30 AM,5:03:00 AM,12:53:30 AM,12:46:00 AM,12:37:00 AM,6:44:00 AM,12:03:00 AM,6:47:00 AM,34740
7689,Gordon Creek,2014,8,12:00:00 AM,,,,,8:03:00 PM,1:00:00 AM,9:03:00 PM,12:36:00 AM,12:44:30 AM,12:52:00 AM,5:25:00 AM,12:52:00 AM,12:44:30 AM,12:36:00 AM,6:50:00 AM,12:03:00 AM,6:53:00 AM,35580
7734,Gordon Creek,2014,6,12:00:00 AM,,,,,8:55:00 PM,1:00:00 AM,9:55:00 PM,12:44:00 AM,1:03:30 AM,2:07:30 AM,12:04:00 AM,2:07:30 AM,1:03:30 AM,12:44:00 AM,5:45:00 AM,12:04:00 AM,5:49:00 AM,28680
7734,Gordon Creek,2014,6,12:00:00 AM,,,,,8:59:00 PM,1:00:00 AM,9:59:00 PM,12:45:00 AM,1:04:30 AM,2:02:00 AM,12:04:00 AM,2:02:00 AM,1:04:30 AM,12:45:00 AM,5:42:00 AM,12:04:00 AM,5:46:00 AM,28260
7734,Gordon Creek,2014,6,12:00:00 AM,,,,,9:02:00 PM,1:00:00 AM,10:02:00 PM,12:45:00 AM,1:07:00 AM,1:57:00 AM,12:05:00 AM,1:57:00 AM,1:07:00 AM,12:45:00 AM,5:40:00 AM,12:05:00 AM,5:45:00 AM,28080
7734,Gordon Creek,2014,6,12:00:00 AM,,,,,9:05:00 PM,1:00:00 AM,10:05:00 PM,12:45:30 AM,1:07:30 AM,1:54:00 AM,12:05:00 AM,1:54:00 AM,1:07:30 AM,12:45:30 AM,5:39:00 AM,12:05:00 AM,5:44:00 AM,27840
7734,Gordon Creek,2014,6,12:00:00 AM,,,,,9:07:00 PM,1:00:00 AM,10:07:00 PM,12:46:00 AM,1:08:00 AM,1:52:00 AM,12:05:00 AM,1:52:00 AM,1:08:00 AM,12:46:00 AM,5:39:00 AM,12:05:00 AM,5:44:00 AM,27720
7734,Gordon Creek,2014,6,12:00:00 AM,,,,,9:08:00 PM,1:00:00 AM,10:08:00 PM,12:46:00 AM,1:09:00 AM,1:51:00 AM,12:04:00 AM,1:51:00 AM,1:09:00 AM,12:46:00 AM,5:40:00 AM,12:05:00 AM,5:44:00 AM,27660
7734,Gordon Creek,2014,6,12:00:00 AM,,,,,9:09:00 PM,1:00:00 AM,10:09:00 PM,12:46:00 AM,1:09:00 AM,1:52:00 AM,12:03:00 AM,1:52:00 AM,1:09:00 AM,12:46:00 AM,5:41:00 AM,12:05:00 AM,5:46:00 AM,27720
7734,Gordon Creek,2014,6,12:00:00 AM,,,,,9:08:00 PM,1:00:00 AM,10:08:00 PM,12:45:30 AM,1:07:00 AM,1:55:00 AM,12:05:00 AM,1:55:00 AM,1:07:00 AM,12:45:30 AM,5:43:00 AM,12:05:00 AM,5:48:00 AM,27900
7734,Gordon Creek,2014,7,12:00:00 AM,,,,,9:07:00 PM,1:00:00 AM,10:07:00 PM,12:45:00 AM,1:06:30 AM,1:58:00 AM,12:04:00 AM,1:58:00 AM,1:06:30 AM,12:45:00 AM,5:46:00 AM,12:04:00 AM,5:50:00 AM,28020
7734,Gordon Creek,2014,7,12:00:00 AM,,,,,9:05:00 PM,1:00:00 AM,10:05:00 PM,12:45:00 AM,1:04:00 AM,2:03:30 AM,12:04:00 AM,2:03:30 AM,1:04:00 AM,12:45:00 AM,5:50:00 AM,12:04:00 AM,5:54:00 AM,28380
7734,Gordon Creek,2014,7,12:00:00 AM,,,,,9:02:00 PM,1:00:00 AM,10:02:00 PM,12:44:00 AM,1:02:30 AM,2:09:30 AM,12:04:00 AM,2:09:30 AM,1:02:30 AM,12:44:00 AM,5:54:00 AM,12:04:00 AM,5:58:00 AM,28800
7734,Gordon Creek,2014,7,12:00:00 AM,,,,,8:59:00 PM,1:00:00 AM,9:59:00 PM,12:43:00 AM,1:00:30 AM,2:16:00 AM,12:04:00 AM,2:16:00 AM,1:00:30 AM,12:43:00 AM,5:58:00 AM,12:04:00 AM,6:02:00 AM,29220
7734,Gordon Creek,2014,7,12:00:00 AM,,,,,8:55:00 PM,1:00:00 AM,9:55:00 PM,12:42:00 AM,12:58:30 AM,1:39:00 AM,1:33:00 AM,1:39:00 AM,12:58:30 AM,12:42:00 AM,6:03:00 AM,12:04:00 AM,6:07:00 AM,29760
7734,Gordon Creek,2014,7,12:00:00 AM,,,,,8:50:00 PM,1:00:00 AM,9:50:00 PM,12:41:30 AM,12:56:00 AM,1:26:00 AM,2:15:00 AM,1:26:00 AM,12:56:00 AM,12:41:30 AM,6:08:00 AM,12:04:00 AM,6:12:00 AM,30360
7734,Gordon Creek,2014,7,12:00:00 AM,,,,,8:45:00 PM,1:00:00 AM,9:45:00 PM,12:40:30 AM,12:54:30 AM,1:17:00 AM,2:49:00 AM,1:17:00 AM,12:54:30 AM,12:40:30 AM,6:14:00 AM,12:04:00 AM,6:18:00 AM,31020
7734,Gordon Creek,2014,7,12:00:00 AM,,,,,8:39:00 PM,1:00:00 AM,9:39:00 PM,12:39:30 AM,12:52:00 AM,1:10:30 AM,3:20:00 AM,1:10:30 AM,12:52:00 AM,12:39:30 AM,6:19:00 AM,12:04:00 AM,6:23:00 AM,31680
7734,Gordon Creek,2014,8,12:00:00 AM,,,,,8:33:00 PM,1:00:00 AM,9:33:00 PM,12:38:00 AM,12:51:00 AM,1:05:00 AM,3:48:00 AM,1:05:00 AM,12:51:00 AM,12:38:00 AM,6:25:00 AM,12:04:00 AM,6:29:00 AM,32400
7734,Gordon Creek,2014,8,12:00:00 AM,,,,,8:26:00 PM,1:00:00 AM,9:26:00 PM,12:37:30 AM,12:49:00 AM,1:00:30 AM,4:15:00 AM,1:00:30 AM,12:49:00 AM,12:37:30 AM,6:31:00 AM,12:04:00 AM,6:35:00 AM,33180
7734,Gordon Creek,2014,8,12:00:00 AM,,,,,8:19:00 PM,1:00:00 AM,9:19:00 PM,12:37:00 AM,12:47:00 AM,12:57:00 AM,4:40:00 AM,12:57:00 AM,12:47:00 AM,12:37:00 AM,6:37:00 AM,12:04:00 AM,6:41:00 AM,33960
7734,Gordon Creek,2014,8,12:00:00 AM,,,,,8:11:00 PM,1:00:00 AM,9:11:00 PM,12:37:00 AM,12:46:00 AM,12:53:30 AM,5:03:00 AM,12:53:30 AM,12:46:00 AM,12:37:00 AM,6:44:00 AM,12:03:00 AM,6:47:00 AM,34740
7734,Gordon Creek,2014,8,12:00:00 AM,,,,,8:03:00 PM,1:00:00 AM,9:03:00 PM,12:36:00 AM,12:44:30 AM,12:52:00 AM,5:25:00 AM,12:52:00 AM,12:44:30 AM,12:36:00 AM,6:50:00 AM,12:03:00 AM,6:53:00 AM,35580
7734,Gordon Creek,2014,8,12:00:00 AM,,,,,7:55:00 PM,1:00:00 AM,8:55:00 PM,12:35:00 AM,12:44:00 AM,12:48:30 AM,5:49:00 AM,12:48:30 AM,12:44:00 AM,12:35:00 AM,6:56:00 AM,12:03:00 AM,6:59:00 AM,36420
7734,Gordon Creek,2014,8,12:00:00 AM,,,,,7:47:00 PM,1:00:00 AM,8:47:00 PM,12:34:30 AM,12:42:30 AM,12:47:30 AM,6:09:00 AM,12:47:30 AM,12:42:30 AM,12:34:30 AM,7:02:00 AM,12:03:00 AM,7:05:00 AM,37260
7755,Gordon Creek,2014,6,12:00:00 AM,,,,,9:07:00 PM,1:00:00 AM,10:07:00 PM,12:46:00 AM,1:08:30 AM,1:51:30 AM,12:04:00 AM,1:51:30 AM,1:08:30 AM,12:46:00 AM,5:39:00 AM,12:04:00 AM,5:43:00 AM,27600
7755,Gordon Creek,2014,6,12:00:00 AM,,,,,9:08:00 PM,1:00:00 AM,10:08:00 PM,12:46:00 AM,1:09:00 AM,1:51:00 AM,12:03:00 AM,1:51:00 AM,1:09:00 AM,12:46:00 AM,5:39:00 AM,12:04:00 AM,5:43:00 AM,27540
7755,Gordon Creek,2014,6,12:00:00 AM,,,,,9:08:00 PM,1:00:00 AM,10:08:00 PM,12:46:00 AM,1:09:00 AM,1:51:00 AM,12:04:00 AM,1:51:00 AM,1:09:00 AM,12:46:00 AM,5:40:00 AM,12:04:00 AM,5:44:00 AM,27600
7755,Gordon Creek,2014,6,12:00:00 AM,,,,,9:08:00 PM,1:00:00 AM,10:08:00 PM,12:46:00 AM,1:09:00 AM,1:51:00 AM,12:04:00 AM,1:51:00 AM,1:09:00 AM,12:46:00 AM,5:40:00 AM,12:04:00 AM,5:44:00 AM,27600
7755,Gordon Creek,2014,6,12:00:00 AM,,,,,9:08:00 PM,1:00:00 AM,10:08:00 PM,12:46:00 AM,1:08:30 AM,1:52:00 AM,12:04:00 AM,1:52:00 AM,1:08:30 AM,12:46:00 AM,5:41:00 AM,12:04:00 AM,5:45:00 AM,27660
7755,Gordon Creek,2014,6,12:00:00 AM,,,,,9:08:00 PM,1:00:00 AM,10:08:00 PM,12:46:00 AM,1:07:30 AM,1:53:00 AM,12:05:00 AM,1:53:00 AM,1:07:30 AM,12:46:00 AM,5:42:00 AM,12:04:00 AM,5:46:00 AM,27720
7755,Gordon Creek,2014,6,12:00:00 AM,,,,,9:08:00 PM,1:00:00 AM,10:08:00 PM,12:45:30 AM,1:07:30 AM,1:54:30 AM,12:04:00 AM,1:54:30 AM,1:07:30 AM,12:45:30 AM,5:43:00 AM,12:04:00 AM,5:47:00 AM,27780
7755,Gordon Creek,2014,7,12:00:00 AM,,,,,9:08:00 PM,1:00:00 AM,10:08:00 PM,12:45:00 AM,1:07:00 AM,1:56:00 AM,12:05:00 AM,1:56:00 AM,1:07:00 AM,12:45:00 AM,5:44:00 AM,12:04:00 AM,5:49:00 AM,27900
7755,Gordon Creek,2014,7,12:00:00 AM,,,,,9:07:00 PM,1:00:00 AM,10:07:00 PM,12:45:00 AM,1:06:30 AM,1:58:00 AM,12:04:00 AM,1:58:00 AM,1:06:30 AM,12:45:00 AM,5:46:00 AM,12:04:00 AM,5:50:00 AM,28020
7755,Gordon Creek,2014,7,12:00:00 AM,,,,,9:06:00 PM,1:00:00 AM,10:06:00 PM,12:44:30 AM,1:06:00 AM,2:00:00 AM,12:05:00 AM,2:00:00 AM,1:06:00 AM,12:44:30 AM,5:47:00 AM,12:04:00 AM,5:52:00 AM,28200
7755,Gordon Creek,2014,7,12:00:00 AM,,,,,9:05:00 PM,1:00:00 AM,10:05:00 PM,12:44:00 AM,1:05:00 AM,2:03:00 AM,12:04:00 AM,2:03:00 AM,1:05:00 AM,12:44:00 AM,5:49:00 AM,12:04:00 AM,5:53:00 AM,28320
7755,Gordon Creek,2014,7,12:00:00 AM,,,,,9:04:00 PM,1:00:00 AM,10:04:00 PM,12:44:00 AM,1:03:30 AM,2:06:00 AM,12:04:00 AM,2:06:00 AM,1:03:30 AM,12:44:00 AM,5:51:00 AM,12:04:00 AM,5:55:00 AM,28500
7755,Gordon Creek,2014,7,12:00:00 AM,,,,,9:02:00 PM,1:00:00 AM,10:02:00 PM,12:43:30 AM,1:03:00 AM,2:09:00 AM,12:04:00 AM,2:09:00 AM,1:03:00 AM,12:43:30 AM,5:53:00 AM,12:04:00 AM,5:57:00 AM,28740
7755,Gordon Creek,2014,7,12:00:00 AM,,,,,9:01:00 PM,1:00:00 AM,10:01:00 PM,12:43:00 AM,1:01:30 AM,2:12:30 AM,12:05:00 AM,2:12:30 AM,1:01:30 AM,12:43:00 AM,5:55:00 AM,12:04:00 AM,6:00:00 AM,28980
7755,Gordon Creek,2014,7,12:00:00 AM,,,,,8:59:00 PM,1:00:00 AM,9:59:00 PM,12:43:00 AM,1:01:00 AM,2:15:30 AM,12:04:00 AM,2:15:30 AM,1:01:00 AM,12:43:00 AM,5:58:00 AM,12:04:00 AM,6:02:00 AM,29220
7755,Gordon Creek,2014,7,12:00:00 AM,,,,,8:57:00 PM,1:00:00 AM,9:57:00 PM,12:42:30 AM,12:59:30 AM,1:50:00 AM,1:03:00 AM,1:50:00 AM,12:59:30 AM,12:42:30 AM,6:00:00 AM,12:04:00 AM,6:04:00 AM,29460
7755,Gordon Creek,2014,7,12:00:00 AM,,,,,8:55:00 PM,1:00:00 AM,9:55:00 PM,12:42:30 AM,12:58:30 AM,1:39:00 AM,1:32:00 AM,1:39:00 AM,12:58:30 AM,12:42:30 AM,6:03:00 AM,12:04:00 AM,6:07:00 AM,29760
7755,Gordon Creek,2014,7,12:00:00 AM,,,,,8:52:00 PM,1:00:00 AM,9:52:00 PM,12:42:00 AM,12:57:30 AM,1:31:30 AM,1:55:00 AM,1:31:30 AM,12:57:30 AM,12:42:00 AM,6:05:00 AM,12:04:00 AM,6:09:00 AM,30060
7755,Gordon Creek,2014,7,12:00:00 AM,,,,,8:50:00 PM,1:00:00 AM,9:50:00 PM,12:41:00 AM,12:57:00 AM,1:25:30 AM,2:15:00 AM,1:25:30 AM,12:57:00 AM,12:41:00 AM,6:08:00 AM,12:04:00 AM,6:12:00 AM,30360
7755,Gordon Creek,2014,7,12:00:00 AM,,,,,8:47:00 PM,1:00:00 AM,9:47:00 PM,12:40:30 AM,12:55:30 AM,1:21:30 AM,2:32:00 AM,1:21:30 AM,12:55:30 AM,12:40:30 AM,6:10:00 AM,12:04:00 AM,6:14:00 AM,30660
7755,Gordon Creek,2014,7,12:00:00 AM,,,,,8:45:00 PM,1:00:00 AM,9:45:00 PM,12:40:00 AM,12:54:30 AM,1:17:00 AM,2:49:00 AM,1:17:00 AM,12:54:30 AM,12:40:00 AM,6:13:00 AM,12:04:00 AM,6:17:00 AM,30960
7755,Gordon Creek,2014,7,12:00:00 AM,,,,,8:42:00 PM,1:00:00 AM,9:42:00 PM,12:40:00 AM,12:53:30 AM,1:13:30 AM,3:04:00 AM,1:13:30 AM,12:53:30 AM,12:40:00 AM,6:16:00 AM,12:04:00 AM,6:20:00 AM,31320
7620,Musselwhite,2014,6,12:00:00 AM,,,,,9:16:00 PM,1:00:00 AM,10:16:00 PM,12:47:30 AM,1:14:30 AM,1:42:30 AM,12:04:00 AM,1:42:30 AM,1:14:30 AM,12:47:30 AM,5:45:00 AM,12:04:00 AM,5:49:00 AM,27420
7620,Musselwhite,2014,6,12:00:00 AM,,,,,9:20:00 PM,1:00:00 AM,10:20:00 PM,12:49:00 AM,1:16:30 AM,1:35:30 AM,12:04:00 AM,1:35:30 AM,1:16:30 AM,12:49:00 AM,5:42:00 AM,12:04:00 AM,5:46:00 AM,27000
7620,Musselwhite,2014,6,12:00:00 AM,,,,,9:24:00 PM,1:00:00 AM,10:24:00 PM,12:49:30 AM,1:20:00 AM,1:28:30 AM,12:05:00 AM,1:28:30 AM,1:20:00 AM,12:49:30 AM,5:40:00 AM,12:05:00 AM,5:45:00 AM,26760
7620,Musselwhite,2014,6,12:00:00 AM,,,,,9:26:00 PM,1:00:00 AM,10:26:00 PM,12:50:00 AM,1:22:30 AM,1:24:00 AM,12:04:00 AM,1:24:00 AM,1:22:30 AM,12:50:00 AM,5:39:00 AM,12:05:00 AM,5:43:00 AM,26520
7620,Musselwhite,2014,6,12:00:00 AM,,,,,9:29:00 PM,1:00:00 AM,10:29:00 PM,12:50:30 AM,1:23:30 AM,1:21:00 AM,12:04:00 AM,1:21:00 AM,1:23:30 AM,12:50:30 AM,5:39:00 AM,12:05:00 AM,5:43:00 AM,26340
7620,Musselwhite,2014,6,12:00:00 AM,,,,,9:30:00 PM,1:00:00 AM,10:30:00 PM,12:50:00 AM,1:24:00 AM,1:20:30 AM,12:05:00 AM,1:20:30 AM,1:24:00 AM,12:50:00 AM,5:39:00 AM,12:05:00 AM,5:44:00 AM,26340
7620,Musselwhite,2014,6,12:00:00 AM,,,,,9:30:00 PM,1:00:00 AM,10:30:00 PM,12:50:00 AM,1:23:30 AM,1:21:30 AM,12:05:00 AM,1:21:30 AM,1:23:30 AM,12:50:00 AM,5:41:00 AM,12:05:00 AM,5:45:00 AM,26400
7620,Musselwhite,2014,6,12:00:00 AM,,,,,9:30:00 PM,1:00:00 AM,10:30:00 PM,12:50:00 AM,1:21:30 AM,1:25:00 AM,12:05:00 AM,1:25:00 AM,1:21:30 AM,12:50:00 AM,5:43:00 AM,12:05:00 AM,5:48:00 AM,26580
7620,Musselwhite,2014,7,12:00:00 AM,,,,,9:28:00 PM,1:00:00 AM,10:28:00 PM,12:49:30 AM,1:19:00 AM,1:30:30 AM,12:05:00 AM,1:30:30 AM,1:19:00 AM,12:49:30 AM,5:46:00 AM,12:05:00 AM,5:51:00 AM,26880
7620,Musselwhite,2014,7,12:00:00 AM,,,,,9:26:00 PM,1:00:00 AM,10:26:00 PM,12:49:00 AM,1:16:00 AM,1:37:00 AM,12:04:00 AM,1:37:00 AM,1:16:00 AM,12:49:00 AM,5:50:00 AM,12:04:00 AM,5:54:00 AM,27120
7620,Musselwhite,2014,7,12:00:00 AM,,,,,9:23:00 PM,1:00:00 AM,10:23:00 PM,12:48:00 AM,1:12:30 AM,1:45:00 AM,12:04:00 AM,1:45:00 AM,1:12:30 AM,12:48:00 AM,5:54:00 AM,12:04:00 AM,5:58:00 AM,27540
7620,Musselwhite,2014,7,12:00:00 AM,,,,,9:19:00 PM,1:00:00 AM,10:19:00 PM,12:47:00 AM,1:09:30 AM,1:53:30 AM,12:04:00 AM,1:53:30 AM,1:09:30 AM,12:47:00 AM,5:59:00 AM,12:04:00 AM,6:03:00 AM,28080
7620,Musselwhite,2014,7,12:00:00 AM,,,,,9:15:00 PM,1:00:00 AM,10:15:00 PM,12:45:00 AM,1:06:30 AM,2:03:00 AM,12:04:00 AM,2:03:00 AM,1:06:30 AM,12:45:00 AM,6:04:00 AM,12:04:00 AM,6:08:00 AM,28620
7620,Musselwhite,2014,7,12:00:00 AM,,,,,9:09:00 PM,1:00:00 AM,10:09:00 PM,12:44:30 AM,1:03:30 AM,2:12:30 AM,12:04:00 AM,2:12:30 AM,1:03:30 AM,12:44:30 AM,6:10:00 AM,12:04:00 AM,6:14:00 AM,29340
7620,Musselwhite,2014,7,12:00:00 AM,,,,,9:04:00 PM,1:00:00 AM,10:04:00 PM,12:43:00 AM,1:00:30 AM,1:49:30 AM,1:10:00 AM,1:49:30 AM,1:00:30 AM,12:43:00 AM,6:16:00 AM,12:04:00 AM,6:20:00 AM,30000
7620,Musselwhite,2014,7,12:00:00 AM,,,,,8:57:00 PM,1:00:00 AM,9:57:00 PM,12:42:30 AM,12:57:30 AM,1:29:00 AM,2:11:00 AM,1:29:00 AM,12:57:30 AM,12:42:30 AM,6:22:00 AM,12:04:00 AM,6:26:00 AM,30780
7620,Musselwhite,2014,8,12:00:00 AM,,,,,8:50:00 PM,1:00:00 AM,9:50:00 PM,12:41:30 AM,12:55:30 AM,1:18:00 AM,2:53:00 AM,1:18:00 AM,12:55:30 AM,12:41:30 AM,6:29:00 AM,12:04:00 AM,6:33:00 AM,31620
7620,Musselwhite,2014,8,12:00:00 AM,,,,,8:43:00 PM,1:00:00 AM,9:43:00 PM,12:40:00 AM,12:53:30 AM,1:10:00 AM,3:29:00 AM,1:10:00 AM,12:53:30 AM,12:40:00 AM,6:35:00 AM,12:04:00 AM,6:39:00 AM,32400
7620,Musselwhite,2014,8,12:00:00 AM,,,,,8:35:00 PM,1:00:00 AM,9:35:00 PM,12:39:30 AM,12:51:00 AM,1:04:30 AM,4:01:00 AM,1:04:30 AM,12:51:00 AM,12:39:30 AM,6:42:00 AM,12:04:00 AM,6:46:00 AM,33300
7620,Musselwhite,2014,8,12:00:00 AM,,,,,8:27:00 PM,1:00:00 AM,9:27:00 PM,12:39:00 AM,12:49:00 AM,1:00:30 AM,4:28:00 AM,1:00:30 AM,12:49:00 AM,12:39:00 AM,6:49:00 AM,12:03:00 AM,6:52:00 AM,34080
7620,Musselwhite,2014,8,12:00:00 AM,,,,,8:19:00 PM,1:00:00 AM,9:19:00 PM,12:37:00 AM,12:48:00 AM,12:56:30 AM,4:57:00 AM,12:56:30 AM,12:48:00 AM,12:37:00 AM,6:55:00 AM,12:03:00 AM,6:59:00 AM,34980
7699,Musselwhite,2014,6,12:00:00 AM,,,,,9:16:00 PM,1:00:00 AM,10:16:00 PM,12:47:30 AM,1:14:30 AM,1:42:30 AM,12:04:00 AM,1:42:30 AM,1:14:30 AM,12:47:30 AM,5:45:00 AM,12:04:00 AM,5:49:00 AM,27420
7699,Musselwhite,2014,6,12:00:00 AM,,,,,9:20:00 PM,1:00:00 AM,10:20:00 PM,12:49:00 AM,1:16:30 AM,1:35:30 AM,12:04:00 AM,1:35:30 AM,1:16:30 AM,12:49:00 AM,5:42:00 AM,12:04:00 AM,5:46:00 AM,27000
7699,Musselwhite,2014,6,12:00:00 AM,,,,,9:24:00 PM,1:00:00 AM,10:24:00 PM,12:49:30 AM,1:20:00 AM,1:28:30 AM,12:05:00 AM,1:28:30 AM,1:20:00 AM,12:49:30 AM,5:40:00 AM,12:05:00 AM,5:45:00 AM,26760
7699,Musselwhite,2014,6,12:00:00 AM,,,,,9:26:00 PM,1:00:00 AM,10:26:00 PM,12:50:00 AM,1:22:30 AM,1:24:00 AM,12:04:00 AM,1:24:00 AM,1:22:30 AM,12:50:00 AM,5:39:00 AM,12:05:00 AM,5:43:00 AM,26520
7699,Musselwhite,2014,6,12:00:00 AM,,,,,9:29:00 PM,1:00:00 AM,10:29:00 PM,12:50:30 AM,1:23:30 AM,1:21:00 AM,12:04:00 AM,1:21:00 AM,1:23:30 AM,12:50:30 AM,5:39:00 AM,12:05:00 AM,5:43:00 AM,26340
7699,Musselwhite,2014,6,12:00:00 AM,,,,,9:30:00 PM,1:00:00 AM,10:30:00 PM,12:50:30 AM,1:24:00 AM,1:20:30 AM,12:04:00 AM,1:20:30 AM,1:24:00 AM,12:50:30 AM,5:39:00 AM,12:05:00 AM,5:44:00 AM,26340
7699,Musselwhite,2014,6,12:00:00 AM,,,,,9:30:00 PM,1:00:00 AM,10:30:00 PM,12:50:30 AM,1:23:30 AM,1:21:30 AM,12:04:00 AM,1:21:30 AM,1:23:30 AM,12:50:30 AM,5:41:00 AM,12:05:00 AM,5:45:00 AM,26400
7699,Musselwhite,2014,6,12:00:00 AM,,,,,9:30:00 PM,1:00:00 AM,10:30:00 PM,12:50:00 AM,1:21:30 AM,1:25:00 AM,12:05:00 AM,1:25:00 AM,1:21:30 AM,12:50:00 AM,5:43:00 AM,12:05:00 AM,5:48:00 AM,26580
7699,Musselwhite,2014,7,12:00:00 AM,,,,,9:28:00 PM,1:00:00 AM,10:28:00 PM,12:49:30 AM,1:19:00 AM,1:30:30 AM,12:05:00 AM,1:30:30 AM,1:19:00 AM,12:49:30 AM,5:46:00 AM,12:05:00 AM,5:51:00 AM,26880
7699,Musselwhite,2014,7,12:00:00 AM,,,,,9:26:00 PM,1:00:00 AM,10:26:00 PM,12:49:00 AM,1:16:00 AM,1:37:00 AM,12:04:00 AM,1:37:00 AM,1:16:00 AM,12:49:00 AM,5:50:00 AM,12:04:00 AM,5:54:00 AM,27120
7699,Musselwhite,2014,7,12:00:00 AM,,,,,9:23:00 PM,1:00:00 AM,10:23:00 PM,12:48:00 AM,1:12:30 AM,1:45:00 AM,12:04:00 AM,1:45:00 AM,1:12:30 AM,12:48:00 AM,5:54:00 AM,12:04:00 AM,5:58:00 AM,27540
7699,Musselwhite,2014,7,12:00:00 AM,,,,,9:19:00 PM,1:00:00 AM,10:19:00 PM,12:47:00 AM,1:09:30 AM,1:53:30 AM,12:04:00 AM,1:53:30 AM,1:09:30 AM,12:47:00 AM,5:59:00 AM,12:04:00 AM,6:03:00 AM,28080
7699,Musselwhite,2014,7,12:00:00 AM,,,,,9:15:00 PM,1:00:00 AM,10:15:00 PM,12:45:00 AM,1:06:30 AM,2:03:00 AM,12:04:00 AM,2:03:00 AM,1:06:30 AM,12:45:00 AM,6:04:00 AM,12:04:00 AM,6:08:00 AM,28620
7699,Musselwhite,2014,7,12:00:00 AM,,,,,9:09:00 PM,1:00:00 AM,10:09:00 PM,12:44:30 AM,1:03:30 AM,2:12:30 AM,12:04:00 AM,2:12:30 AM,1:03:30 AM,12:44:30 AM,6:10:00 AM,12:04:00 AM,6:14:00 AM,29340
7699,Musselwhite,2014,7,12:00:00 AM,,,,,9:04:00 PM,1:00:00 AM,10:04:00 PM,12:43:00 AM,1:00:30 AM,1:49:30 AM,1:10:00 AM,1:49:30 AM,1:00:30 AM,12:43:00 AM,6:16:00 AM,12:04:00 AM,6:20:00 AM,30000
7699,Musselwhite,2014,7,12:00:00 AM,,,,,8:57:00 PM,1:00:00 AM,9:57:00 PM,12:42:30 AM,12:57:30 AM,1:29:00 AM,2:11:00 AM,1:29:00 AM,12:57:30 AM,12:42:30 AM,6:22:00 AM,12:04:00 AM,6:26:00 AM,30780
7699,Musselwhite,2014,8,12:00:00 AM,,,,,8:50:00 PM,1:00:00 AM,9:50:00 PM,12:41:30 AM,12:55:30 AM,1:18:00 AM,2:53:00 AM,1:18:00 AM,12:55:30 AM,12:41:30 AM,6:29:00 AM,12:04:00 AM,6:33:00 AM,31620
7699,Musselwhite,2014,8,12:00:00 AM,,,,,8:43:00 PM,1:00:00 AM,9:43:00 PM,12:40:00 AM,12:53:30 AM,1:10:00 AM,3:29:00 AM,1:10:00 AM,12:53:30 AM,12:40:00 AM,6:35:00 AM,12:04:00 AM,6:39:00 AM,32400
7699,Musselwhite,2014,8,12:00:00 AM,,,,,8:35:00 PM,1:00:00 AM,9:35:00 PM,12:39:30 AM,12:51:00 AM,1:04:30 AM,4:01:00 AM,1:04:30 AM,12:51:00 AM,12:39:30 AM,6:42:00 AM,12:04:00 AM,6:46:00 AM,33300
7699,Musselwhite,2014,8,12:00:00 AM,,,,,8:27:00 PM,1:00:00 AM,9:27:00 PM,12:39:00 AM,12:49:00 AM,1:00:30 AM,4:28:00 AM,1:00:30 AM,12:49:00 AM,12:39:00 AM,6:49:00 AM,12:03:00 AM,6:52:00 AM,34080
7699,Musselwhite,2014,8,12:00:00 AM,,,,,8:19:00 PM,1:00:00 AM,9:19:00 PM,12:37:00 AM,12:48:00 AM,12:56:30 AM,4:57:00 AM,12:56:30 AM,12:48:00 AM,12:37:00 AM,6:55:00 AM,12:03:00 AM,6:59:00 AM,34980
13512,Musselwhite,2014,6,12:00:00 AM,,,,,9:16:00 PM,1:00:00 AM,10:16:00 PM,12:47:30 AM,1:14:30 AM,1:42:30 AM,12:04:00 AM,1:42:30 AM,1:14:30 AM,12:47:30 AM,5:45:00 AM,12:04:00 AM,5:49:00 AM,27420
13512,Musselwhite,2014,6,12:00:00 AM,,,,,9:20:00 PM,1:00:00 AM,10:20:00 PM,12:49:00 AM,1:16:30 AM,1:35:30 AM,12:04:00 AM,1:35:30 AM,1:16:30 AM,12:49:00 AM,5:42:00 AM,12:04:00 AM,5:46:00 AM,27000
13512,Musselwhite,2014,6,12:00:00 AM,,,,,9:24:00 PM,1:00:00 AM,10:24:00 PM,12:49:30 AM,1:20:00 AM,1:28:30 AM,12:05:00 AM,1:28:30 AM,1:20:00 AM,12:49:30 AM,5:40:00 AM,12:05:00 AM,5:45:00 AM,26760
13512,Musselwhite,2014,6,12:00:00 AM,,,,,9:26:00 PM,1:00:00 AM,10:26:00 PM,12:50:00 AM,1:22:30 AM,1:24:00 AM,12:04:00 AM,1:24:00 AM,1:22:30 AM,12:50:00 AM,5:39:00 AM,12:05:00 AM,5:43:00 AM,26520
13512,Musselwhite,2014,6,12:00:00 AM,,,,,9:29:00 PM,1:00:00 AM,10:29:00 PM,12:50:30 AM,1:23:30 AM,1:21:00 AM,12:04:00 AM,1:21:00 AM,1:23:30 AM,12:50:30 AM,5:39:00 AM,12:05:00 AM,5:43:00 AM,26340
13512,Musselwhite,2014,6,12:00:00 AM,,,,,9:30:00 PM,1:00:00 AM,10:30:00 PM,12:50:30 AM,1:24:00 AM,1:20:30 AM,12:04:00 AM,1:20:30 AM,1:24:00 AM,12:50:30 AM,5:39:00 AM,12:05:00 AM,5:44:00 AM,26340
13512,Musselwhite,2014,6,12:00:00 AM,,,,,9:30:00 PM,1:00:00 AM,10:30:00 PM,12:50:30 AM,1:23:30 AM,1:21:30 AM,12:04:00 AM,1:21:30 AM,1:23:30 AM,12:50:30 AM,5:41:00 AM,12:05:00 AM,5:45:00 AM,26400
13512,Musselwhite,2014,6,12:00:00 AM,,,,,9:30:00 PM,1:00:00 AM,10:30:00 PM,12:50:00 AM,1:21:30 AM,1:25:00 AM,12:05:00 AM,1:25:00 AM,1:21:30 AM,12:50:00 AM,5:43:00 AM,12:05:00 AM,5:48:00 AM,26580
13512,Musselwhite,2014,7,12:00:00 AM,,,,,9:28:00 PM,1:00:00 AM,10:28:00 PM,12:49:30 AM,1:19:00 AM,1:30:30 AM,12:05:00 AM,1:30:30 AM,1:19:00 AM,12:49:30 AM,5:46:00 AM,12:05:00 AM,5:51:00 AM,26880
13512,Musselwhite,2014,7,12:00:00 AM,,,,,9:26:00 PM,1:00:00 AM,10:26:00 PM,12:49:00 AM,1:16:00 AM,1:37:00 AM,12:04:00 AM,1:37:00 AM,1:16:00 AM,12:49:00 AM,5:50:00 AM,12:04:00 AM,5:54:00 AM,27120
13512,Musselwhite,2014,7,12:00:00 AM,,,,,9:23:00 PM,1:00:00 AM,10:23:00 PM,12:48:00 AM,1:12:30 AM,1:45:00 AM,12:04:00 AM,1:45:00 AM,1:12:30 AM,12:48:00 AM,5:54:00 AM,12:04:00 AM,5:58:00 AM,27540
13512,Musselwhite,2014,7,12:00:00 AM,,,,,9:19:00 PM,1:00:00 AM,10:19:00 PM,12:47:00 AM,1:09:30 AM,1:53:30 AM,12:04:00 AM,1:53:30 AM,1:09:30 AM,12:47:00 AM,5:59:00 AM,12:04:00 AM,6:03:00 AM,28080
13512,Musselwhite,2014,7,12:00:00 AM,,,,,9:15:00 PM,1:00:00 AM,10:15:00 PM,12:45:00 AM,1:06:30 AM,2:03:00 AM,12:04:00 AM,2:03:00 AM,1:06:30 AM,12:45:00 AM,6:04:00 AM,12:04:00 AM,6:08:00 AM,28620
13512,Musselwhite,2014,7,12:00:00 AM,,,,,9:09:00 PM,1:00:00 AM,10:09:00 PM,12:44:30 AM,1:03:30 AM,2:12:30 AM,12:04:00 AM,2:12:30 AM,1:03:30 AM,12:44:30 AM,6:10:00 AM,12:04:00 AM,6:14:00 AM,29340
13512,Musselwhite,2014,7,12:00:00 AM,,,,,9:04:00 PM,1:00:00 AM,10:04:00 PM,12:43:00 AM,1:00:30 AM,1:49:30 AM,1:10:00 AM,1:49:30 AM,1:00:30 AM,12:43:00 AM,6:16:00 AM,12:04:00 AM,6:20:00 AM,30000
13512,Musselwhite,2014,7,12:00:00 AM,,,,,8:57:00 PM,1:00:00 AM,9:57:00 PM,12:42:30 AM,12:57:30 AM,1:29:00 AM,2:11:00 AM,1:29:00 AM,12:57:30 AM,12:42:30 AM,6:22:00 AM,12:04:00 AM,6:26:00 AM,30780
13512,Musselwhite,2014,8,12:00:00 AM,,,,,8:50:00 PM,1:00:00 AM,9:50:00 PM,12:41:30 AM,12:55:30 AM,1:18:00 AM,2:53:00 AM,1:18:00 AM,12:55:30 AM,12:41:30 AM,6:29:00 AM,12:04:00 AM,6:33:00 AM,31620
13512,Musselwhite,2014,8,12:00:00 AM,,,,,8:43:00 PM,1:00:00 AM,9:43:00 PM,12:40:00 AM,12:53:30 AM,1:10:00 AM,3:29:00 AM,1:10:00 AM,12:53:30 AM,12:40:00 AM,6:35:00 AM,12:04:00 AM,6:39:00 AM,32400
13512,Musselwhite,2014,8,12:00:00 AM,,,,,8:35:00 PM,1:00:00 AM,9:35:00 PM,12:39:30 AM,12:51:00 AM,1:04:30 AM,4:01:00 AM,1:04:30 AM,12:51:00 AM,12:39:30 AM,6:42:00 AM,12:04:00 AM,6:46:00 AM,33300
13512,Musselwhite,2014,8,12:00:00 AM,,,,,8:27:00 PM,1:00:00 AM,9:27:00 PM,12:39:00 AM,12:49:00 AM,1:00:30 AM,4:28:00 AM,1:00:30 AM,12:49:00 AM,12:39:00 AM,6:49:00 AM,12:03:00 AM,6:52:00 AM,34080
13512,Musselwhite,2014,8,12:00:00 AM,,,,,8:19:00 PM,1:00:00 AM,9:19:00 PM,12:37:00 AM,12:48:00 AM,12:56:30 AM,4:57:00 AM,12:56:30 AM,12:48:00 AM,12:37:00 AM,6:55:00 AM,12:03:00 AM,6:59:00 AM,34980
9990,PANPa,2014,6,12:00:00 AM,,,,,9:24:00 PM,1:00:00 AM,10:24:00 PM,1:21:00 AM,1:22:30 AM,1:25:00 AM,12:05:00 AM,1:25:00 AM,1:22:30 AM,1:21:00 AM,6:41:00 AM,12:05:00 AM,6:46:00 AM,30420
9990,PANPa,2014,6,12:00:00 AM,,,,,9:29:00 PM,1:00:00 AM,10:29:00 PM,1:21:30 AM,1:27:30 AM,1:15:30 AM,12:05:00 AM,1:15:30 AM,1:27:30 AM,1:21:30 AM,6:38:00 AM,12:05:00 AM,6:43:00 AM,29940
9990,PANPa,2014,6,12:00:00 AM,,,,,9:32:00 PM,1:00:00 AM,10:32:00 PM,1:22:30 AM,1:32:00 AM,1:07:30 AM,12:05:00 AM,1:07:30 AM,1:32:00 AM,1:22:30 AM,6:36:00 AM,12:05:00 AM,6:41:00 AM,29640
9990,PANPa,2014,6,12:00:00 AM,,,,,9:35:00 PM,1:00:00 AM,10:35:00 PM,1:23:00 AM,1:36:30 AM,1:00:30 AM,12:05:00 AM,1:00:30 AM,1:36:30 AM,1:23:00 AM,6:35:00 AM,12:05:00 AM,6:40:00 AM,29400
9990,PANPa,2014,6,12:00:00 AM,,,,,9:38:00 PM,1:00:00 AM,10:38:00 PM,1:23:00 AM,1:38:30 AM,12:56:30 AM,12:05:00 AM,12:56:30 AM,1:38:30 AM,1:23:00 AM,6:34:00 AM,12:05:00 AM,6:39:00 AM,29160
9990,PANPa,2014,6,12:00:00 AM,,,,,9:39:00 PM,1:00:00 AM,10:39:00 PM,1:23:00 AM,1:40:00 AM,12:55:00 AM,12:05:00 AM,12:55:00 AM,1:40:00 AM,1:23:00 AM,6:35:00 AM,12:05:00 AM,6:40:00 AM,29160
9990,PANPa,2014,6,12:00:00 AM,,,,,9:39:00 PM,1:00:00 AM,10:39:00 PM,1:23:30 AM,1:38:00 AM,12:57:30 AM,12:04:00 AM,12:57:30 AM,1:38:00 AM,1:23:30 AM,6:37:00 AM,12:05:00 AM,6:41:00 AM,29220
9990,PANPa,2014,6,12:00:00 AM,,,,,9:39:00 PM,1:00:00 AM,10:39:00 PM,1:22:30 AM,1:35:00 AM,1:02:30 AM,12:05:00 AM,1:02:30 AM,1:35:00 AM,1:22:30 AM,6:39:00 AM,12:05:00 AM,6:44:00 AM,29400
9990,PANPa,2014,7,12:00:00 AM,,,,,9:37:00 PM,1:00:00 AM,10:37:00 PM,1:22:00 AM,1:31:00 AM,1:09:30 AM,12:05:00 AM,1:09:30 AM,1:31:00 AM,1:22:00 AM,6:42:00 AM,12:05:00 AM,6:47:00 AM,29700
9990,PANPa,2014,7,12:00:00 AM,,,,,9:35:00 PM,1:00:00 AM,10:35:00 PM,1:21:00 AM,1:26:30 AM,1:18:00 AM,12:05:00 AM,1:18:00 AM,1:26:30 AM,1:21:00 AM,6:46:00 AM,12:05:00 AM,6:51:00 AM,30060
9990,PANPa,2014,7,12:00:00 AM,,,,,9:31:00 PM,1:00:00 AM,10:31:00 PM,1:20:30 AM,1:21:30 AM,1:28:00 AM,12:04:00 AM,1:28:00 AM,1:21:30 AM,1:20:30 AM,6:51:00 AM,12:04:00 AM,6:55:00 AM,30480
9990,PANPa,2014,7,12:00:00 AM,,,,,9:27:00 PM,1:00:00 AM,10:27:00 PM,1:19:00 AM,1:17:00 AM,1:38:30 AM,12:04:00 AM,1:38:30 AM,1:17:00 AM,1:19:00 AM,6:56:00 AM,12:04:00 AM,7:00:00 AM,31020
9990,PANPa,2014,7,12:00:00 AM,,,,,9:22:00 PM,1:00:00 AM,10:22:00 PM,1:17:30 AM,1:12:30 AM,1:49:30 AM,12:05:00 AM,1:49:30 AM,1:12:30 AM,1:17:30 AM,7:01:00 AM,12:04:00 AM,7:06:00 AM,31680
9990,PANPa,2014,7,12:00:00 AM,,,,,9:17:00 PM,1:00:00 AM,10:17:00 PM,1:16:30 AM,1:08:00 AM,2:00:30 AM,12:05:00 AM,2:00:30 AM,1:08:00 AM,1:16:30 AM,7:07:00 AM,12:04:00 AM,7:12:00 AM,32340
9990,PANPa,2014,7,12:00:00 AM,,,,,9:11:00 PM,1:00:00 AM,10:11:00 PM,1:15:00 AM,1:05:00 AM,2:11:30 AM,12:04:00 AM,2:11:30 AM,1:05:00 AM,1:15:00 AM,7:14:00 AM,12:04:00 AM,7:18:00 AM,33060
9990,PANPa,2014,7,12:00:00 AM,,,,,9:04:00 PM,1:00:00 AM,10:04:00 PM,1:14:00 AM,1:01:30 AM,1:53:30 AM,1:02:00 AM,1:53:30 AM,1:01:30 AM,1:14:00 AM,7:20:00 AM,12:04:00 AM,7:24:00 AM,33840
9990,PANPa,2014,8,12:00:00 AM,,,,,8:57:00 PM,1:00:00 AM,9:57:00 PM,1:13:00 AM,12:58:30 AM,1:30:00 AM,2:11:00 AM,1:30:00 AM,12:58:30 AM,1:13:00 AM,7:27:00 AM,12:04:00 AM,7:31:00 AM,34680
9990,PANPa,2014,8,12:00:00 AM,,,,,8:49:00 PM,1:00:00 AM,9:49:00 PM,1:12:00 AM,12:55:30 AM,1:18:30 AM,2:57:00 AM,1:18:30 AM,12:55:30 AM,1:12:00 AM,7:34:00 AM,12:04:00 AM,7:38:00 AM,35580
9990,PANPa,2014,8,12:00:00 AM,,,,,8:41:00 PM,1:00:00 AM,9:41:00 PM,1:11:00 AM,12:53:30 AM,1:10:30 AM,3:34:00 AM,1:10:30 AM,12:53:30 AM,1:11:00 AM,7:41:00 AM,12:04:00 AM,7:45:00 AM,36480
9990,PANPa,2014,8,12:00:00 AM,,,,,8:33:00 PM,1:00:00 AM,9:33:00 PM,1:10:00 AM,12:51:00 AM,1:05:00 AM,4:07:00 AM,1:05:00 AM,12:51:00 AM,1:10:00 AM,7:48:00 AM,12:04:00 AM,7:52:00 AM,37380
9990,PANPa,2014,8,12:00:00 AM,,,,,8:24:00 PM,1:00:00 AM,9:24:00 PM,1:09:00 AM,12:49:30 AM,1:00:30 AM,4:37:00 AM,1:00:30 AM,12:49:30 AM,1:09:00 AM,7:55:00 AM,12:04:00 AM,7:59:00 AM,38340
9991,PANPb,2014,6,12:00:00 AM,,,,,9:28:00 PM,1:00:00 AM,10:28:00 PM,12:52:30 AM,1:30:30 AM,1:11:30 AM,12:05:00 AM,1:11:30 AM,1:30:30 AM,12:52:30 AM,5:37:00 AM,12:05:00 AM,5:42:00 AM,26340
9991,PANPb,2014,6,12:00:00 AM,,,,,9:33:00 PM,1:00:00 AM,10:33:00 PM,12:53:30 AM,1:38:00 AM,12:59:00 AM,12:04:00 AM,12:59:00 AM,1:38:00 AM,12:53:30 AM,5:34:00 AM,12:05:00 AM,5:38:00 AM,25800
9991,PANPb,2014,6,12:00:00 AM,,,,,9:37:00 PM,1:00:00 AM,10:37:00 PM,12:54:00 AM,1:45:00 AM,12:48:00 AM,12:05:00 AM,12:48:00 AM,1:45:00 AM,12:54:00 AM,5:31:00 AM,12:05:00 AM,5:36:00 AM,25440
9991,PANPb,2014,6,12:00:00 AM,,,,,9:40:00 PM,1:00:00 AM,10:40:00 PM,12:55:00 AM,1:52:30 AM,12:37:30 AM,12:05:00 AM,12:37:30 AM,1:52:30 AM,12:55:00 AM,5:30:00 AM,12:05:00 AM,5:35:00 AM,25200
9991,PANPb,2014,6,12:00:00 AM,,,,,9:42:00 PM,1:00:00 AM,10:42:00 PM,12:56:00 AM,1:58:00 AM,12:30:00 AM,12:05:00 AM,12:30:00 AM,1:58:00 AM,12:56:00 AM,5:30:00 AM,12:05:00 AM,5:35:00 AM,25080
9991,PANPb,2014,6,12:00:00 AM,,,,,9:43:00 PM,1:00:00 AM,10:43:00 PM,12:56:00 AM,2:00:00 AM,12:28:00 AM,12:04:00 AM,12:28:00 AM,2:00:00 AM,12:56:00 AM,5:30:00 AM,12:05:00 AM,5:35:00 AM,25020
9991,PANPb,2014,6,12:00:00 AM,,,,,9:43:00 PM,1:00:00 AM,10:43:00 PM,12:56:00 AM,1:56:30 AM,12:32:00 AM,12:05:00 AM,12:32:00 AM,1:56:30 AM,12:56:00 AM,5:32:00 AM,12:05:00 AM,5:37:00 AM,25140
9991,PANPb,2014,6,12:00:00 AM,,,,,9:43:00 PM,1:00:00 AM,10:43:00 PM,12:55:00 AM,1:50:00 AM,12:40:30 AM,12:05:00 AM,12:40:30 AM,1:50:00 AM,12:55:00 AM,5:34:00 AM,12:05:00 AM,5:39:00 AM,25260
9991,PANPb,2014,7,12:00:00 AM,,,,,9:41:00 PM,1:00:00 AM,10:41:00 PM,12:54:30 AM,1:42:30 AM,12:51:00 AM,12:05:00 AM,12:51:00 AM,1:42:30 AM,12:54:30 AM,5:37:00 AM,12:05:00 AM,5:42:00 AM,25560
9991,PANPb,2014,7,12:00:00 AM,,,,,9:39:00 PM,1:00:00 AM,10:39:00 PM,12:53:30 AM,1:35:30 AM,1:02:30 AM,12:04:00 AM,1:02:30 AM,1:35:30 AM,12:53:30 AM,5:42:00 AM,12:04:00 AM,5:46:00 AM,25860
9991,PANPb,2014,7,12:00:00 AM,,,,,9:35:00 PM,1:00:00 AM,10:35:00 PM,12:52:00 AM,1:29:00 AM,1:14:30 AM,12:05:00 AM,1:14:30 AM,1:29:00 AM,12:52:00 AM,5:46:00 AM,12:04:00 AM,5:51:00 AM,26400
9991,PANPb,2014,7,12:00:00 AM,,,,,9:31:00 PM,1:00:00 AM,10:31:00 PM,12:51:00 AM,1:22:30 AM,1:27:00 AM,12:04:00 AM,1:27:00 AM,1:22:30 AM,12:51:00 AM,5:52:00 AM,12:04:00 AM,5:56:00 AM,26940
9991,PANPb,2014,7,12:00:00 AM,,,,,9:26:00 PM,1:00:00 AM,10:26:00 PM,12:49:00 AM,1:17:00 AM,1:39:30 AM,12:05:00 AM,1:39:30 AM,1:17:00 AM,12:49:00 AM,5:57:00 AM,12:04:00 AM,6:02:00 AM,27600
9991,PANPb,2014,7,12:00:00 AM,,,,,9:20:00 PM,1:00:00 AM,10:20:00 PM,12:48:00 AM,1:12:30 AM,1:51:30 AM,12:04:00 AM,1:51:30 AM,1:12:30 AM,12:48:00 AM,6:04:00 AM,12:04:00 AM,6:08:00 AM,28320
9991,PANPb,2014,7,12:00:00 AM,,,,,9:14:00 PM,1:00:00 AM,10:14:00 PM,12:46:30 AM,1:08:00 AM,2:03:30 AM,12:05:00 AM,2:03:30 AM,1:08:00 AM,12:46:30 AM,6:10:00 AM,12:04:00 AM,6:15:00 AM,29100
9991,PANPb,2014,7,12:00:00 AM,,,,,9:07:00 PM,1:00:00 AM,10:07:00 PM,12:45:00 AM,1:04:30 AM,2:15:30 AM,12:04:00 AM,2:15:30 AM,1:04:30 AM,12:45:00 AM,6:17:00 AM,12:04:00 AM,6:21:00 AM,29880
9991,PANPb,2014,8,12:00:00 AM,,,,,9:00:00 PM,1:00:00 AM,10:00:00 PM,12:44:00 AM,1:00:30 AM,1:43:00 AM,1:33:00 AM,1:43:00 AM,1:00:30 AM,12:44:00 AM,6:24:00 AM,12:04:00 AM,6:28:00 AM,30720
9991,PANPb,2014,8,12:00:00 AM,,,,,8:52:00 PM,1:00:00 AM,9:52:00 PM,12:42:00 AM,12:58:30 AM,1:25:30 AM,2:31:00 AM,1:25:30 AM,12:58:30 AM,12:42:00 AM,6:31:00 AM,12:04:00 AM,6:35:00 AM,31620
9991,PANPb,2014,8,12:00:00 AM,,,,,8:43:00 PM,1:00:00 AM,9:43:00 PM,12:41:30 AM,12:55:30 AM,1:15:00 AM,3:15:00 AM,1:15:00 AM,12:55:30 AM,12:41:30 AM,6:38:00 AM,12:04:00 AM,6:42:00 AM,32580
9991,PANPb,2014,8,12:00:00 AM,,,,,8:35:00 PM,1:00:00 AM,9:35:00 PM,12:40:30 AM,12:53:30 AM,1:08:30 AM,3:50:00 AM,1:08:30 AM,12:53:30 AM,12:40:30 AM,6:46:00 AM,12:04:00 AM,6:50:00 AM,33540
9991,PANPb,2014,8,12:00:00 AM,,,,,8:26:00 PM,1:00:00 AM,9:26:00 PM,12:39:30 AM,12:51:30 AM,1:02:30 AM,4:24:00 AM,1:02:30 AM,12:51:30 AM,12:39:30 AM,6:53:00 AM,12:04:00 AM,6:57:00 AM,34500
8245,Schaffer Lake,2014,6,12:00:00 AM,,,,,9:35:00 PM,1:00:00 AM,10:35:00 PM,1:01:30 AM,2:16:30 AM,12:00:00 AM,12:00:00 AM,12:00:00 AM,2:16:30 AM,1:01:30 AM,5:11:00 AM,12:05:00 AM,5:16:00 AM,24060
8245,Schaffer Lake,2014,6,12:00:00 AM,,,,,9:40:00 PM,1:00:00 AM,10:40:00 PM,1:03:00 AM,2:10:30 AM,12:00:00 AM,12:00:00 AM,12:00:00 AM,2:10:30 AM,1:03:00 AM,5:07:00 AM,12:06:00 AM,5:13:00 AM,23580
8245,Schaffer Lake,2014,6,12:00:00 AM,,,,,9:45:00 PM,1:00:00 AM,10:45:00 PM,1:04:30 AM,2:05:00 AM,12:00:00 AM,12:00:00 AM,12:00:00 AM,2:05:00 AM,1:04:30 AM,5:04:00 AM,12:06:00 AM,5:10:00 AM,23100
8245,Schaffer Lake,2014,6,12:00:00 AM,,,,,9:48:00 PM,1:00:00 AM,10:48:00 PM,1:06:00 AM,2:01:30 AM,12:00:00 AM,12:00:00 AM,12:00:00 AM,2:01:30 AM,1:06:00 AM,5:03:00 AM,12:06:00 AM,5:08:00 AM,22860
8245,Schaffer Lake,2014,6,12:00:00 AM,,,,,9:50:00 PM,1:00:00 AM,10:50:00 PM,1:07:00 AM,1:59:00 AM,12:00:00 AM,12:00:00 AM,12:00:00 AM,1:59:00 AM,1:07:00 AM,5:02:00 AM,12:06:00 AM,5:08:00 AM,22680
8245,Schaffer Lake,2014,6,12:00:00 AM,,,,,9:52:00 PM,1:00:00 AM,10:52:00 PM,1:07:00 AM,1:58:30 AM,12:00:00 AM,12:00:00 AM,12:00:00 AM,1:58:30 AM,1:07:00 AM,5:03:00 AM,12:06:00 AM,5:08:00 AM,22620
8245,Schaffer Lake,2014,6,12:00:00 AM,,,,,9:52:00 PM,1:00:00 AM,10:52:00 PM,1:06:30 AM,1:59:30 AM,12:00:00 AM,12:00:00 AM,12:00:00 AM,1:59:30 AM,1:06:30 AM,5:04:00 AM,12:06:00 AM,5:10:00 AM,22680
8245,Schaffer Lake,2014,6,12:00:00 AM,,,,,9:51:00 PM,1:00:00 AM,10:51:00 PM,1:06:00 AM,2:02:00 AM,12:00:00 AM,12:00:00 AM,12:00:00 AM,2:02:00 AM,1:06:00 AM,5:07:00 AM,12:06:00 AM,5:13:00 AM,22920
8245,Schaffer Lake,2014,7,12:00:00 AM,,,,,9:49:00 PM,1:00:00 AM,10:49:00 PM,1:05:00 AM,2:05:30 AM,12:00:00 AM,12:00:00 AM,12:00:00 AM,2:05:30 AM,1:05:00 AM,5:10:00 AM,12:06:00 AM,5:15:00 AM,23220
8245,Schaffer Lake,2014,7,12:00:00 AM,,,,,9:46:00 PM,1:00:00 AM,10:46:00 PM,1:02:30 AM,2:12:00 AM,12:00:00 AM,12:00:00 AM,12:00:00 AM,2:12:00 AM,1:02:30 AM,5:15:00 AM,12:06:00 AM,5:21:00 AM,23700
8245,Schaffer Lake,2014,7,12:00:00 AM,,,,,9:42:00 PM,1:00:00 AM,10:42:00 PM,1:01:00 AM,2:18:30 AM,12:00:00 AM,12:00:00 AM,12:00:00 AM,2:18:30 AM,1:01:00 AM,5:21:00 AM,12:05:00 AM,5:26:00 AM,24240
8245,Schaffer Lake,2014,7,12:00:00 AM,,,,,9:37:00 PM,1:00:00 AM,10:37:00 PM,12:59:00 AM,2:26:00 AM,12:00:00 AM,12:00:00 AM,12:00:00 AM,2:26:00 AM,12:59:00 AM,5:27:00 AM,12:05:00 AM,5:32:00 AM,24900
8245,Schaffer Lake,2014,7,12:00:00 AM,,,,,9:31:00 PM,1:00:00 AM,10:31:00 PM,12:56:30 AM,1:51:30 AM,12:43:00 AM,12:05:00 AM,12:43:00 AM,1:51:30 AM,12:56:30 AM,5:33:00 AM,12:05:00 AM,5:38:00 AM,25920
8245,Schaffer Lake,2014,7,12:00:00 AM,,,,,9:25:00 PM,1:00:00 AM,10:25:00 PM,12:54:00 AM,1:36:00 AM,1:07:30 AM,12:05:00 AM,1:07:30 AM,1:36:00 AM,12:54:00 AM,5:40:00 AM,12:05:00 AM,5:45:00 AM,26700
8245,Schaffer Lake,2014,7,12:00:00 AM,,,,,9:17:00 PM,1:00:00 AM,10:17:00 PM,12:52:30 AM,1:26:00 AM,1:27:00 AM,12:05:00 AM,1:27:00 AM,1:26:00 AM,12:52:30 AM,5:48:00 AM,12:05:00 AM,5:53:00 AM,27660
8245,Schaffer Lake,2014,7,12:00:00 AM,,,,,9:10:00 PM,1:00:00 AM,10:10:00 PM,12:50:30 AM,1:18:00 AM,1:44:30 AM,12:04:00 AM,1:44:30 AM,1:18:00 AM,12:50:30 AM,5:56:00 AM,12:04:00 AM,6:00:00 AM,28440
8245,Schaffer Lake,2014,8,12:00:00 AM,,,,,9:01:00 PM,1:00:00 AM,10:01:00 PM,12:49:00 AM,1:12:00 AM,2:00:30 AM,12:04:00 AM,2:00:30 AM,1:12:00 AM,12:49:00 AM,6:04:00 AM,12:04:00 AM,6:08:00 AM,29460
8245,Schaffer Lake,2014,8,12:00:00 AM,,,,,8:52:00 PM,1:00:00 AM,9:52:00 PM,12:47:30 AM,1:07:00 AM,2:15:30 AM,12:04:00 AM,2:15:30 AM,1:07:00 AM,12:47:30 AM,6:12:00 AM,12:04:00 AM,6:16:00 AM,30480
8245,Schaffer Lake,2014,8,12:00:00 AM,,,,,8:43:00 PM,1:00:00 AM,9:43:00 PM,12:46:00 AM,1:02:30 AM,1:50:30 AM,1:23:00 AM,1:50:30 AM,1:02:30 AM,12:46:00 AM,6:20:00 AM,12:04:00 AM,6:24:00 AM,31500
8245,Schaffer Lake,2014,8,12:00:00 AM,,,,,8:34:00 PM,1:00:00 AM,9:34:00 PM,12:44:00 AM,12:59:30 AM,1:28:30 AM,2:34:00 AM,1:28:30 AM,12:59:30 AM,12:44:00 AM,6:28:00 AM,12:04:00 AM,6:32:00 AM,32520
8245,Schaffer Lake,2014,8,12:00:00 AM,,,,,8:24:00 PM,1:00:00 AM,9:24:00 PM,12:43:00 AM,12:56:30 AM,1:17:00 AM,3:23:00 AM,1:17:00 AM,12:56:30 AM,12:43:00 AM,6:36:00 AM,12:04:00 AM,6:40:00 AM,33600
12122,The Pas,2014,6,12:00:00 AM,,,,,9:02:00 PM,1:00:00 AM,10:02:00 PM,12:50:00 AM,1:20:00 AM,1:30:30 AM,12:04:00 AM,1:30:30 AM,1:20:00 AM,12:50:00 AM,5:23:00 AM,12:04:00 AM,5:27:00 AM,26940
12122,The Pas,2014,6,12:00:00 AM,,,,,9:07:00 PM,1:00:00 AM,10:07:00 PM,12:50:30 AM,1:24:30 AM,1:21:30 AM,12:04:00 AM,1:21:30 AM,1:24:30 AM,12:50:30 AM,5:20:00 AM,12:04:00 AM,5:24:00 AM,26460
12122,The Pas,2014,6,12:00:00 AM,,,,,9:10:00 PM,1:00:00 AM,10:10:00 PM,12:52:00 AM,1:28:30 AM,1:13:30 AM,12:04:00 AM,1:13:30 AM,1:28:30 AM,12:52:00 AM,5:18:00 AM,12:04:00 AM,5:22:00 AM,26160
12122,The Pas,2014,6,12:00:00 AM,,,,,9:13:00 PM,1:00:00 AM,10:13:00 PM,12:52:00 AM,1:31:30 AM,1:08:00 AM,12:05:00 AM,1:08:00 AM,1:31:30 AM,12:52:00 AM,5:16:00 AM,12:05:00 AM,5:21:00 AM,25980
12122,The Pas,2014,6,12:00:00 AM,,,,,9:15:00 PM,1:00:00 AM,10:15:00 PM,12:52:30 AM,1:33:30 AM,1:04:30 AM,12:05:00 AM,1:04:30 AM,1:33:30 AM,12:52:30 AM,5:16:00 AM,12:05:00 AM,5:21:00 AM,25860
12122,The Pas,2014,6,12:00:00 AM,,,,,9:17:00 PM,1:00:00 AM,10:17:00 PM,12:52:30 AM,1:34:00 AM,1:03:30 AM,12:05:00 AM,1:03:30 AM,1:34:00 AM,12:52:30 AM,5:17:00 AM,12:05:00 AM,5:22:00 AM,25800
12122,The Pas,2014,6,12:00:00 AM,,,,,9:17:00 PM,1:00:00 AM,10:17:00 PM,12:52:30 AM,1:33:30 AM,1:05:00 AM,12:04:00 AM,1:05:00 AM,1:33:30 AM,12:52:30 AM,5:18:00 AM,12:05:00 AM,5:23:00 AM,25860
12122,The Pas,2014,6,12:00:00 AM,,,,,9:16:00 PM,1:00:00 AM,10:16:00 PM,12:52:30 AM,1:30:30 AM,1:09:30 AM,12:04:00 AM,1:09:30 AM,1:30:30 AM,12:52:30 AM,5:21:00 AM,12:05:00 AM,5:25:00 AM,26040
12122,The Pas,2014,7,12:00:00 AM,,,,,9:15:00 PM,1:00:00 AM,10:15:00 PM,12:51:30 AM,1:27:00 AM,1:16:00 AM,12:04:00 AM,1:16:00 AM,1:27:00 AM,12:51:30 AM,5:24:00 AM,12:05:00 AM,5:28:00 AM,26280
12122,The Pas,2014,7,12:00:00 AM,,,,,9:13:00 PM,1:00:00 AM,10:13:00 PM,12:50:00 AM,1:23:00 AM,1:24:00 AM,12:05:00 AM,1:24:00 AM,1:23:00 AM,12:50:00 AM,5:27:00 AM,12:05:00 AM,5:32:00 AM,26640
12122,The Pas,2014,7,12:00:00 AM,,,,,9:09:00 PM,1:00:00 AM,10:09:00 PM,12:49:30 AM,1:19:00 AM,1:33:00 AM,12:05:00 AM,1:33:00 AM,1:19:00 AM,12:49:30 AM,5:32:00 AM,12:05:00 AM,5:37:00 AM,27180
12122,The Pas,2014,7,12:00:00 AM,,,,,9:05:00 PM,1:00:00 AM,10:05:00 PM,12:48:30 AM,1:14:30 AM,1:43:00 AM,12:05:00 AM,1:43:00 AM,1:14:30 AM,12:48:30 AM,5:37:00 AM,12:05:00 AM,5:42:00 AM,27720
12122,The Pas,2014,7,12:00:00 AM,,,,,9:01:00 PM,1:00:00 AM,10:01:00 PM,12:47:00 AM,1:10:30 AM,1:53:30 AM,12:04:00 AM,1:53:30 AM,1:10:30 AM,12:47:00 AM,5:43:00 AM,12:04:00 AM,5:47:00 AM,28200
12122,The Pas,2014,7,12:00:00 AM,,,,,8:55:00 PM,1:00:00 AM,9:55:00 PM,12:45:30 AM,1:07:30 AM,2:03:30 AM,12:04:00 AM,2:03:30 AM,1:07:30 AM,12:45:30 AM,5:48:00 AM,12:04:00 AM,5:52:00 AM,28860
12122,The Pas,2014,7,12:00:00 AM,,,,,8:49:00 PM,1:00:00 AM,9:49:00 PM,12:45:00 AM,1:03:30 AM,2:14:30 AM,12:04:00 AM,2:14:30 AM,1:03:30 AM,12:45:00 AM,5:55:00 AM,12:04:00 AM,5:59:00 AM,29640
12122,The Pas,2014,7,12:00:00 AM,,,,,8:43:00 PM,1:00:00 AM,9:43:00 PM,12:43:00 AM,1:00:30 AM,1:44:00 AM,1:27:00 AM,1:44:00 AM,1:00:30 AM,12:43:00 AM,6:01:00 AM,12:04:00 AM,6:05:00 AM,30360
12122,The Pas,2014,8,12:00:00 AM,,,,,8:35:00 PM,1:00:00 AM,9:35:00 PM,12:42:30 AM,12:58:00 AM,1:26:00 AM,2:24:00 AM,1:26:00 AM,12:58:00 AM,12:42:30 AM,6:08:00 AM,12:04:00 AM,6:12:00 AM,31260
12122,The Pas,2014,8,12:00:00 AM,,,,,8:28:00 PM,1:00:00 AM,9:28:00 PM,12:41:00 AM,12:55:30 AM,1:16:00 AM,3:06:00 AM,1:16:00 AM,12:55:30 AM,12:41:00 AM,6:15:00 AM,12:04:00 AM,6:19:00 AM,32100
12122,The Pas,2014,8,12:00:00 AM,,,,,8:20:00 PM,1:00:00 AM,9:20:00 PM,12:40:30 AM,12:52:30 AM,1:09:00 AM,3:42:00 AM,1:09:00 AM,12:52:30 AM,12:40:30 AM,6:22:00 AM,12:04:00 AM,6:26:00 AM,33000
12122,The Pas,2014,8,12:00:00 AM,,,,,8:12:00 PM,1:00:00 AM,9:12:00 PM,12:39:30 AM,12:50:30 AM,1:03:30 AM,4:13:00 AM,1:03:30 AM,12:50:30 AM,12:39:30 AM,6:29:00 AM,12:03:00 AM,6:32:00 AM,33780
12122,The Pas,2014,8,12:00:00 AM,,,,,8:03:00 PM,1:00:00 AM,9:03:00 PM,12:39:00 AM,12:49:00 AM,12:59:30 AM,4:41:00 AM,12:59:30 AM,12:49:00 AM,12:39:00 AM,6:36:00 AM,12:03:00 AM,6:39:00 AM,34740
13577,The Pas,2014,6,12:00:00 AM,,,,,9:06:00 PM,1:00:00 AM,10:06:00 PM,12:51:00 AM,1:27:00 AM,1:18:00 AM,12:05:00 AM,1:18:00 AM,1:27:00 AM,12:51:00 AM,5:18:00 AM,12:05:00 AM,5:23:00 AM,26520
13577,The Pas,2014,6,12:00:00 AM,,,,,9:10:00 PM,1:00:00 AM,10:10:00 PM,12:52:30 AM,1:32:30 AM,1:07:30 AM,12:05:00 AM,1:07:30 AM,1:32:30 AM,12:52:30 AM,5:15:00 AM,12:05:00 AM,5:20:00 AM,26100
13577,The Pas,2014,6,12:00:00 AM,,,,,9:14:00 PM,1:00:00 AM,10:14:00 PM,12:53:00 AM,1:38:30 AM,12:58:00 AM,12:05:00 AM,12:58:00 AM,1:38:30 AM,12:53:00 AM,5:13:00 AM,12:05:00 AM,5:18:00 AM,25740
13577,The Pas,2014,6,12:00:00 AM,,,,,9:17:00 PM,1:00:00 AM,10:17:00 PM,12:54:00 AM,1:43:30 AM,12:50:00 AM,12:05:00 AM,12:50:00 AM,1:43:30 AM,12:54:00 AM,5:12:00 AM,12:05:00 AM,5:17:00 AM,25500
13577,The Pas,2014,6,12:00:00 AM,,,,,9:19:00 PM,1:00:00 AM,10:19:00 PM,12:54:30 AM,1:46:30 AM,12:45:00 AM,12:05:00 AM,12:45:00 AM,1:46:30 AM,12:54:30 AM,5:11:00 AM,12:05:00 AM,5:16:00 AM,25320
13577,The Pas,2014,6,12:00:00 AM,,,,,9:21:00 PM,1:00:00 AM,10:21:00 PM,12:54:30 AM,1:47:30 AM,12:43:30 AM,12:05:00 AM,12:43:30 AM,1:47:30 AM,12:54:30 AM,5:12:00 AM,12:05:00 AM,5:17:00 AM,25260
13577,The Pas,2014,6,12:00:00 AM,,,,,9:21:00 PM,1:00:00 AM,10:21:00 PM,12:54:30 AM,1:46:30 AM,12:45:30 AM,12:05:00 AM,12:45:30 AM,1:46:30 AM,12:54:30 AM,5:14:00 AM,12:05:00 AM,5:19:00 AM,25380
13577,The Pas,2014,6,12:00:00 AM,,,,,9:20:00 PM,1:00:00 AM,10:20:00 PM,12:54:00 AM,1:42:00 AM,12:52:00 AM,12:05:00 AM,12:52:00 AM,1:42:00 AM,12:54:00 AM,5:16:00 AM,12:05:00 AM,5:21:00 AM,25560
13577,The Pas,2014,7,12:00:00 AM,,,,,9:19:00 PM,1:00:00 AM,10:19:00 PM,12:53:00 AM,1:36:30 AM,1:00:30 AM,12:05:00 AM,1:00:30 AM,1:36:30 AM,12:53:00 AM,5:19:00 AM,12:05:00 AM,5:24:00 AM,25800
13577,The Pas,2014,7,12:00:00 AM,,,,,9:16:00 PM,1:00:00 AM,10:16:00 PM,12:52:30 AM,1:30:30 AM,1:10:30 AM,12:05:00 AM,1:10:30 AM,1:30:30 AM,12:52:30 AM,5:23:00 AM,12:05:00 AM,5:28:00 AM,26220
13577,The Pas,2014,7,12:00:00 AM,,,,,9:13:00 PM,1:00:00 AM,10:13:00 PM,12:51:00 AM,1:25:30 AM,1:21:00 AM,12:04:00 AM,1:21:00 AM,1:25:30 AM,12:51:00 AM,5:28:00 AM,12:04:00 AM,5:32:00 AM,26580
13577,The Pas,2014,7,12:00:00 AM,,,,,9:09:00 PM,1:00:00 AM,10:09:00 PM,12:50:00 AM,1:19:30 AM,1:32:30 AM,12:05:00 AM,1:32:30 AM,1:19:30 AM,12:50:00 AM,5:33:00 AM,12:04:00 AM,5:38:00 AM,27180
13577,The Pas,2014,7,12:00:00 AM,,,,,9:04:00 PM,1:00:00 AM,10:04:00 PM,12:49:00 AM,1:14:30 AM,1:44:00 AM,12:04:00 AM,1:44:00 AM,1:14:30 AM,12:49:00 AM,5:39:00 AM,12:04:00 AM,5:43:00 AM,27780
13577,The Pas,2014,7,12:00:00 AM,,,,,8:58:00 PM,1:00:00 AM,9:58:00 PM,12:47:30 AM,1:10:00 AM,1:56:00 AM,12:04:00 AM,1:56:00 AM,1:10:00 AM,12:47:30 AM,5:45:00 AM,12:04:00 AM,5:49:00 AM,28500
13577,The Pas,2014,7,12:00:00 AM,,,,,8:52:00 PM,1:00:00 AM,9:52:00 PM,12:45:30 AM,1:06:30 AM,2:07:30 AM,12:05:00 AM,2:07:30 AM,1:06:30 AM,12:45:30 AM,5:51:00 AM,12:04:00 AM,5:56:00 AM,29280
13577,The Pas,2014,7,12:00:00 AM,,,,,8:45:00 PM,1:00:00 AM,9:45:00 PM,12:44:30 AM,1:03:00 AM,2:19:00 AM,12:04:00 AM,2:19:00 AM,1:03:00 AM,12:44:30 AM,5:58:00 AM,12:04:00 AM,6:02:00 AM,30060
13577,The Pas,2014,8,12:00:00 AM,,,,,8:38:00 PM,1:00:00 AM,9:38:00 PM,12:43:00 AM,1:00:00 AM,1:36:00 AM,1:53:00 AM,1:36:00 AM,1:00:00 AM,12:43:00 AM,6:05:00 AM,12:04:00 AM,6:09:00 AM,30900
13577,The Pas,2014,8,12:00:00 AM,,,,,8:30:00 PM,1:00:00 AM,9:30:00 PM,12:42:00 AM,12:57:30 AM,1:21:30 AM,2:44:00 AM,1:21:30 AM,12:57:30 AM,12:42:00 AM,6:12:00 AM,12:04:00 AM,6:16:00 AM,31800
13577,The Pas,2014,8,12:00:00 AM,,,,,8:22:00 PM,1:00:00 AM,9:22:00 PM,12:41:00 AM,12:54:30 AM,1:13:00 AM,3:24:00 AM,1:13:00 AM,12:54:30 AM,12:41:00 AM,6:19:00 AM,12:04:00 AM,6:23:00 AM,32700
13577,The Pas,2014,8,12:00:00 AM,,,,,8:13:00 PM,1:00:00 AM,9:13:00 PM,12:40:30 AM,12:52:00 AM,1:06:30 AM,3:59:00 AM,1:06:30 AM,12:52:00 AM,12:40:30 AM,6:26:00 AM,12:04:00 AM,6:30:00 AM,33660
13577,The Pas,2014,8,12:00:00 AM,,,,,8:04:00 PM,1:00:00 AM,9:04:00 PM,12:39:30 AM,12:50:00 AM,1:02:00 AM,4:30:00 AM,1:02:00 AM,12:50:00 AM,12:39:30 AM,6:33:00 AM,12:04:00 AM,6:37:00 AM,34620
7698,Tibbitt Lake,2014,6,12:00:00 AM,,,,,10:10:00 PM,1:00:00 AM,11:10:00 PM,2:21:30 AM,12:00:00 AM,12:00:00 AM,12:00:00 AM,12:00:00 AM,12:00:00 AM,2:21:30 AM,3:53:00 AM,12:08:00 AM,4:01:00 AM,17460
7698,Tibbitt Lake,2014,6,12:00:00 AM,,,,,10:19:00 PM,1:00:00 AM,11:19:00 PM,2:13:30 AM,12:00:00 AM,12:00:00 AM,12:00:00 AM,12:00:00 AM,12:00:00 AM,2:13:30 AM,3:46:00 AM,12:09:00 AM,3:55:00 AM,16560
7698,Tibbitt Lake,2014,6,12:00:00 AM,,,,,10:26:00 PM,1:00:00 AM,11:26:00 PM,2:07:30 AM,12:00:00 AM,12:00:00 AM,12:00:00 AM,12:00:00 AM,12:00:00 AM,2:07:30 AM,3:41:00 AM,12:09:00 AM,3:50:00 AM,15840
7698,Tibbitt Lake,2014,6,12:00:00 AM,,,,,10:31:00 PM,1:00:00 AM,11:31:00 PM,2:03:00 AM,12:00:00 AM,12:00:00 AM,12:00:00 AM,12:00:00 AM,12:00:00 AM,2:03:00 AM,3:37:00 AM,12:10:00 AM,3:47:00 AM,15360
7698,Tibbitt Lake,2014,6,12:00:00 AM,,,,,10:35:00 PM,1:00:00 AM,11:35:00 PM,2:00:00 AM,12:00:00 AM,12:00:00 AM,12:00:00 AM,12:00:00 AM,12:00:00 AM,2:00:00 AM,3:35:00 AM,12:10:00 AM,3:45:00 AM,15000
7698,Tibbitt Lake,2014,6,12:00:00 AM,,,,,10:37:00 PM,1:00:00 AM,11:37:00 PM,1:59:30 AM,12:00:00 AM,12:00:00 AM,12:00:00 AM,12:00:00 AM,12:00:00 AM,1:59:30 AM,3:36:00 AM,12:10:00 AM,3:45:00 AM,14940
7698,Tibbitt Lake,2014,6,12:00:00 AM,,,,,10:37:00 PM,1:00:00 AM,11:37:00 PM,2:00:30 AM,12:00:00 AM,12:00:00 AM,12:00:00 AM,12:00:00 AM,12:00:00 AM,2:00:30 AM,3:38:00 AM,12:10:00 AM,3:48:00 AM,15060
7698,Tibbitt Lake,2014,6,12:00:00 AM,,,,,10:34:00 PM,1:00:00 AM,11:34:00 PM,2:04:00 AM,12:00:00 AM,12:00:00 AM,12:00:00 AM,12:00:00 AM,12:00:00 AM,2:04:00 AM,3:42:00 AM,12:10:00 AM,3:52:00 AM,15480
7698,Tibbitt Lake,2014,7,12:00:00 AM,,,,,10:30:00 PM,1:00:00 AM,11:30:00 PM,2:09:00 AM,12:00:00 AM,12:00:00 AM,12:00:00 AM,12:00:00 AM,12:00:00 AM,2:09:00 AM,3:48:00 AM,12:09:00 AM,3:57:00 AM,16020
7698,Tibbitt Lake,2014,7,12:00:00 AM,,,,,10:35:00 PM,1:00:00 AM,11:35:00 PM,2:15:30 AM,12:00:00 AM,12:00:00 AM,12:00:00 AM,12:00:00 AM,12:00:00 AM,2:15:30 AM,3:56:00 AM,12:09:00 AM,4:04:00 AM,16800
7698,Tibbitt Lake,2014,7,12:00:00 AM,,,,,10:17:00 PM,1:00:00 AM,11:17:00 PM,2:23:30 AM,12:00:00 AM,12:00:00 AM,12:00:00 AM,12:00:00 AM,12:00:00 AM,2:23:30 AM,4:04:00 AM,12:09:00 AM,4:13:00 AM,17760
7698,Tibbitt Lake,2014,7,12:00:00 AM,,,,,10:09:00 PM,1:00:00 AM,11:09:00 PM,2:16:00 AM,12:16:30 AM,12:00:00 AM,12:00:00 AM,12:00:00 AM,12:16:30 AM,2:16:00 AM,4:14:00 AM,12:08:00 AM,4:22:00 AM,18780
7698,Tibbitt Lake,2014,7,12:00:00 AM,,,,,10:00:00 PM,1:00:00 AM,11:00:00 PM,1:44:00 AM,12:58:00 AM,12:00:00 AM,12:00:00 AM,12:00:00 AM,12:58:00 AM,1:44:00 AM,4:24:00 AM,12:07:00 AM,4:31:00 AM,19860
7698,Tibbitt Lake,2014,7,12:00:00 AM,,,,,9:49:00 PM,1:00:00 AM,10:49:00 PM,1:31:30 AM,1:21:30 AM,12:00:00 AM,12:00:00 AM,12:00:00 AM,1:21:30 AM,1:31:30 AM,4:35:00 AM,12:07:00 AM,4:42:00 AM,21180
7698,Tibbitt Lake,2014,7,12:00:00 AM,,,,,9:39:00 PM,1:00:00 AM,10:39:00 PM,1:21:30 AM,1:42:00 AM,12:00:00 AM,12:00:00 AM,12:00:00 AM,1:42:00 AM,1:21:30 AM,4:46:00 AM,12:06:00 AM,4:52:00 AM,22380
7698,Tibbitt Lake,2014,7,12:00:00 AM,,,,,9:27:00 PM,1:00:00 AM,10:27:00 PM,1:15:00 AM,2:00:00 AM,12:00:00 AM,12:00:00 AM,12:00:00 AM,2:00:00 AM,1:15:00 AM,4:57:00 AM,12:06:00 AM,5:03:00 AM,23760
7698,Tibbitt Lake,2014,8,12:00:00 AM,,,,,9:16:00 PM,1:00:00 AM,10:16:00 PM,1:08:30 AM,2:17:30 AM,12:00:00 AM,12:00:00 AM,12:00:00 AM,2:17:30 AM,1:08:30 AM,5:08:00 AM,12:06:00 AM,5:14:00 AM,25080
7698,Tibbitt Lake,2014,8,12:00:00 AM,,,,,9:04:00 PM,1:00:00 AM,10:04:00 PM,1:03:30 AM,2:34:00 AM,12:00:00 AM,12:00:00 AM,12:00:00 AM,2:34:00 AM,1:03:30 AM,5:19:00 AM,12:06:00 AM,5:25:00 AM,26460
7698,Tibbitt Lake,2014,8,12:00:00 AM,,,,,8:51:00 PM,1:00:00 AM,9:51:00 PM,1:01:00 AM,1:54:00 AM,12:55:00 AM,12:05:00 AM,12:55:00 AM,1:54:00 AM,1:01:00 AM,5:31:00 AM,12:05:00 AM,5:36:00 AM,28200
7698,Tibbitt Lake,2014,8,12:00:00 AM,,,,,8:39:00 PM,1:00:00 AM,9:39:00 PM,12:57:00 AM,1:35:00 AM,1:29:30 AM,12:05:00 AM,1:29:30 AM,1:35:00 AM,12:57:00 AM,5:42:00 AM,12:05:00 AM,5:47:00 AM,29580
7698,Tibbitt Lake,2014,8,12:00:00 AM,,,,,8:26:00 PM,1:00:00 AM,9:26:00 PM,12:55:00 AM,1:23:30 AM,1:55:00 AM,12:05:00 AM,1:55:00 AM,1:23:30 AM,12:55:00 AM,5:53:00 AM,12:05:00 AM,5:58:00 AM,31020
13523,Tibbitt Lake,2014,6,12:00:00 AM,,,,,10:11:00 PM,1:00:00 AM,11:11:00 PM,2:20:30 AM,12:00:00 AM,12:00:00 AM,12:00:00 AM,12:00:00 AM,12:00:00 AM,2:20:30 AM,3:52:00 AM,12:08:00 AM,4:00:00 AM,17340
13523,Tibbitt Lake,2014,6,12:00:00 AM,,,,,10:19:00 PM,1:00:00 AM,11:19:00 PM,2:13:00 AM,12:00:00 AM,12:00:00 AM,12:00:00 AM,12:00:00 AM,12:00:00 AM,2:13:00 AM,3:45:00 AM,12:09:00 AM,3:54:00 AM,16500
13523,Tibbitt Lake,2014,6,12:00:00 AM,,,,,10:26:00 PM,1:00:00 AM,11:26:00 PM,2:07:00 AM,12:00:00 AM,12:00:00 AM,12:00:00 AM,12:00:00 AM,12:00:00 AM,2:07:00 AM,3:40:00 AM,12:09:00 AM,3:49:00 AM,15780
13523,Tibbitt Lake,2014,6,12:00:00 AM,,,,,10:32:00 PM,1:00:00 AM,11:32:00 PM,2:02:00 AM,12:00:00 AM,12:00:00 AM,12:00:00 AM,12:00:00 AM,12:00:00 AM,2:02:00 AM,3:36:00 AM,12:10:00 AM,3:46:00 AM,15240
13523,Tibbitt Lake,2014,6,12:00:00 AM,,,,,10:36:00 PM,1:00:00 AM,11:36:00 PM,1:59:30 AM,12:00:00 AM,12:00:00 AM,12:00:00 AM,12:00:00 AM,12:00:00 AM,1:59:30 AM,3:35:00 AM,12:10:00 AM,3:44:00 AM,14940
13523,Tibbitt Lake,2014,6,12:00:00 AM,,,,,10:37:00 PM,1:00:00 AM,11:37:00 PM,1:59:00 AM,12:00:00 AM,12:00:00 AM,12:00:00 AM,12:00:00 AM,12:00:00 AM,1:59:00 AM,3:35:00 AM,12:10:00 AM,3:45:00 AM,14880
13523,Tibbitt Lake,2014,6,12:00:00 AM,,,,,10:37:00 PM,1:00:00 AM,11:37:00 PM,2:00:00 AM,12:00:00 AM,12:00:00 AM,12:00:00 AM,12:00:00 AM,12:00:00 AM,2:00:00 AM,3:37:00 AM,12:10:00 AM,3:47:00 AM,15000
13523,Tibbitt Lake,2014,6,12:00:00 AM,,,,,10:35:00 PM,1:00:00 AM,11:35:00 PM,2:03:30 AM,12:00:00 AM,12:00:00 AM,12:00:00 AM,12:00:00 AM,12:00:00 AM,2:03:30 AM,3:42:00 AM,12:09:00 AM,3:51:00 AM,15360
13523,Tibbitt Lake,2014,7,12:00:00 AM,,,,,10:31:00 PM,1:00:00 AM,11:31:00 PM,2:08:30 AM,12:00:00 AM,12:00:00 AM,12:00:00 AM,12:00:00 AM,12:00:00 AM,2:08:30 AM,3:48:00 AM,12:09:00 AM,3:57:00 AM,15960
13523,Tibbitt Lake,2014,7,12:00:00 AM,,,,,10:25:00 PM,1:00:00 AM,11:25:00 PM,2:15:00 AM,12:00:00 AM,12:00:00 AM,12:00:00 AM,12:00:00 AM,12:00:00 AM,2:15:00 AM,3:55:00 AM,12:09:00 AM,4:04:00 AM,16740
13523,Tibbitt Lake,2014,7,12:00:00 AM,,,,,10:18:00 PM,1:00:00 AM,11:18:00 PM,2:23:00 AM,12:00:00 AM,12:00:00 AM,12:00:00 AM,12:00:00 AM,12:00:00 AM,2:23:00 AM,4:04:00 AM,12:08:00 AM,4:12:00 AM,17640
13523,Tibbitt Lake,2014,7,12:00:00 AM,,,,,10:09:00 PM,1:00:00 AM,11:09:00 PM,2:32:00 AM,12:00:00 AM,12:00:00 AM,12:00:00 AM,12:00:00 AM,12:00:00 AM,2:32:00 AM,4:13:00 AM,12:08:00 AM,4:21:00 AM,18720
13523,Tibbitt Lake,2014,7,12:00:00 AM,,,,,10:00:00 PM,1:00:00 AM,11:00:00 PM,1:45:00 AM,12:56:30 AM,12:00:00 AM,12:00:00 AM,12:00:00 AM,12:56:30 AM,1:45:00 AM,4:23:00 AM,12:08:00 AM,4:31:00 AM,19860
13523,Tibbitt Lake,2014,7,12:00:00 AM,,,,,9:50:00 PM,1:00:00 AM,10:50:00 PM,1:31:00 AM,1:21:00 AM,12:00:00 AM,12:00:00 AM,12:00:00 AM,1:21:00 AM,1:31:00 AM,4:34:00 AM,12:07:00 AM,4:41:00 AM,21060
13523,Tibbitt Lake,2014,7,12:00:00 AM,,,,,9:39:00 PM,1:00:00 AM,10:39:00 PM,1:22:00 AM,1:41:00 AM,12:00:00 AM,12:00:00 AM,12:00:00 AM,1:41:00 AM,1:22:00 AM,4:45:00 AM,12:07:00 AM,4:52:00 AM,22380
13523,Tibbitt Lake,2014,7,12:00:00 AM,,,,,9:28:00 PM,1:00:00 AM,10:28:00 PM,1:14:30 AM,1:59:30 AM,12:00:00 AM,12:00:00 AM,12:00:00 AM,1:59:30 AM,1:14:30 AM,4:56:00 AM,12:07:00 AM,5:03:00 AM,23700
13523,Tibbitt Lake,2014,8,12:00:00 AM,,,,,9:16:00 PM,1:00:00 AM,10:16:00 PM,1:09:00 AM,2:17:00 AM,12:00:00 AM,12:00:00 AM,12:00:00 AM,2:17:00 AM,1:09:00 AM,5:08:00 AM,12:06:00 AM,5:14:00 AM,25080
13523,Tibbitt Lake,2014,8,12:00:00 AM,,,,,9:04:00 PM,1:00:00 AM,10:04:00 PM,1:04:30 AM,2:33:00 AM,12:00:00 AM,12:00:00 AM,12:00:00 AM,2:33:00 AM,1:04:30 AM,5:19:00 AM,12:06:00 AM,5:25:00 AM,26460
13523,Tibbitt Lake,2014,8,12:00:00 AM,,,,,8:51:00 PM,1:00:00 AM,9:51:00 PM,1:00:30 AM,1:55:00 AM,12:54:00 AM,12:06:00 AM,12:54:00 AM,1:55:00 AM,1:00:30 AM,5:30:00 AM,12:06:00 AM,5:36:00 AM,28260
13523,Tibbitt Lake,2014,8,12:00:00 AM,,,,,8:39:00 PM,1:00:00 AM,9:39:00 PM,12:57:30 AM,1:34:30 AM,1:29:00 AM,12:06:00 AM,1:29:00 AM,1:34:30 AM,12:57:30 AM,5:41:00 AM,12:06:00 AM,5:47:00 AM,29640
13523,Tibbitt Lake,2014,8,12:00:00 AM,,,,,8:36:00 PM,1:00:00 AM,9:36:00 PM,12:50:00 AM,1:24:00 AM,1:54:30 AM,12:05:00 AM,1:54:30 AM,1:24:00 AM,12:50:00 AM,5:53:00 AM,12:05:00 AM,5:58:00 AM,30420
7720,Timmins,2014,6,12:00:00 AM,,,,,8:19:00 PM,1:00:00 AM,9:19:00 PM,12:40:30 AM,12:55:00 AM,1:23:00 AM,2:18:00 AM,1:23:00 AM,12:55:00 AM,12:40:30 AM,5:30:00 AM,12:04:00 AM,5:34:00 AM,29940
7720,Timmins,2014,6,12:00:00 AM,,,,,8:23:00 PM,1:00:00 AM,9:23:00 PM,12:41:00 AM,12:56:00 AM,1:29:00 AM,1:57:00 AM,1:29:00 AM,12:56:00 AM,12:41:00 AM,5:28:00 AM,12:04:00 AM,5:32:00 AM,29580
7720,Timmins,2014,6,12:00:00 AM,,,,,8:26:00 PM,1:00:00 AM,9:26:00 PM,12:41:30 AM,12:57:00 AM,1:35:30 AM,1:37:00 AM,1:35:30 AM,12:57:00 AM,12:41:30 AM,5:27:00 AM,12:04:00 AM,5:31:00 AM,29340
7720,Timmins,2014,6,12:00:00 AM,,,,,8:29:00 PM,1:00:00 AM,9:29:00 PM,12:41:30 AM,12:58:00 AM,1:41:30 AM,1:19:00 AM,1:41:30 AM,12:58:00 AM,12:41:30 AM,5:26:00 AM,12:04:00 AM,5:30:00 AM,29100
7720,Timmins,2014,6,12:00:00 AM,,,,,8:30:00 PM,1:00:00 AM,9:30:00 PM,12:42:00 AM,12:58:00 AM,1:46:30 AM,1:07:00 AM,1:46:30 AM,12:58:00 AM,12:42:00 AM,5:26:00 AM,12:04:00 AM,5:30:00 AM,29040
7720,Timmins,2014,6,12:00:00 AM,,,,,8:31:00 PM,1:00:00 AM,9:31:00 PM,12:42:00 AM,12:59:00 AM,1:48:00 AM,1:02:00 AM,1:48:00 AM,12:59:00 AM,12:42:00 AM,5:27:00 AM,12:04:00 AM,5:31:00 AM,29040
7720,Timmins,2014,6,12:00:00 AM,,,,,8:32:00 PM,1:00:00 AM,9:32:00 PM,12:42:00 AM,12:58:00 AM,1:45:30 AM,1:09:00 AM,1:45:30 AM,12:58:00 AM,12:42:00 AM,5:28:00 AM,12:04:00 AM,5:32:00 AM,29040
7720,Timmins,2014,6,12:00:00 AM,,,,,8:32:00 PM,1:00:00 AM,9:32:00 PM,12:41:30 AM,12:57:30 AM,1:40:30 AM,1:23:00 AM,1:40:30 AM,12:57:30 AM,12:41:30 AM,5:30:00 AM,12:04:00 AM,5:34:00 AM,29160
7720,Timmins,2014,7,12:00:00 AM,,,,,8:31:00 PM,1:00:00 AM,9:31:00 PM,12:41:00 AM,12:57:00 AM,1:34:00 AM,1:41:00 AM,1:34:00 AM,12:57:00 AM,12:41:00 AM,5:32:00 AM,12:04:00 AM,5:36:00 AM,29340
7720,Timmins,2014,7,12:00:00 AM,,,,,8:29:00 PM,1:00:00 AM,9:29:00 PM,12:40:30 AM,12:56:00 AM,1:27:30 AM,2:02:00 AM,1:27:30 AM,12:56:00 AM,12:40:30 AM,5:35:00 AM,12:04:00 AM,5:39:00 AM,29640
7720,Timmins,2014,7,12:00:00 AM,,,,,8:27:00 PM,1:00:00 AM,9:27:00 PM,12:40:00 AM,12:55:00 AM,1:21:00 AM,2:24:00 AM,1:21:00 AM,12:55:00 AM,12:40:00 AM,5:39:00 AM,12:04:00 AM,5:43:00 AM,30000
7720,Timmins,2014,7,12:00:00 AM,,,,,8:24:00 PM,1:00:00 AM,9:24:00 PM,12:39:00 AM,12:54:00 AM,1:15:30 AM,2:46:00 AM,1:15:30 AM,12:54:00 AM,12:39:00 AM,5:43:00 AM,12:04:00 AM,5:47:00 AM,30420
7720,Timmins,2014,7,12:00:00 AM,,,,,8:20:00 PM,1:00:00 AM,9:20:00 PM,12:39:00 AM,12:52:00 AM,1:10:30 AM,3:08:00 AM,1:10:30 AM,12:52:00 AM,12:39:00 AM,5:48:00 AM,12:04:00 AM,5:51:00 AM,30900
7720,Timmins,2014,7,12:00:00 AM,,,,,8:16:00 PM,1:00:00 AM,9:16:00 PM,12:38:00 AM,12:50:30 AM,1:06:30 AM,3:30:00 AM,1:06:30 AM,12:50:30 AM,12:38:00 AM,5:52:00 AM,12:04:00 AM,5:56:00 AM,31440
7720,Timmins,2014,7,12:00:00 AM,,,,,8:11:00 PM,1:00:00 AM,9:11:00 PM,12:37:30 AM,12:49:00 AM,1:02:30 AM,3:52:00 AM,1:02:30 AM,12:49:00 AM,12:37:30 AM,5:57:00 AM,12:04:00 AM,6:01:00 AM,32040
7720,Timmins,2014,7,12:00:00 AM,,,,,8:06:00 PM,1:00:00 AM,9:06:00 PM,12:36:30 AM,12:47:30 AM,12:59:00 AM,4:14:00 AM,12:59:00 AM,12:47:30 AM,12:36:30 AM,6:02:00 AM,12:04:00 AM,6:06:00 AM,32640
7720,Timmins,2014,8,12:00:00 AM,,,,,8:00:00 PM,1:00:00 AM,9:00:00 PM,12:36:00 AM,12:46:30 AM,12:56:00 AM,4:34:00 AM,12:56:00 AM,12:46:30 AM,12:36:00 AM,6:08:00 AM,12:04:00 AM,6:11:00 AM,33300
7720,Timmins,2014,8,12:00:00 AM,,,,,7:54:00 PM,1:00:00 AM,8:54:00 PM,12:35:00 AM,12:45:00 AM,12:53:30 AM,4:56:00 AM,12:53:30 AM,12:45:00 AM,12:35:00 AM,6:13:00 AM,12:04:00 AM,6:17:00 AM,34020
7720,Timmins,2014,8,12:00:00 AM,,,,,7:47:00 PM,1:00:00 AM,8:47:00 PM,12:35:00 AM,12:44:00 AM,12:50:30 AM,5:16:00 AM,12:50:30 AM,12:44:00 AM,12:35:00 AM,6:19:00 AM,12:04:00 AM,6:22:00 AM,34740
7720,Timmins,2014,8,12:00:00 AM,,,,,7:40:00 PM,1:00:00 AM,8:40:00 PM,12:34:30 AM,12:42:30 AM,12:48:30 AM,5:37:00 AM,12:48:30 AM,12:42:30 AM,12:34:30 AM,6:24:00 AM,12:04:00 AM,6:28:00 AM,35520
7720,Timmins,2014,8,12:00:00 AM,,,,,7:33:00 PM,1:00:00 AM,8:33:00 PM,12:34:00 AM,12:41:30 AM,12:46:30 AM,5:56:00 AM,12:46:30 AM,12:41:30 AM,12:34:00 AM,6:30:00 AM,12:04:00 AM,6:33:00 AM,36240
13525,Timmins,2014,6,12:00:00 AM,,,,,8:19:00 PM,1:00:00 AM,9:19:00 PM,12:40:30 AM,12:55:00 AM,1:23:00 AM,2:18:00 AM,1:23:00 AM,12:55:00 AM,12:40:30 AM,5:30:00 AM,12:04:00 AM,5:34:00 AM,29940
13525,Timmins,2014,6,12:00:00 AM,,,,,8:23:00 PM,1:00:00 AM,9:23:00 PM,12:41:00 AM,12:56:00 AM,1:29:00 AM,1:57:00 AM,1:29:00 AM,12:56:00 AM,12:41:00 AM,5:28:00 AM,12:04:00 AM,5:32:00 AM,29580
13525,Timmins,2014,6,12:00:00 AM,,,,,8:26:00 PM,1:00:00 AM,9:26:00 PM,12:41:30 AM,12:57:00 AM,1:35:30 AM,1:37:00 AM,1:35:30 AM,12:57:00 AM,12:41:30 AM,5:27:00 AM,12:04:00 AM,5:31:00 AM,29340
13525,Timmins,2014,6,12:00:00 AM,,,,,8:29:00 PM,1:00:00 AM,9:29:00 PM,12:41:30 AM,12:58:00 AM,1:41:30 AM,1:19:00 AM,1:41:30 AM,12:58:00 AM,12:41:30 AM,5:26:00 AM,12:04:00 AM,5:30:00 AM,29100
13525,Timmins,2014,6,12:00:00 AM,,,,,8:30:00 PM,1:00:00 AM,9:30:00 PM,12:42:00 AM,12:58:00 AM,1:46:30 AM,1:07:00 AM,1:46:30 AM,12:58:00 AM,12:42:00 AM,5:26:00 AM,12:04:00 AM,5:30:00 AM,29040
13525,Timmins,2014,6,12:00:00 AM,,,,,8:31:00 PM,1:00:00 AM,9:31:00 PM,12:42:00 AM,12:59:00 AM,1:47:30 AM,1:03:00 AM,1:47:30 AM,12:59:00 AM,12:42:00 AM,5:27:00 AM,12:04:00 AM,5:31:00 AM,29040
13525,Timmins,2014,6,12:00:00 AM,,,,,8:32:00 PM,1:00:00 AM,9:32:00 PM,12:42:00 AM,12:58:00 AM,1:45:30 AM,1:09:00 AM,1:45:30 AM,12:58:00 AM,12:42:00 AM,5:28:00 AM,12:04:00 AM,5:32:00 AM,29040
13525,Timmins,2014,6,12:00:00 AM,,,,,8:32:00 PM,1:00:00 AM,9:32:00 PM,12:41:30 AM,12:57:30 AM,1:40:30 AM,1:23:00 AM,1:40:30 AM,12:57:30 AM,12:41:30 AM,5:30:00 AM,12:04:00 AM,5:34:00 AM,29160
13525,Timmins,2014,7,12:00:00 AM,,,,,8:31:00 PM,1:00:00 AM,9:31:00 PM,12:41:00 AM,12:57:00 AM,1:34:00 AM,1:41:00 AM,1:34:00 AM,12:57:00 AM,12:41:00 AM,5:32:00 AM,12:04:00 AM,5:36:00 AM,29340
13525,Timmins,2014,7,12:00:00 AM,,,,,8:29:00 PM,1:00:00 AM,9:29:00 PM,12:41:00 AM,12:56:00 AM,1:27:30 AM,2:01:00 AM,1:27:30 AM,12:56:00 AM,12:41:00 AM,5:36:00 AM,12:04:00 AM,5:39:00 AM,29640
13525,Timmins,2014,7,12:00:00 AM,,,,,8:27:00 PM,1:00:00 AM,9:27:00 PM,12:40:00 AM,12:55:00 AM,1:21:00 AM,2:24:00 AM,1:21:00 AM,12:55:00 AM,12:40:00 AM,5:39:00 AM,12:04:00 AM,5:43:00 AM,30000
13525,Timmins,2014,7,12:00:00 AM,,,,,8:24:00 PM,1:00:00 AM,9:24:00 PM,12:39:00 AM,12:53:30 AM,1:16:00 AM,2:46:00 AM,1:16:00 AM,12:53:30 AM,12:39:00 AM,5:43:00 AM,12:04:00 AM,5:47:00 AM,30420
13525,Timmins,2014,7,12:00:00 AM,,,,,8:20:00 PM,1:00:00 AM,9:20:00 PM,12:38:30 AM,12:52:00 AM,1:11:00 AM,3:08:00 AM,1:11:00 AM,12:52:00 AM,12:38:30 AM,5:47:00 AM,12:04:00 AM,5:51:00 AM,30900
13525,Timmins,2014,7,12:00:00 AM,,,,,8:16:00 PM,1:00:00 AM,9:16:00 PM,12:38:00 AM,12:50:30 AM,1:06:30 AM,3:30:00 AM,1:06:30 AM,12:50:30 AM,12:38:00 AM,5:52:00 AM,12:04:00 AM,5:56:00 AM,31440
13525,Timmins,2014,7,12:00:00 AM,,,,,8:11:00 PM,1:00:00 AM,9:11:00 PM,12:37:30 AM,12:49:00 AM,1:02:30 AM,3:52:00 AM,1:02:30 AM,12:49:00 AM,12:37:30 AM,5:57:00 AM,12:04:00 AM,6:01:00 AM,32040
13525,Timmins,2014,7,12:00:00 AM,,,,,8:06:00 PM,1:00:00 AM,9:06:00 PM,12:36:30 AM,12:47:30 AM,12:59:00 AM,4:14:00 AM,12:59:00 AM,12:47:30 AM,12:36:30 AM,6:02:00 AM,12:04:00 AM,6:06:00 AM,32640
13525,Timmins,2014,8,12:00:00 AM,,,,,8:00:00 PM,1:00:00 AM,9:00:00 PM,12:36:00 AM,12:46:30 AM,12:56:00 AM,4:34:00 AM,12:56:00 AM,12:46:30 AM,12:36:00 AM,6:08:00 AM,12:04:00 AM,6:11:00 AM,33300
13525,Timmins,2014,8,12:00:00 AM,,,,,7:54:00 PM,1:00:00 AM,8:54:00 PM,12:35:00 AM,12:45:00 AM,12:53:30 AM,4:56:00 AM,12:53:30 AM,12:45:00 AM,12:35:00 AM,6:13:00 AM,12:04:00 AM,6:17:00 AM,34020
13525,Timmins,2014,8,12:00:00 AM,,,,,7:47:00 PM,1:00:00 AM,8:47:00 PM,12:35:00 AM,12:44:00 AM,12:50:30 AM,5:16:00 AM,12:50:30 AM,12:44:00 AM,12:35:00 AM,6:19:00 AM,12:04:00 AM,6:22:00 AM,34740
13525,Timmins,2014,8,12:00:00 AM,,,,,7:40:00 PM,1:00:00 AM,8:40:00 PM,12:34:30 AM,12:42:00 AM,12:49:00 AM,5:37:00 AM,12:49:00 AM,12:42:00 AM,12:34:30 AM,6:24:00 AM,12:04:00 AM,6:28:00 AM,35520
13525,Timmins,2014,8,12:00:00 AM,,,,,7:33:00 PM,1:00:00 AM,8:33:00 PM,12:34:00 AM,12:41:30 AM,12:46:30 AM,5:56:00 AM,12:46:30 AM,12:41:30 AM,12:34:00 AM,6:30:00 AM,12:04:00 AM,6:33:00 AM,36240
12121,Wanless,2014,6,12:00:00 AM,,,,,9:08:00 PM,1:00:00 AM,10:08:00 PM,12:52:00 AM,1:30:00 AM,1:13:00 AM,12:05:00 AM,1:13:00 AM,1:30:00 AM,12:52:00 AM,5:18:00 AM,12:05:00 AM,5:23:00 AM,26400
12121,Wanless,2014,6,12:00:00 AM,,,,,9:13:00 PM,1:00:00 AM,10:13:00 PM,12:53:00 AM,1:36:30 AM,1:01:30 AM,12:05:00 AM,1:01:30 AM,1:36:30 AM,12:53:00 AM,5:15:00 AM,12:05:00 AM,5:20:00 AM,25920
12121,Wanless,2014,6,12:00:00 AM,,,,,9:17:00 PM,1:00:00 AM,10:17:00 PM,12:54:30 AM,1:43:00 AM,12:50:30 AM,12:05:00 AM,12:50:30 AM,1:43:00 AM,12:54:30 AM,5:13:00 AM,12:05:00 AM,5:18:00 AM,25560
12121,Wanless,2014,6,12:00:00 AM,,,,,9:20:00 PM,1:00:00 AM,10:20:00 PM,12:55:00 AM,1:49:30 AM,12:41:00 AM,12:05:00 AM,12:41:00 AM,1:49:30 AM,12:55:00 AM,5:11:00 AM,12:05:00 AM,5:16:00 AM,25260
12121,Wanless,2014,6,12:00:00 AM,,,,,9:22:00 PM,1:00:00 AM,10:22:00 PM,12:55:00 AM,1:54:30 AM,12:35:00 AM,12:05:00 AM,12:35:00 AM,1:54:30 AM,12:55:00 AM,5:11:00 AM,12:05:00 AM,5:16:00 AM,25140
12121,Wanless,2014,6,12:00:00 AM,,,,,9:23:00 PM,1:00:00 AM,10:23:00 PM,12:56:00 AM,1:56:00 AM,12:32:30 AM,12:05:00 AM,12:32:30 AM,1:56:00 AM,12:56:00 AM,5:12:00 AM,12:05:00 AM,5:17:00 AM,25140
12121,Wanless,2014,6,12:00:00 AM,,,,,9:24:00 PM,1:00:00 AM,10:24:00 PM,12:55:00 AM,1:53:30 AM,12:36:00 AM,12:05:00 AM,12:36:00 AM,1:53:30 AM,12:55:00 AM,5:13:00 AM,12:05:00 AM,5:18:00 AM,25140
12121,Wanless,2014,6,12:00:00 AM,,,,,9:23:00 PM,1:00:00 AM,10:23:00 PM,12:55:00 AM,1:47:30 AM,12:44:00 AM,12:05:00 AM,12:44:00 AM,1:47:30 AM,12:55:00 AM,5:16:00 AM,12:05:00 AM,5:21:00 AM,25380
12121,Wanless,2014,7,12:00:00 AM,,,,,9:21:00 PM,1:00:00 AM,10:21:00 PM,12:54:30 AM,1:41:00 AM,12:53:30 AM,12:05:00 AM,12:53:30 AM,1:41:00 AM,12:54:30 AM,5:19:00 AM,12:05:00 AM,5:24:00 AM,25680
12121,Wanless,2014,7,12:00:00 AM,,,,,9:19:00 PM,1:00:00 AM,10:19:00 PM,12:53:00 AM,1:34:00 AM,1:05:00 AM,12:05:00 AM,1:05:00 AM,1:34:00 AM,12:53:00 AM,5:23:00 AM,12:05:00 AM,5:28:00 AM,26040
12121,Wanless,2014,7,12:00:00 AM,,,,,9:16:00 PM,1:00:00 AM,10:16:00 PM,12:51:30 AM,1:28:00 AM,1:16:30 AM,12:04:00 AM,1:16:30 AM,1:28:00 AM,12:51:30 AM,5:28:00 AM,12:04:00 AM,5:32:00 AM,26400
12121,Wanless,2014,7,12:00:00 AM,,,,,9:11:00 PM,1:00:00 AM,10:11:00 PM,12:50:30 AM,1:22:30 AM,1:28:00 AM,12:05:00 AM,1:28:00 AM,1:22:30 AM,12:50:30 AM,5:33:00 AM,12:04:00 AM,5:38:00 AM,27060
12121,Wanless,2014,7,12:00:00 AM,,,,,9:06:00 PM,1:00:00 AM,10:06:00 PM,12:49:30 AM,1:16:30 AM,1:40:30 AM,12:04:00 AM,1:40:30 AM,1:16:30 AM,12:49:30 AM,5:39:00 AM,12:04:00 AM,5:43:00 AM,27660
12121,Wanless,2014,7,12:00:00 AM,,,,,9:01:00 PM,1:00:00 AM,10:01:00 PM,12:48:00 AM,1:11:30 AM,1:52:30 AM,12:04:00 AM,1:52:30 AM,1:11:30 AM,12:48:00 AM,5:45:00 AM,12:04:00 AM,5:49:00 AM,28320
12121,Wanless,2014,7,12:00:00 AM,,,,,8:54:00 PM,1:00:00 AM,9:54:00 PM,12:46:30 AM,1:07:30 AM,2:04:30 AM,12:05:00 AM,2:04:30 AM,1:07:30 AM,12:46:30 AM,5:51:00 AM,12:04:00 AM,5:56:00 AM,29160
12121,Wanless,2014,7,12:00:00 AM,,,,,8:47:00 PM,1:00:00 AM,9:47:00 PM,12:45:30 AM,1:03:30 AM,2:16:30 AM,12:04:00 AM,2:16:30 AM,1:03:30 AM,12:45:30 AM,5:58:00 AM,12:04:00 AM,6:02:00 AM,29940
12121,Wanless,2014,8,12:00:00 AM,,,,,8:40:00 PM,1:00:00 AM,9:40:00 PM,12:43:30 AM,1:01:00 AM,1:41:00 AM,1:38:00 AM,1:41:00 AM,1:01:00 AM,12:43:30 AM,6:05:00 AM,12:04:00 AM,6:09:00 AM,30780
12121,Wanless,2014,8,12:00:00 AM,,,,,8:32:00 PM,1:00:00 AM,9:32:00 PM,12:42:30 AM,12:57:30 AM,1:24:30 AM,2:35:00 AM,1:24:30 AM,12:57:30 AM,12:42:30 AM,6:12:00 AM,12:04:00 AM,6:16:00 AM,31680
12121,Wanless,2014,8,12:00:00 AM,,,,,8:24:00 PM,1:00:00 AM,9:24:00 PM,12:41:00 AM,12:55:30 AM,1:14:00 AM,3:18:00 AM,1:14:00 AM,12:55:30 AM,12:41:00 AM,6:19:00 AM,12:04:00 AM,6:23:00 AM,32580
12121,Wanless,2014,8,12:00:00 AM,,,,,8:15:00 PM,1:00:00 AM,9:15:00 PM,12:41:00 AM,12:52:30 AM,1:07:30 AM,3:54:00 AM,1:07:30 AM,12:52:30 AM,12:41:00 AM,6:27:00 AM,12:04:00 AM,6:31:00 AM,33600
12121,Wanless,2014,8,12:00:00 AM,,,,,8:06:00 PM,1:00:00 AM,9:06:00 PM,12:40:00 AM,12:50:30 AM,1:02:30 AM,4:26:00 AM,1:02:30 AM,12:50:30 AM,12:40:00 AM,6:34:00 AM,12:04:00 AM,6:38:00 AM,34560
12011,Washagami Lake,2014,6,12:00:00 AM,,,,,8:09:00 PM,1:00:00 AM,9:09:00 PM,12:38:30 AM,12:51:00 AM,1:08:30 AM,3:11:00 AM,1:08:30 AM,12:51:00 AM,12:38:30 AM,5:33:00 AM,12:04:00 AM,5:36:00 AM,30660
12011,Washagami Lake,2014,6,12:00:00 AM,,,,,8:12:00 PM,1:00:00 AM,9:12:00 PM,12:39:00 AM,12:51:30 AM,1:12:30 AM,2:56:00 AM,1:12:30 AM,12:51:30 AM,12:39:00 AM,5:31:00 AM,12:04:00 AM,5:34:00 AM,30360
12011,Washagami Lake,2014,6,12:00:00 AM,,,,,8:15:00 PM,1:00:00 AM,9:15:00 PM,12:39:00 AM,12:52:30 AM,1:15:00 AM,2:45:00 AM,1:15:00 AM,12:52:30 AM,12:39:00 AM,5:29:00 AM,12:04:00 AM,5:33:00 AM,30120
12011,Washagami Lake,2014,6,12:00:00 AM,,,,,8:17:00 PM,1:00:00 AM,9:17:00 PM,12:39:30 AM,12:53:30 AM,1:17:00 AM,2:35:00 AM,1:17:00 AM,12:53:30 AM,12:39:30 AM,5:29:00 AM,12:04:00 AM,5:32:00 AM,29940
12011,Washagami Lake,2014,6,12:00:00 AM,,,,,8:19:00 PM,1:00:00 AM,9:19:00 PM,12:39:30 AM,12:54:00 AM,1:18:30 AM,2:29:00 AM,1:18:30 AM,12:54:00 AM,12:39:30 AM,5:28:00 AM,12:04:00 AM,5:32:00 AM,29820
12011,Washagami Lake,2014,6,12:00:00 AM,,,,,8:20:00 PM,1:00:00 AM,9:20:00 PM,12:39:30 AM,12:53:30 AM,1:19:00 AM,2:29:00 AM,1:19:00 AM,12:53:30 AM,12:39:30 AM,5:29:00 AM,12:04:00 AM,5:33:00 AM,29820
12011,Washagami Lake,2014,6,12:00:00 AM,,,,,8:21:00 PM,1:00:00 AM,9:21:00 PM,12:39:30 AM,12:53:30 AM,1:18:00 AM,2:31:00 AM,1:18:00 AM,12:53:30 AM,12:39:30 AM,5:31:00 AM,12:04:00 AM,5:34:00 AM,29820
12011,Washagami Lake,2014,6,12:00:00 AM,,,,,8:20:00 PM,1:00:00 AM,9:20:00 PM,12:39:30 AM,12:53:00 AM,1:16:30 AM,2:38:00 AM,1:16:30 AM,12:53:00 AM,12:39:30 AM,5:32:00 AM,12:04:00 AM,5:36:00 AM,30000
12011,Washagami Lake,2014,7,12:00:00 AM,,,,,8:19:00 PM,1:00:00 AM,9:19:00 PM,12:39:00 AM,12:52:30 AM,1:14:30 AM,2:48:00 AM,1:14:30 AM,12:52:30 AM,12:39:00 AM,5:35:00 AM,12:04:00 AM,5:39:00 AM,30240
12011,Washagami Lake,2014,7,12:00:00 AM,,,,,8:18:00 PM,1:00:00 AM,9:18:00 PM,12:39:00 AM,12:51:00 AM,1:11:30 AM,3:01:00 AM,1:11:30 AM,12:51:00 AM,12:39:00 AM,5:38:00 AM,12:04:00 AM,5:42:00 AM,30480
12011,Washagami Lake,2014,7,12:00:00 AM,,,,,8:16:00 PM,1:00:00 AM,9:16:00 PM,12:38:00 AM,12:50:30 AM,1:08:30 AM,3:15:00 AM,1:08:30 AM,12:50:30 AM,12:38:00 AM,5:41:00 AM,12:04:00 AM,5:45:00 AM,30780
12011,Washagami Lake,2014,7,12:00:00 AM,,,,,8:13:00 PM,1:00:00 AM,9:13:00 PM,12:37:30 AM,12:50:00 AM,1:05:00 AM,3:31:00 AM,1:05:00 AM,12:50:00 AM,12:37:30 AM,5:45:00 AM,12:04:00 AM,5:49:00 AM,31200
12011,Washagami Lake,2014,7,12:00:00 AM,,,,,8:10:00 PM,1:00:00 AM,9:10:00 PM,12:37:00 AM,12:48:30 AM,1:02:00 AM,3:48:00 AM,1:02:00 AM,12:48:30 AM,12:37:00 AM,5:49:00 AM,12:04:00 AM,5:53:00 AM,31620
12011,Washagami Lake,2014,7,12:00:00 AM,,,,,8:06:00 PM,1:00:00 AM,9:06:00 PM,12:36:30 AM,12:47:30 AM,12:59:00 AM,4:05:00 AM,12:59:00 AM,12:47:30 AM,12:36:30 AM,5:54:00 AM,12:04:00 AM,5:57:00 AM,32100
12011,Washagami Lake,2014,7,12:00:00 AM,,,,,8:01:00 PM,1:00:00 AM,9:01:00 PM,12:35:30 AM,12:46:30 AM,12:56:00 AM,4:25:00 AM,12:56:00 AM,12:46:30 AM,12:35:30 AM,5:58:00 AM,12:04:00 AM,6:02:00 AM,32700
12011,Washagami Lake,2014,7,12:00:00 AM,,,,,7:56:00 PM,1:00:00 AM,8:56:00 PM,12:35:30 AM,12:45:00 AM,12:53:30 AM,4:43:00 AM,12:53:30 AM,12:45:00 AM,12:35:30 AM,6:03:00 AM,12:04:00 AM,6:07:00 AM,33300
12011,Washagami Lake,2014,8,12:00:00 AM,,,,,7:51:00 PM,1:00:00 AM,8:51:00 PM,12:34:30 AM,12:44:00 AM,12:51:00 AM,5:02:00 AM,12:51:00 AM,12:44:00 AM,12:34:30 AM,6:08:00 AM,12:04:00 AM,6:12:00 AM,33900
12011,Washagami Lake,2014,8,12:00:00 AM,,,,,7:45:00 PM,1:00:00 AM,8:45:00 PM,12:34:00 AM,12:42:30 AM,12:49:00 AM,5:21:00 AM,12:49:00 AM,12:42:30 AM,12:34:00 AM,6:13:00 AM,12:04:00 AM,6:17:00 AM,34560
12011,Washagami Lake,2014,8,12:00:00 AM,,,,,7:39:00 PM,1:00:00 AM,8:39:00 PM,12:33:00 AM,12:42:00 AM,12:47:30 AM,5:38:00 AM,12:47:30 AM,12:42:00 AM,12:33:00 AM,6:18:00 AM,12:04:00 AM,6:22:00 AM,35220
12011,Washagami Lake,2014,8,12:00:00 AM,,,,,7:32:00 PM,1:00:00 AM,8:32:00 PM,12:33:00 AM,12:41:00 AM,12:45:30 AM,5:56:00 AM,12:45:30 AM,12:41:00 AM,12:33:00 AM,6:24:00 AM,12:04:00 AM,6:27:00 AM,35940
12011,Washagami Lake,2014,8,12:00:00 AM,,,,,7:25:00 PM,1:00:00 AM,8:25:00 PM,12:33:00 AM,12:40:00 AM,12:43:30 AM,6:14:00 AM,12:43:30 AM,12:40:00 AM,12:33:00 AM,6:29:00 AM,12:04:00 AM,6:32:00 AM,36660
13482,Washagami Lake,2014,6,12:00:00 AM,,,,,8:09:00 PM,1:00:00 AM,9:09:00 PM,12:38:00 AM,12:51:00 AM,1:09:30 AM,3:10:00 AM,1:09:30 AM,12:51:00 AM,12:38:00 AM,5:32:00 AM,12:04:00 AM,5:36:00 AM,30660
13482,Washagami Lake,2014,6,12:00:00 AM,,,,,8:12:00 PM,1:00:00 AM,9:12:00 PM,12:38:30 AM,12:52:30 AM,1:12:00 AM,2:56:00 AM,1:12:00 AM,12:52:30 AM,12:38:30 AM,5:30:00 AM,12:04:00 AM,5:34:00 AM,30360
13482,Washagami Lake,2014,6,12:00:00 AM,,,,,8:15:00 PM,1:00:00 AM,9:15:00 PM,12:39:00 AM,12:53:00 AM,1:15:00 AM,2:44:00 AM,1:15:00 AM,12:53:00 AM,12:39:00 AM,5:29:00 AM,12:04:00 AM,5:33:00 AM,30120
13482,Washagami Lake,2014,6,12:00:00 AM,,,,,8:17:00 PM,1:00:00 AM,9:17:00 PM,12:39:30 AM,12:53:00 AM,1:17:30 AM,2:35:00 AM,1:17:30 AM,12:53:00 AM,12:39:30 AM,5:28:00 AM,12:04:00 AM,5:32:00 AM,29940
13482,Washagami Lake,2014,6,12:00:00 AM,,,,,8:19:00 PM,1:00:00 AM,9:19:00 PM,12:39:30 AM,12:54:00 AM,1:19:00 AM,2:28:00 AM,1:19:00 AM,12:54:00 AM,12:39:30 AM,5:28:00 AM,12:04:00 AM,5:32:00 AM,29820
13482,Washagami Lake,2014,6,12:00:00 AM,,,,,8:20:00 PM,1:00:00 AM,9:20:00 PM,12:39:30 AM,12:54:00 AM,1:19:00 AM,2:28:00 AM,1:19:00 AM,12:54:00 AM,12:39:30 AM,5:29:00 AM,12:04:00 AM,5:33:00 AM,29820
13482,Washagami Lake,2014,6,12:00:00 AM,,,,,8:21:00 PM,1:00:00 AM,9:21:00 PM,12:39:30 AM,12:54:00 AM,1:18:30 AM,2:29:00 AM,1:18:30 AM,12:54:00 AM,12:39:30 AM,5:30:00 AM,12:04:00 AM,5:34:00 AM,29820
13482,Washagami Lake,2014,6,12:00:00 AM,,,,,8:20:00 PM,1:00:00 AM,9:20:00 PM,12:39:30 AM,12:53:00 AM,1:17:00 AM,2:37:00 AM,1:17:00 AM,12:53:00 AM,12:39:30 AM,5:32:00 AM,12:04:00 AM,5:36:00 AM,30000
13482,Washagami Lake,2014,7,12:00:00 AM,,,,,8:20:00 PM,1:00:00 AM,9:20:00 PM,12:39:00 AM,12:52:30 AM,1:14:30 AM,2:47:00 AM,1:14:30 AM,12:52:30 AM,12:39:00 AM,5:35:00 AM,12:04:00 AM,5:39:00 AM,30180
13482,Washagami Lake,2014,7,12:00:00 AM,,,,,8:18:00 PM,1:00:00 AM,9:18:00 PM,12:39:00 AM,12:52:00 AM,1:11:30 AM,2:58:00 AM,1:11:30 AM,12:52:00 AM,12:39:00 AM,5:38:00 AM,12:04:00 AM,5:41:00 AM,30420
13482,Washagami Lake,2014,7,12:00:00 AM,,,,,8:16:00 PM,1:00:00 AM,9:16:00 PM,12:38:00 AM,12:51:00 AM,1:08:30 AM,3:14:00 AM,1:08:30 AM,12:51:00 AM,12:38:00 AM,5:41:00 AM,12:04:00 AM,5:45:00 AM,30780
13482,Washagami Lake,2014,7,12:00:00 AM,,,,,8:13:00 PM,1:00:00 AM,9:13:00 PM,12:38:00 AM,12:49:30 AM,1:05:00 AM,3:31:00 AM,1:05:00 AM,12:49:30 AM,12:38:00 AM,5:45:00 AM,12:04:00 AM,5:49:00 AM,31200
13482,Washagami Lake,2014,7,12:00:00 AM,,,,,8:10:00 PM,1:00:00 AM,9:10:00 PM,12:37:00 AM,12:48:30 AM,1:02:00 AM,3:48:00 AM,1:02:00 AM,12:48:30 AM,12:37:00 AM,5:49:00 AM,12:04:00 AM,5:53:00 AM,31620
13482,Washagami Lake,2014,7,12:00:00 AM,,,,,8:06:00 PM,1:00:00 AM,9:06:00 PM,12:36:00 AM,12:47:30 AM,12:59:00 AM,4:06:00 AM,12:59:00 AM,12:47:30 AM,12:36:00 AM,5:53:00 AM,12:04:00 AM,5:57:00 AM,32100
13482,Washagami Lake,2014,7,12:00:00 AM,,,,,8:01:00 PM,1:00:00 AM,9:01:00 PM,12:36:00 AM,12:46:30 AM,12:56:00 AM,4:24:00 AM,12:56:00 AM,12:46:30 AM,12:36:00 AM,5:58:00 AM,12:04:00 AM,6:02:00 AM,32700
13482,Washagami Lake,2014,7,12:00:00 AM,,,,,7:56:00 PM,1:00:00 AM,8:56:00 PM,12:35:30 AM,12:45:00 AM,12:54:00 AM,4:41:00 AM,12:54:00 AM,12:45:00 AM,12:35:30 AM,6:03:00 AM,12:04:00 AM,6:06:00 AM,33240
13482,Washagami Lake,2014,8,12:00:00 AM,,,,,7:51:00 PM,1:00:00 AM,8:51:00 PM,12:35:00 AM,12:43:30 AM,12:51:30 AM,5:00:00 AM,12:51:30 AM,12:43:30 AM,12:35:00 AM,6:08:00 AM,12:04:00 AM,6:11:00 AM,33840
13482,Washagami Lake,2014,8,12:00:00 AM,,,,,7:45:00 PM,1:00:00 AM,8:45:00 PM,12:34:00 AM,12:43:00 AM,12:49:30 AM,5:18:00 AM,12:49:30 AM,12:43:00 AM,12:34:00 AM,6:13:00 AM,12:04:00 AM,6:16:00 AM,34500
13482,Washagami Lake,2014,8,12:00:00 AM,,,,,7:39:00 PM,1:00:00 AM,8:39:00 PM,12:33:00 AM,12:42:00 AM,12:47:30 AM,5:38:00 AM,12:47:30 AM,12:42:00 AM,12:33:00 AM,6:18:00 AM,12:04:00 AM,6:22:00 AM,35220
13482,Washagami Lake,2014,8,12:00:00 AM,,,,,7:32:00 PM,1:00:00 AM,8:32:00 PM,12:33:00 AM,12:40:30 AM,12:46:00 AM,5:56:00 AM,12:46:00 AM,12:40:30 AM,12:33:00 AM,6:23:00 AM,12:04:00 AM,6:27:00 AM,35940
13482,Washagami Lake,2014,8,12:00:00 AM,,,,,7:25:00 PM,1:00:00 AM,8:25:00 PM,12:33:00 AM,12:40:00 AM,12:44:00 AM,6:13:00 AM,12:44:00 AM,12:40:00 AM,12:33:00 AM,6:29:00 AM,12:04:00 AM,6:32:00 AM,36660
